CREATE TABLE t1 (i INT) ENGINE=TokuDB;
EXPLAIN INSERT INTO t1 SELECT * FROM t1;
id	select_type	table	type	possible_keys	key	key_len	ref	rows	Extra
1	SIMPLE	t1	ALL	NULL	NULL	NULL	NULL	0	Using temporary
INSERT INTO t1 SELECT * FROM t1;
DROP TABLE t1;
