DROP TABLE IF EXISTS diaries;
CREATE TABLE diaries (
id INT PRIMARY KEY AUTO_INCREMENT,
title TEXT,
body TEXT,
FULLTEXT INDEX title_index (title),
FULLTEXT INDEX body_index (body)
) ENGINE MyISAM DEFAULT CHARSET UTF8;
SHOW CREATE TABLE diaries;
Table	Create Table
diaries	CREATE TABLE `diaries` (
  `id` int(11) NOT NULL AUTO_INCREMENT,
  `title` text DEFAULT NULL,
  `body` text DEFAULT NULL,
  PRIMARY KEY (`id`),
  FULLTEXT KEY `title_index` (`title`),
  FULLTEXT KEY `body_index` (`body`)
) ENGINE=MyISAM DEFAULT CHARSET=utf8
INSERT INTO diaries (title, body) VALUES ("survey", "will start groonga!");
INSERT INTO diaries (title, body) VALUES ("groonga (1)", "starting groonga...");
SELECT * FROM diaries
WHERE MATCH(title) AGAINST("survey" IN BOOLEAN MODE) AND
MATCH(body) AGAINST("groonga" IN BOOLEAN MODE);
id	title	body
1	survey	will start groonga!
ALTER TABLE diaries ENGINE = mroonga COMMENT = 'ENGINE "InnoDB"';
SHOW CREATE TABLE diaries;
Table	Create Table
diaries	CREATE TABLE `diaries` (
  `id` int(11) NOT NULL AUTO_INCREMENT,
  `title` text DEFAULT NULL,
  `body` text DEFAULT NULL,
  PRIMARY KEY (`id`),
  FULLTEXT KEY `title_index` (`title`),
  FULLTEXT KEY `body_index` (`body`)
) ENGINE=Mroonga AUTO_INCREMENT=3 DEFAULT CHARSET=utf8 COMMENT='ENGINE "InnoDB"'
SELECT * FROM diaries
WHERE MATCH(title) AGAINST("survey" IN BOOLEAN MODE) AND
MATCH(body) AGAINST("groonga" IN BOOLEAN MODE);
id	title	body
1	survey	will start groonga!
INSERT INTO diaries (title, body) VALUES ("groonga (2)", "started groonga.");
SELECT * FROM diaries
WHERE MATCH(title) AGAINST("groonga" IN BOOLEAN MODE) AND
MATCH(body) AGAINST("groonga" IN BOOLEAN MODE);
id	title	body
2	groonga (1)	starting groonga...
3	groonga (2)	started groonga.
DROP TABLE diaries;
