DROP TABLE IF EXISTS diaries;
CREATE TABLE diaries (
id INT PRIMARY KEY AUTO_INCREMENT,
title TEXT,
body TEXT,
FULLTEXT INDEX title_index (title),
FULLTEXT INDEX body_index (body)
) COMMENT = 'ENGINE "InnoDB"' DEFAULT CHARSET=UTF8;
SHOW CREATE TABLE diaries;
Table	Create Table
diaries	CREATE TABLE `diaries` (
  `id` int(11) NOT NULL AUTO_INCREMENT,
  `title` text DEFAULT NULL,
  `body` text DEFAULT NULL,
  PRIMARY KEY (`id`),
  FULLTEXT KEY `title_index` (`title`),
  FULLTEXT KEY `body_index` (`body`)
) ENGINE=Mroonga DEFAULT CHARSET=utf8 COMMENT='ENGINE "InnoDB"'
START TRANSACTION;
INSERT INTO diaries (title, body) VALUES ("survey", "will start groonga!");
INSERT INTO diaries (title, body) VALUES ("groonga (1)", "starting groonga...");
INSERT INTO diaries (title, body) VALUES ("groonga (2)", "started groonga.");
SELECT * FROM diaries
WHERE MATCH(body) AGAINST("groonga")
ORDER BY id;
id	title	body
1	survey	will start groonga!
2	groonga (1)	starting groonga...
3	groonga (2)	started groonga.
CONNECT search_connection, localhost, root;
USE test;
SELECT * FROM diaries
WHERE MATCH(body) AGAINST("groonga")
ORDER BY id;
id	title	body
connection default;
COMMIT;
connection search_connection;
SELECT * FROM diaries
WHERE MATCH(body) AGAINST("groonga")
ORDER BY id;
id	title	body
1	survey	will start groonga!
2	groonga (1)	starting groonga...
3	groonga (2)	started groonga.
disconnect search_connection;
connection default;
SELECT * FROM diaries
WHERE MATCH(body) AGAINST("groonga")
ORDER BY id;
id	title	body
1	survey	will start groonga!
2	groonga (1)	starting groonga...
3	groonga (2)	started groonga.
DROP TABLE diaries;
