drop table if exists diaries;
create table diaries (
id int primary key auto_increment,
title text,
body text,
fulltext index title_index (title),
fulltext index body_index (body)
) comment = 'engine "innodb"' default charset utf8;
show create table diaries;
Table	Create Table
diaries	CREATE TABLE `diaries` (
  `id` int(11) NOT NULL AUTO_INCREMENT,
  `title` text DEFAULT NULL,
  `body` text DEFAULT NULL,
  PRIMARY KEY (`id`),
  FULLTEXT KEY `title_index` (`title`),
  FULLTEXT KEY `body_index` (`body`)
) ENGINE=Mroonga DEFAULT CHARSET=utf8 COMMENT='engine "innodb"'
insert into diaries (title, body) values ("survey", "will start groonga!");
insert into diaries (title, body) values ("groonga (1)", "starting groonga...");
insert into diaries (title, body) values ("groonga (2)", "started groonga.");
select * from diaries
where match(title) against("survey") and
match(body) against("groonga");
id	title	body
1	survey	will start groonga!
select *, match(title) against("survey"), match(body) against("groonga")
from diaries
where match(title) against("survey") and
match(body) against("groonga");
id	title	body	match(title) against("survey")	match(body) against("groonga")
1	survey	will start groonga!	1048577	149797
drop table diaries;
