DROP TABLE IF EXISTS diaries;
SET NAMES UTF8;
CREATE TABLE diaries (
id INT PRIMARY KEY,
title VARCHAR(255),
content TEXT,
FULLTEXT INDEX (title),
FULLTEXT INDEX (content)
) DEFAULT CHARSET = UTF8 COMMENT = 'ENGINE "InnoDB"';
INSERT INTO diaries VALUES(1, "富士山", "今日からはじめました。");
INSERT INTO diaries VALUES(2, "天気 １月１日", "明日の富士山の天気について");
INSERT INTO diaries VALUES(3, "天気 ４月４日", "今日も天気がよくてきれいに見える。");
SELECT COUNT(*) FROM diaries WHERE MATCH(title) AGAINST("+天気" IN BOOLEAN MODE) AND MATCH(content) AGAINST("+今日" IN BOOLEAN MODE);
COUNT(*)
1
SELECT * FROM diaries WHERE MATCH(title) AGAINST("+天気" IN BOOLEAN MODE) AND MATCH(content) AGAINST("+今日" IN BOOLEAN MODE);
id	title	content
3	天気 ４月４日	今日も天気がよくてきれいに見える。
SELECT 1 FROM diaries WHERE MATCH(title) AGAINST("+天気" IN BOOLEAN MODE) AND MATCH(content) AGAINST("+今日" IN BOOLEAN MODE);
1
1
DROP TABLE diaries;
