#
# Verify that SET string values and character sets can be printed correctly
#
SET NAMES utf8;
CREATE TABLE t1(
c_set_1 SET("set1_v1_Ã¥", "set1_v2_Ã¤", "set1_v3_Ã¶"),
c_set_2 SET("set2_v1_Ã¥", "set2_v2_Ã¤", "set2_v3_Ã¶") CHARACTER SET ucs2);
SET GLOBAL binlog_row_metadata = MINIMAL;
INSERT INTO t1 VALUES("set1_v1_Ã¥", "set2_v2_Ã¤");
# Columns(SET,
#         SET)
RESET MASTER;
SET GLOBAL binlog_row_metadata = FULL;
INSERT INTO t1 VALUES("set1_v1_Ã¥", "set2_v2_Ã¤");
# Columns(`c_set_1` SET('set1_v1_å','set1_v2_ä','set1_v3_ö') CHARSET latin1 COLLATE latin1_swedish_ci,
#         `c_set_2` SET('\0s\0e\0t\02\0_\0v\01\0_\0å','\0s\0e\0t\02\0_\0v\02\0_\0ä','\0s\0e\0t\02\0_\0v\03\0_\0ö') CHARSET ucs2 COLLATE ucs2_general_ci)
INSERT INTO t1 VALUES("set1_v3_Ã¶", "set2_v3_Ã¶");
INSERT INTO t1 VALUES("set1_v1_Ã¥", "set2_v1_Ã¥");
SELECT c_set_1, HEX(c_set_1) FROM t1;
c_set_1	HEX(c_set_1)
set1_v1_Ã¥	736574315F76315FE5
set1_v1_Ã¥	736574315F76315FE5
set1_v3_Ã¶	736574315F76335FF6
set1_v1_Ã¥	736574315F76315FE5
SELECT c_set_2, HEX(c_set_2) FROM t1;
c_set_2	HEX(c_set_2)
set2_v2_Ã¤	0073006500740032005F00760032005F00E4
set2_v2_Ã¤	0073006500740032005F00760032005F00E4
set2_v3_Ã¶	0073006500740032005F00760033005F00F6
set2_v1_Ã¥	0073006500740032005F00760031005F00E5
DROP TABLE t1;
RESET MASTER;
#
# Verify that ENUM string values and character sets can be printed correctly
#
CREATE TABLE t1(
c_enum_1 ENUM("enum1_v1_Ã¥", "enum1_v2_Ã¤", "enum1_v3_Ã¶"),
c_enum_2 ENUM("enum2_v1_Ã¥", "enum2_v2_Ã¤", "enum2_v3_Ã¶") CHARACTER SET ucs2);
SET GLOBAL binlog_row_metadata = MINIMAL;
INSERT INTO t1 VALUES("enum1_v1_Ã¥", "enum2_v2_Ã¤");
# Columns(ENUM,
#         ENUM)
RESET MASTER;
SET GLOBAL binlog_row_metadata = FULL;
INSERT INTO t1 VALUES("enum1_v1_Ã¥", "enum2_v2_Ã¤");
# Columns(`c_enum_1` ENUM('enum1_v1_å','enum1_v2_ä','enum1_v3_ö') CHARSET latin1 COLLATE latin1_swedish_ci,
#         `c_enum_2` ENUM('\0e\0n\0u\0m\02\0_\0v\01\0_\0å','\0e\0n\0u\0m\02\0_\0v\02\0_\0ä','\0e\0n\0u\0m\02\0_\0v\03\0_\0ö') CHARSET ucs2 COLLATE ucs2_general_ci)
INSERT INTO t1 VALUES("enum1_v3_Ã¶", "enum2_v3_Ã¶");
INSERT INTO t1 VALUES("enum1_v1_Ã¥", "enum2_v1_Ã¥");
SELECT c_enum_1, HEX(c_enum_1) FROM t1;
c_enum_1	HEX(c_enum_1)
enum1_v1_Ã¥	656E756D315F76315FE5
enum1_v1_Ã¥	656E756D315F76315FE5
enum1_v3_Ã¶	656E756D315F76335FF6
enum1_v1_Ã¥	656E756D315F76315FE5
SELECT c_enum_2, HEX(c_enum_2) FROM t1;
c_enum_2	HEX(c_enum_2)
enum2_v2_Ã¤	0065006E0075006D0032005F00760032005F00E4
enum2_v2_Ã¤	0065006E0075006D0032005F00760032005F00E4
enum2_v3_Ã¶	0065006E0075006D0032005F00760033005F00F6
enum2_v1_Ã¥	0065006E0075006D0032005F00760031005F00E5
DROP TABLE t1;
RESET MASTER;
SET GLOBAL binlog_row_metadata = NO_LOG;
