#
# Urdu (Pakistan) TO_DATE  test
#
SET lc_time_names='ur_PK';
SET NAMES utf8mb4;
SELECT TO_DATE('15 جنوری 2024', 'DD MONTH YYYY', 'NLS_DATE_LANGUAGE=URDU') AS jan;
jan
2024-01-15 00:00:00
SELECT TO_DATE('15 فروری 2024', 'DD MONTH YYYY', 'NLS_DATE_LANGUAGE=URDU') AS feb;
feb
2024-02-15 00:00:00
SELECT TO_DATE('15 مارچ 2024', 'DD MONTH YYYY', 'NLS_DATE_LANGUAGE=URDU') AS mar;
mar
2024-03-15 00:00:00
SELECT TO_DATE('15 اپریل 2024', 'DD MONTH YYYY', 'NLS_DATE_LANGUAGE=URDU') AS apr;
apr
2024-04-15 00:00:00
SELECT TO_DATE('15 مئی 2024', 'DD MONTH YYYY', 'NLS_DATE_LANGUAGE=URDU') AS may;
may
2024-05-15 00:00:00
SELECT TO_DATE('15 جون 2024', 'DD MONTH YYYY', 'NLS_DATE_LANGUAGE=URDU') AS jun;
jun
2024-06-15 00:00:00
SELECT TO_DATE('15 جولائی 2024', 'DD MONTH YYYY', 'NLS_DATE_LANGUAGE=URDU') AS jul;
jul
2024-07-15 00:00:00
SELECT TO_DATE('15 اگست 2024', 'DD MONTH YYYY', 'NLS_DATE_LANGUAGE=URDU') AS aug;
aug
2024-08-15 00:00:00
SELECT TO_DATE('15 ستمبر 2024', 'DD MONTH YYYY', 'NLS_DATE_LANGUAGE=URDU') AS sep;
sep
2024-09-15 00:00:00
SELECT TO_DATE('15 اکتوبر 2024', 'DD MONTH YYYY', 'NLS_DATE_LANGUAGE=URDU') AS oct;
oct
2024-10-15 00:00:00
SELECT TO_DATE('15 نومبر 2024', 'DD MONTH YYYY', 'NLS_DATE_LANGUAGE=URDU') AS nov;
nov
2024-11-15 00:00:00
SELECT TO_DATE('15 دسمبر 2024', 'DD MONTH YYYY', 'NLS_DATE_LANGUAGE=URDU') AS `dec`;
dec
2024-12-15 00:00:00
# Testing Monday (پیر)    date: 2026-02-09
SELECT TO_DATE('09-02-2026 پیر', 'DD-MM-YYYY DAY', 'NLS_DATE_LANGUAGE=URDU') AS mon;
mon
2026-02-09 00:00:00
# Testing Tuesday (منگل)   date: 2026-02-10
SELECT TO_DATE('10-02-2026 منگل', 'DD-MM-YYYY DAY', 'NLS_DATE_LANGUAGE=URDU') AS tue;
tue
2026-02-10 00:00:00
# Testing Wednesday (بدھ)    date: 2026-02-11
SELECT TO_DATE('11-02-2026 بدھ', 'DD-MM-YYYY DAY', 'NLS_DATE_LANGUAGE=URDU') AS wed;
wed
2026-02-11 00:00:00
# Testing Thursday (جمعرات)  date: 2026-02-12
SELECT TO_DATE('12-02-2026 جمعرات', 'DD-MM-YYYY DAY', 'NLS_DATE_LANGUAGE=URDU') AS thu;
thu
2026-02-12 00:00:00
# Testing Friday (جمعہ)   date: 2026-02-13
SELECT TO_DATE('13-02-2026 جمعہ', 'DD-MM-YYYY DAY', 'NLS_DATE_LANGUAGE=URDU') AS fri;
fri
2026-02-13 00:00:00
# Testing Saturday (ہفتہ)   date: 2026-02-14
SELECT TO_DATE('14-02-2026 ہفتہ', 'DD-MM-YYYY DAY', 'NLS_DATE_LANGUAGE=URDU') AS sat;
sat
2026-02-14 00:00:00
# Testing Sunday (اتوار)   date: 2026-02-15
SELECT TO_DATE('15-02-2026 اتوار', 'DD-MM-YYYY DAY', 'NLS_DATE_LANGUAGE=URDU') AS sun;
sun
2026-02-15 00:00:00
# --- test hexa for days ---
# --- test hexa for months ---
# Success: All Passes
