SET time_zone=_latin1'+03:00';
SET timestamp=1100000000;
SELECT NOW();
NOW()
2004-11-09 14:33:20
SELECT TO_DATE('2025/10/26', 'YYYY/MM/DD') AS result;
result
2025-10-26
SELECT TO_DATE('26-OCT-25', 'DD-MON-RR') AS result;
result
2025-10-26
SELECT TO_DATE('October 26, 2025', 'MONTH DD, YYYY') AS result;
result
2025-10-26
# Two-Digit Year (RR)
SELECT TO_DATE('26-OCT-60', 'DD-MON-RR') AS result;
result
1960-10-26
SELECT TO_DATE('26-OCT-25', 'DD-MON-RR') AS result;
result
2025-10-26
# Day of Year (DDD)
SELECT TO_DATE('2025-300', 'YYYY-DDD') AS result;
result
2025-10-27
# Time Formats (HH24, MI, SS)
SELECT TO_DATE('14:30:25', 'HH24:MI:SS') AS result;
result
2004-11-09 14:30:25
SELECT TO_DATE('08:30:25', 'HH:MI:SS') AS result;
result
2004-11-09 08:30:25
SELECT TO_DATE('08:30:25 PM', 'HH:MI:SS AM') AS result;
result
2004-11-09 20:30:25
# Day of Week (DAY, DY). Uses current day
SELECT TO_DATE('Tuesday', 'DAY') AS result;
result
2004-11-09
SELECT TO_DATE('26-OCT-25 Sunday', 'DD-MON-YY DAY') AS result;
result
2025-10-26
# Month of Year (MONTH, MON)
SELECT TO_DATE('October', 'MONTH') AS result;
result
2004-10-09
SELECT TO_DATE('Oct', 'MON') AS result;
result
2004-10-09
# Fractional Seconds (FF)
SELECT TO_DATE('2025-10-26 10:30:25.123456', 'YYYY-MM-DD HH:MI:SS.FF') AS result
;
result
2025-10-26 10:30:25.123456
SELECT TO_DATE('2025-10-26 10:30:25.123456', 'YYYY-MM-DD HH:MI:SS.FF6') AS result;
result
2025-10-26 10:30:25.123456
SELECT TO_DATE('2025-10-26 10:30:25.123', 'YYYY-MM-DD HH:MI:SS.FF') AS result;
result
2025-10-26 10:30:25.123000
SELECT TO_DATE('2025-10-26 10:30:25.12', 'YYYY-MM-DD HH:MI:SS.FF2') AS result;
result
2025-10-26 10:30:25.120000
SELECT TO_DATE('2025-10-26 10:30:25.129', 'YYYY-MM-DD HH:MI:SS.FF2') AS result;
result
2025-10-26 10:30:25.120000
Warnings:
Warning	1292	Truncated incorrect datetime value: '2025-10-26 10:30:25.129'
SELECT TO_DATE('2025-10-26 10:30:123:34', 'YYYY-MM-DD HH:MI:FF3:SS') AS result;
result
2025-10-26 10:30:34.123000
#AD
SELECT TO_DATE('26-10-1000 AD', 'DD-MM-YYYY AD') AS result;
result
1000-10-26
NULL
SELECT TO_DATE(NULL, 'YYYY-MM-DD') AS result;
result
NULL
#
# Fuzzy string

SELECT TO_DATE('0207','MM/YY');
TO_DATE('0207','MM/YY')
2007-02-09
SELECT TO_DATE('02#07','MM/YY');
TO_DATE('02#07','MM/YY')
2007-02-09
# Tab and space
SELECT TO_DATE('25	05 3','YY MM DD');
TO_DATE('25	05 3','YY MM DD')
2025-05-03
# Quotes
select TO_DATE('2023-01-02 hello 03:04:05', 'YYYY-MM-DD "hello" HH24:MI:SS');
TO_DATE('2023-01-02 hello 03:04:05', 'YYYY-MM-DD "hello" HH24:MI:SS')
2023-01-02 03:04:05
select TO_DATE('2023-01-02 hello 03:04:05', 'YYYY-MM-DD HH24:MI:SS');
TO_DATE('2023-01-02 hello 03:04:05', 'YYYY-MM-DD HH24:MI:SS')
NULL
Warnings:
Warning	1411	Incorrect datetime value: '2023-01-02 hello 03:04:05' for function str_to_date
select TO_DATE('2023-01-02 03:04:05', 'YYYY-MM-DD "hello" HH24:MI:SS');
TO_DATE('2023-01-02 03:04:05', 'YYYY-MM-DD "hello" HH24:MI:SS')
2023-01-02 03:04:05
select TO_DATE('2023-01-02 "03:04:05"', 'YYYY-MM-DD """"HH24:MI:SS""""');
TO_DATE('2023-01-02 "03:04:05"', 'YYYY-MM-DD """"HH24:MI:SS""""')
NULL
Warnings:
Warning	1411	Incorrect datetime value: '2023-01-02 "03:04:05"' for function str_to_date
select TO_DATE('2023-01-02 hello 03:04:05', 'YYYY-MM-DD hello HH24:MI:SS');
ERROR HY000: Invalid argument error: date format not recognized at hello HH in function to_date.
#
# Error Handling (Invalid/not supported formats)

SELECT TO_DATE('Not a date', 'YYYY-MM-DD') AS result;
result
NULL
Warnings:
Warning	1411	Incorrect datetime value: 'Not a date' for function str_to_date
SELECT TO_DATE('2025-02-30', 'YYYY-MM-DD') AS result;
result
NULL
Warnings:
Warning	1411	Incorrect datetime value: '2025-02-30' for function str_to_date
SELECT TO_DATE('26-10-1000 BC', 'DD-MM-YYYY BC') AS result;
result
NULL
Warnings:
Warning	1411	Incorrect datetime value: '26-10-1000 BC' for function str_to_date
SELECT TO_DATE('Monday', 'DAY') AS result;
result
NULL
Warnings:
Warning	1411	Incorrect datetime value: 'Monday' for function str_to_date
SET timestamp=unix_timestamp("2025-01-31");
SELECT TO_DATE('January', 'MONTH') AS result;
result
2025-01-31
SELECT TO_DATE('February', 'MONTH') AS result;
result
NULL
Warnings:
Warning	1411	Incorrect datetime value: 'February' for function str_to_date
SELECT TO_DATE('2025-10-26 10:30:25.123456', 'YYYY-MM-DD HH:MI:SS.FF0') AS result;
ERROR HY000: Invalid argument error: date format not recognized at 0 in function to_date.
SELECT TO_DATE('2025-10-26 26', 'YYYY-MM-DD DD') AS result;
ERROR HY000: Invalid argument error: date format not recognized at DD in function to_date.
#
# Default handling
#
SELECT TO_DATE(NULL DEFAULT '2024-01-02' ON CONVERSION ERROR, 'YYYY-MM-DD') AS result;
result
2024-01-02
SELECT TO_DATE('not a date' DEFAULT '2024-01-02' ON CONVERSION ERROR, 'YYYY-MM-DD') AS result;
result
2024-01-02
SELECT TO_DATE('2025' DEFAULT NULL ON CONVERSION ERROR, 'YYYY-MM-DD') AS result;
result
NULL
SELECT TO_DATE('2025-13-02' DEFAULT '2025-12-02' ON CONVERSION ERROR, 'YYYY-MM-DD') AS result;
result
2025-12-02
SELECT TO_DATE('2025-13-02' DEFAULT '2025-14-02' ON CONVERSION ERROR, 'YYYY-MM-DD') AS result;
result
NULL
Warnings:
Warning	1411	Incorrect datetime value: '2025-14-02' for function str_to_date
