SELECT WITHIN(POINT(1,1), POINT(1,1));
WITHIN(POINT(1,1), POINT(1,1))
1
SELECT WITHIN(POINT(1,1), POINT(0,0));
WITHIN(POINT(1,1), POINT(0,0))
0
