####################################
# SETUP
####################################
CREATE DATABASE statements_digest;
USE statements_digest;
CREATE TABLE t1(a int);
CREATE TABLE t2(a int);
CREATE TABLE t3(a int, b int);
CREATE TABLE t4(a int, b int);
CREATE TABLE t5(a int, b int, c int);
CREATE TABLE t6(a int, b int, c int, d int);
CREATE TABLE t11 (c CHAR(4));
CREATE TABLE t12 (c CHAR(4));
SELECT * FROM performance_schema.setup_consumers;
NAME	ENABLED
events_stages_current	YES
events_stages_history	YES
events_stages_history_long	YES
events_statements_current	NO
events_statements_history	YES
events_statements_history_long	YES
events_waits_current	YES
events_waits_history	YES
events_waits_history_long	YES
global_instrumentation	YES
thread_instrumentation	YES
statements_digest	YES
TRUNCATE TABLE performance_schema.events_statements_summary_by_digest;
####################################
# EXECUTION
####################################
SELECT 1 FROM t1;
1
SELECT 1 FROM `t1`;
1
SELECT 1,2 FROM t1;
1	2
SELECT 1, 2, 3, 4 FROM t1;
1	2	3	4
SELECT 1 FROM t2;
1
SELECT 1,2 FROM t2;
1	2
SELECT 1, 2, 3, 4 FROM t2;
1	2	3	4
INSERT INTO t1 VALUES (1);
INSERT INTO t2 VALUES (1);
INSERT INTO t3 VALUES (1, 2);
INSERT INTO t4 VALUES (1, 2);
INSERT INTO t5 VALUES (1, 2, 3);
INSERT INTO t1 VALUES (1), (2), (3);
INSERT INTO t1 VALUES (1), (2), (3), (4);
INSERT INTO t3 VALUES (1, 2), (3, 4), (5, 6);
INSERT INTO t5 VALUES (1, 2, 3), (4, 5, 6), (7, 8, 9);
INSERT INTO t1 VALUES (NULL);
INSERT INTO t3 VALUES (NULL,NULL);
INSERT INTO t3 VALUES (1,NULL);
INSERT INTO t3 VALUES (NULL,1);
INSERT INTO t6 VALUES (NULL, NULL, NULL, NULL);
INSERT INTO t6 VALUES (1, NULL, NULL, NULL);
INSERT INTO t6 VALUES (NULL, 2, NULL, NULL);
INSERT INTO t6 VALUES (1, 2, 3, NULL);
INSERT INTO t6 VALUES (1, 2, NULL, 4);
SELECT                                          1           +        1;
1           +        1
2
SELECT 1;
1
1
SELECT 1 /* This is an inline comment */ + 1;
1 /* This is an inline comment */ + 1
2
SELECT 1+
/*
this is a
multiple-line comment
*/
1;
1+
/*
this is a
multiple-line comment
*/
1
2
CREATE SCHEMA statements_digest_temp;
DROP SCHEMA statements_digest_temp;
CREATE DATABASE statements_digest_temp;
DROP DATABASE statements_digest_temp;
SELECT 1 FROM no_such_table;
ERROR 42S02: Table 'statements_digest.no_such_table' doesn't exist
CREATE TABLE dup_table (c char(4));
CREATE TABLE dup_table (c char(4));
ERROR 42S01: Table 'dup_table' already exists
DROP TABLE dup_table;
INSERT INTO t11 VALUES("MySQL");
Warnings:
Warning	1265	Data truncated for column 'c' at row 1
PREPARE stmt FROM "SELECT * FROM t12";
EXECUTE stmt;
c
EXECUTE stmt;
c
DEALLOCATE PREPARE stmt;
CREATE PROCEDURE p1() BEGIN SELECT * FROM t12; END//
CALL p1();
c
CALL p1();
c
DROP PROCEDURE p1;
CREATE FUNCTION `func`(a INT, b INT) RETURNS int(11) RETURN a+b //
select func(3,4);
func(3,4)
7
select func(13,42);
func(13,42)
55
DROP FUNCTION func;
CREATE TRIGGER trg BEFORE INSERT ON t12 FOR EACH ROW SET @a:=1;
INSERT INTO t12 VALUES ("abc");
INSERT INTO t12 VALUES ("def");
DROP TRIGGER trg;
####################################
# QUERYING PS STATEMENT DIGEST
####################################
<<<<<<< HEAD
SELECT schema_name,digest_text, count_star FROM performance_schema.events_statements_summary_by_digest;
schema_name	digest_text	count_star
statements_digest	TRUNCATE TABLE performance_schema . events_statements_summary_by_digest 	1
statements_digest	SELECT ? FROM t1 	1
statements_digest	SELECT ? FROM `t1` 	1
statements_digest	SELECT ?, ... FROM t1 	2
statements_digest	SELECT ? FROM t2 	1
statements_digest	SELECT ?, ... FROM t2 	2
statements_digest	INSERT INTO t1 VALUES (?) 	1
statements_digest	INSERT INTO t2 VALUES (?) 	1
statements_digest	INSERT INTO t3 VALUES (...) 	4
statements_digest	INSERT INTO t4 VALUES (...) 	1
statements_digest	INSERT INTO t5 VALUES (...) 	1
statements_digest	INSERT INTO t1 VALUES (?) /* , ... */ 	2
statements_digest	INSERT INTO t3 VALUES (...) /* , ... */ 	1
statements_digest	INSERT INTO t5 VALUES (...) /* , ... */ 	1
statements_digest	INSERT INTO t1 VALUES ( NULL ) 	1
statements_digest	INSERT INTO t6 VALUES (...) 	5
statements_digest	SELECT ? + ? 	3
statements_digest	SELECT ? 	1
statements_digest	CREATE SCHEMA statements_digest_temp 	2
statements_digest	DROP SCHEMA statements_digest_temp 	2
statements_digest	SELECT ? FROM no_such_table 	1
statements_digest	CREATE TABLE dup_table ( c CHARACTER (?) ) 	2
statements_digest	DROP TABLE dup_table 	1
statements_digest	INSERT INTO t11 VALUES (?) 	1
statements_digest	SHOW WARNINGS 	1
statements_digest	PREPARE stmt FROM ? 	1
statements_digest	EXECUTE stmt 	2
statements_digest	DEALLOCATE PREPARE stmt 	1
statements_digest	CREATE PROCEDURE p1 ( ) BEGIN SELECT * FROM t12 ; END 	1
statements_digest	CALL p1 ( ) 	2
statements_digest	DROP PROCEDURE p1 	1
statements_digest	CREATE FUNCTION `func` ( a INTEGER , b INTEGER ) RETURNS INTEGER (?) RETURN a + b 	1
statements_digest	SELECT func (...) 	2
statements_digest	DROP FUNCTION func 	1
statements_digest	CREATE TRIGGER trg BEFORE INSERT ON t12 FOR EACH ROW SET @ ? := ? 	1
statements_digest	INSERT INTO t12 VALUES (?) 	2
statements_digest	DROP TRIGGER trg 	1
SELECT digest_text FROM performance_schema.events_statements_current;
digest_text
=======
SELECT schema_name, digest, digest_text, count_star FROM performance_schema.events_statements_summary_by_digest;
schema_name	digest	digest_text	count_star
statements_digest	a88df6e3c0760efe1288e012e305ac1b	TRUNCATE TABLE performance_schema . events_statements_summary_by_digest 	1
statements_digest	6f98e578d7e016b83095e3ba47ee06a3	SELECT ? FROM t1 	1
statements_digest	063d94a747f3086a8f52bef0ac0d95e6	SELECT ? FROM `t1` 	1
statements_digest	d981dbd1425e8f7a7ce9b11ee9b540a9	SELECT ?, ... FROM t1 	2
statements_digest	e3836f41d25ef0f12d2bfead9f9e4ba5	SELECT ? FROM t2 	1
statements_digest	21c9de801f0e325050fd2adaf1dc1c82	SELECT ?, ... FROM t2 	2
statements_digest	6c1b5c47bc04239226083501685023e0	INSERT INTO t1 VALUES (?) 	1
statements_digest	ced094851312b62e161ca6c52a93f253	INSERT INTO t2 VALUES (?) 	1
statements_digest	523ba7a5e63133c3cf2d6117597d18a7	INSERT INTO t3 VALUES (...) 	4
statements_digest	6192356916c06a3d9eacdfc909ceb15a	INSERT INTO t4 VALUES (...) 	1
statements_digest	794e70704f84d695e2668d59ecb68961	INSERT INTO t5 VALUES (...) 	1
statements_digest	d8daf9229bf069b2c2c83878d92ef9b5	INSERT INTO t1 VALUES (?) /* , ... */ 	2
statements_digest	4d4e8facaea256c03b12e25e561102c1	INSERT INTO t3 VALUES (...) /* , ... */ 	1
statements_digest	b025e1fa9324e8d9655dddbcaf9942f4	INSERT INTO t5 VALUES (...) /* , ... */ 	1
statements_digest	5dc73ac163595ff36a944dd8aa602b48	INSERT INTO t1 VALUES ( NULL ) 	1
statements_digest	80040c738fbfc2bcf9b5ef31de57f5bf	INSERT INTO t6 VALUES (...) 	5
statements_digest	aeb185ab9b6e9d5a49e47c8741b8acdf	SELECT ? + ? 	3
statements_digest	d3804664eeee11407f3fcbd5c29a1f73	SELECT ? 	1
statements_digest	d2faa94bba9e4af44cd60fc19e56550d	CREATE SCHEMA statements_digest_temp 	2
statements_digest	a43855a07cae52569ef7c23e74d6af53	DROP SCHEMA statements_digest_temp 	2
statements_digest	2c73cd7777d8d43791b501798342cde8	SELECT ? FROM no_such_table 	1
statements_digest	f0eef43d84476d38fd70604bfb63a26b	CREATE TABLE dup_table ( c CHARACTER (?) ) 	2
statements_digest	e6a2f4869cfc84d0dd108eb8faa4d42b	DROP TABLE dup_table 	1
statements_digest	4e12863e0b8eacace4f84a0d6ac05c88	INSERT INTO t11 VALUES (?) 	1
statements_digest	d3eda26b379bd56340ce84fe395dfff7	SHOW WARNINGS 	1
statements_digest	dae9ba207d784b1eca3ab3ffb65ec30e	PREPARE stmt FROM ? 	1
statements_digest	a44f4b7d63039640a75344e008b73c9b	EXECUTE stmt 	2
statements_digest	36f2dd152298707b7e95ba425737d2cc	DEALLOCATE PREPARE stmt 	1
statements_digest	ebbf2166ce31a1ba4f82798c6cab1beb	CREATE PROCEDURE p1 ( ) BEGIN SELECT * FROM t12 ; END 	1
statements_digest	065c14e52c473d62ef7153e689cb41da	CALL p1 ( ) 	2
statements_digest	5f3f9f3b85dbfc4802edbd55449a64b7	DROP PROCEDURE p1 	1
statements_digest	456a6abc6e28fd9f0f731dc98cfaf419	CREATE FUNCTION `func` ( a INTEGER , b INTEGER ) RETURNS INTEGER (?) RETURN a + b 	1
statements_digest	a6fa9d3f94ed15f5a626da33430b7c95	SELECT func (...) 	2
statements_digest	2bf3c4751ac825d34be28280f80bda97	DROP FUNCTION func 	1
statements_digest	a30279da2544f743746bfe467b9cc50b	CREATE TRIGGER trg BEFORE INSERT ON t12 FOR EACH ROW SET @ ? := ? 	1
statements_digest	a347955b86e599d7e0c4a4e3b2282fa2	INSERT INTO t12 VALUES (?) 	2
statements_digest	eb2873245de755d3d93312c48b850e7f	DROP TRIGGER trg 	1
SELECT digest, digest_text FROM performance_schema.events_statements_current;
digest	digest_text
>>>>>>> MDEV-5317 Compound statement / anonymous blocks
####################################
# CLEANUP
####################################
DROP TABLE IF EXISTS t1;
DROP TABLE IF EXISTS t2;
DROP TABLE IF EXISTS t3;
DROP TABLE IF EXISTS t4;
DROP TABLE IF EXISTS t5;
DROP TABLE IF EXISTS t6;
DROP TABLE IF EXISTS t11;
DROP TABLE IF EXISTS t12;
DROP DATABASE IF EXISTS statements_digest;
