for master_1
for child2
child2_1
child2_2
child2_3
for child3
for slave1_1
connection slave1_1;
connection master_1;
set @old_binlog_format= @@binlog_format;
set session binlog_format= 'ROW';

drop and create databases
connection master_1;
CREATE DATABASE auto_test_local;
USE auto_test_local;
connection slave1_1;
CREATE DATABASE auto_test_local;
USE auto_test_local;
connection child2_1;
SET @old_log_output = @@global.log_output;
SET GLOBAL log_output = 'TABLE,FILE';
CREATE DATABASE auto_test_remote;
USE auto_test_remote;

create table and insert
connection child2_1;
CHILD2_1_CREATE_TABLES
TRUNCATE TABLE mysql.general_log;
connection master_1;
connection slave1_1;
connection master_1;
SET SESSION sql_log_bin= 0;
CREATE TABLE tbl_a (
pkey int NOT NULL,
f float DEFAULT NULL,
PRIMARY KEY (pkey)
) MASTER_1_ENGINE2 MASTER_1_CHARSET MASTER_1_COMMENT_2_1
SET SESSION sql_log_bin= 1;
connection slave1_1;
CREATE TABLE tbl_a (
pkey int NOT NULL,
f float DEFAULT NULL,
PRIMARY KEY (pkey)
) MASTER_1_ENGINE MASTER_1_CHARSET MASTER_1_COMMENT_2_1
connection master_1;
INSERT INTO tbl_a (pkey, f) VALUES (0,NULL);
INSERT INTO tbl_a (pkey, f) VALUES (1,0.671437);
DELETE FROM tbl_a WHERE pkey = 0;
DELETE FROM tbl_a WHERE pkey = 1;
connection slave1_1;
connection master_1;
SET SESSION sql_log_bin= 0;
connection child2_1;
SELECT argument FROM mysql.general_log WHERE argument LIKE '%delete %';
argument
delete from `auto_test_remote`.`tbl_a` where `pkey` = 0 and `f` is null limit 1
delete from `auto_test_remote`.`tbl_a` where `pkey` = 1 and `f` = cast(0.671437 as float) limit 1
SELECT argument FROM mysql.general_log WHERE argument LIKE '%delete %'
SELECT pkey, f FROM tbl_a ORDER BY pkey;
pkey	f
connection slave1_1;
SELECT pkey, f FROM tbl_a ORDER BY pkey;
pkey	f

deinit
connection master_1;
DROP DATABASE IF EXISTS auto_test_local;
connection slave1_1;
DROP DATABASE IF EXISTS auto_test_local;
connection child2_1;
DROP DATABASE IF EXISTS auto_test_remote;
SET GLOBAL log_output = @old_log_output;
connection master_1;
set session binlog_format= @old_binlog_format;
connection slave1_1;
for slave1_1
for master_1
for child2
child2_1
child2_2
child2_3
for child3

end of test
