for master_1
for child2
child2_1
child2_2
child2_3
for child3
connection master_1;
set @old_spider_direct_dup_insert= @@spider_direct_dup_insert;
set session spider_direct_dup_insert= 1;

this test is for MDEV-16399

drop and create databases
connection master_1;
CREATE DATABASE auto_test_local;
USE auto_test_local;
connection child2_1;
SET @old_log_output = @@global.log_output;
SET GLOBAL log_output = 'TABLE,FILE';
CREATE DATABASE auto_test_remote;
USE auto_test_remote;

create table and insert
connection child2_1;
CHILD2_1_CREATE_TABLES
CHILD2_1_CREATE_TABLES2
TRUNCATE TABLE mysql.general_log;
connection master_1;
CREATE TABLE tbl_a (
skey int NOT NULL,
dt date NOT NULL,
tm time NOT NULL,
KEY idx1 (skey,dt,tm)
) MASTER_1_ENGINE MASTER_1_CHARSET MASTER_1_COMMENT_2_1
CREATE TABLE tbl_b (
pkey int NOT NULL,
dt datetime NOT NULL,
PRIMARY KEY (pkey),
KEY idx1 (dt)
) MASTER_1_ENGINE MASTER_1_CHARSET MASTER_1_COMMENT_2_1_2
INSERT INTO tbl_a (skey, dt, tm) VALUES (0, '2012-01-01', '12:00:00'),(1, '2012-02-01', '12:00:00'),(2, '2012-03-01', '12:00:00'),(3, '2012-04-01', '12:00:00'),(4, '2012-05-01', '12:00:00'),(5, '2012-06-01', '12:00:00'),(6, '2012-07-01', '12:00:00'),(7, '2012-08-01', '12:00:00'),(8, '2012-09-01', '12:00:00'),(9, '2012-10-01', '12:00:00');
INSERT INTO tbl_a (skey, dt, tm) VALUES (0, '2013-01-01', '13:00:00'),(1, '2013-02-01', '13:00:00'),(2, '2013-03-01', '13:00:00'),(3, '2013-04-01', '13:00:00'),(4, '2013-05-01', '13:00:00'),(5, '2013-06-01', '13:00:00'),(6, '2013-07-01', '13:00:00'),(7, '2013-08-01', '13:00:00'),(8, '2013-09-01', '13:00:00'),(9, '2013-10-01', '13:00:00');
INSERT INTO tbl_a (skey, dt, tm) VALUES (0, '2012-11-01', '11:00:00'),(1, '2012-12-01', '11:00:00'),(2, '2012-11-30', '11:00:00'),(3, '2012-11-29', '11:00:00'),(4, '2012-11-28', '11:00:00'),(5, '2012-11-27', '11:00:00'),(6, '2012-11-26', '11:00:00'),(7, '2012-11-25', '11:00:00'),(8, '2012-11-24', '11:00:00'),(9, '2012-11-23', '11:00:00');
FLUSH TABLES;

select test 1
connection child2_1;
TRUNCATE TABLE mysql.general_log;
connection master_1;
INSERT IGNORE INTO tbl_b (SELECT skey, CAST(CONCAT(dt, ' ', tm) AS datetime) FROM tbl_a WHERE skey = 4 AND dt > DATE_ADD('2012-12-01', INTERVAL -10 DAY));
INSERT IGNORE INTO tbl_b (SELECT skey, CAST(CONCAT(dt, ' ', tm) AS datetime) FROM tbl_a WHERE skey = 3 AND dt > DATE_ADD('2012-12-01', INTERVAL -10 DAY));
INSERT IGNORE INTO tbl_b (SELECT skey, CAST(CONCAT(dt, ' ', tm) AS datetime) FROM tbl_a WHERE skey = 2 AND dt > DATE_ADD('2012-12-01', INTERVAL -10 DAY));
INSERT IGNORE INTO tbl_b (SELECT skey, CAST(CONCAT(dt, ' ', tm) AS datetime) FROM tbl_a WHERE skey = 1 AND dt > DATE_ADD('2012-12-01', INTERVAL -10 DAY));
INSERT IGNORE INTO tbl_b (SELECT skey, CAST(CONCAT(dt, ' ', tm) AS datetime) FROM tbl_a WHERE skey = 0 AND dt > DATE_ADD('2012-12-01', INTERVAL -10 DAY));
INSERT IGNORE INTO tbl_b (SELECT skey, CAST(CONCAT(dt, ' ', tm) AS datetime) FROM tbl_a WHERE skey = 9 AND dt > DATE_ADD('2012-12-01', INTERVAL -10 DAY));
INSERT IGNORE INTO tbl_b (SELECT skey, CAST(CONCAT(dt, ' ', tm) AS datetime) FROM tbl_a WHERE skey = 8 AND dt > DATE_ADD('2012-12-01', INTERVAL -10 DAY));
INSERT IGNORE INTO tbl_b (SELECT skey, CAST(CONCAT(dt, ' ', tm) AS datetime) FROM tbl_a WHERE skey = 7 AND dt > DATE_ADD('2012-12-01', INTERVAL -10 DAY));
INSERT IGNORE INTO tbl_b (SELECT skey, CAST(CONCAT(dt, ' ', tm) AS datetime) FROM tbl_a WHERE skey = 6 AND dt > DATE_ADD('2012-12-01', INTERVAL -10 DAY));
INSERT IGNORE INTO tbl_b (SELECT skey, CAST(CONCAT(dt, ' ', tm) AS datetime) FROM tbl_a WHERE skey = 5 AND dt > DATE_ADD('2012-12-01', INTERVAL -10 DAY));
connection child2_1;
SELECT argument FROM mysql.general_log WHERE argument LIKE '%select %';
argument
select t0.`skey` `skey`,cast((concat(t0.`dt` , _latin1' ' , t0.`tm`)) as datetime) `CAST(CONCAT(dt, ' ', tm) AS datetime)` from `auto_test_remote`.`tbl_a` t0 where ((t0.`skey` = 4) and (t0.`dt` > _latin1'2012-11-21')) lock in share mode
select t0.`skey` `skey`,cast((concat(t0.`dt` , _latin1' ' , t0.`tm`)) as datetime) `CAST(CONCAT(dt, ' ', tm) AS datetime)` from `auto_test_remote`.`tbl_a` t0 where ((t0.`skey` = 3) and (t0.`dt` > _latin1'2012-11-21')) lock in share mode
select t0.`skey` `skey`,cast((concat(t0.`dt` , _latin1' ' , t0.`tm`)) as datetime) `CAST(CONCAT(dt, ' ', tm) AS datetime)` from `auto_test_remote`.`tbl_a` t0 where ((t0.`skey` = 2) and (t0.`dt` > _latin1'2012-11-21')) lock in share mode
select t0.`skey` `skey`,cast((concat(t0.`dt` , _latin1' ' , t0.`tm`)) as datetime) `CAST(CONCAT(dt, ' ', tm) AS datetime)` from `auto_test_remote`.`tbl_a` t0 where ((t0.`skey` = 1) and (t0.`dt` > _latin1'2012-11-21')) lock in share mode
select t0.`skey` `skey`,cast((concat(t0.`dt` , _latin1' ' , t0.`tm`)) as datetime) `CAST(CONCAT(dt, ' ', tm) AS datetime)` from `auto_test_remote`.`tbl_a` t0 where ((t0.`skey` = 0) and (t0.`dt` > _latin1'2012-11-21')) lock in share mode
select t0.`skey` `skey`,cast((concat(t0.`dt` , _latin1' ' , t0.`tm`)) as datetime) `CAST(CONCAT(dt, ' ', tm) AS datetime)` from `auto_test_remote`.`tbl_a` t0 where ((t0.`skey` = 9) and (t0.`dt` > _latin1'2012-11-21')) lock in share mode
select t0.`skey` `skey`,cast((concat(t0.`dt` , _latin1' ' , t0.`tm`)) as datetime) `CAST(CONCAT(dt, ' ', tm) AS datetime)` from `auto_test_remote`.`tbl_a` t0 where ((t0.`skey` = 8) and (t0.`dt` > _latin1'2012-11-21')) lock in share mode
select t0.`skey` `skey`,cast((concat(t0.`dt` , _latin1' ' , t0.`tm`)) as datetime) `CAST(CONCAT(dt, ' ', tm) AS datetime)` from `auto_test_remote`.`tbl_a` t0 where ((t0.`skey` = 7) and (t0.`dt` > _latin1'2012-11-21')) lock in share mode
select t0.`skey` `skey`,cast((concat(t0.`dt` , _latin1' ' , t0.`tm`)) as datetime) `CAST(CONCAT(dt, ' ', tm) AS datetime)` from `auto_test_remote`.`tbl_a` t0 where ((t0.`skey` = 6) and (t0.`dt` > _latin1'2012-11-21')) lock in share mode
select t0.`skey` `skey`,cast((concat(t0.`dt` , _latin1' ' , t0.`tm`)) as datetime) `CAST(CONCAT(dt, ' ', tm) AS datetime)` from `auto_test_remote`.`tbl_a` t0 where ((t0.`skey` = 5) and (t0.`dt` > _latin1'2012-11-21')) lock in share mode
SELECT argument FROM mysql.general_log WHERE argument LIKE '%select %'
SELECT pkey, dt FROM tbl_b ORDER BY pkey;
pkey	dt
0	2013-01-01 13:00:00
1	2012-12-01 11:00:00
2	2012-11-30 11:00:00
3	2012-11-29 11:00:00
4	2012-11-28 11:00:00
5	2012-11-27 11:00:00
6	2012-11-26 11:00:00
7	2012-11-25 11:00:00
8	2012-11-24 11:00:00
9	2012-11-23 11:00:00

deinit
connection master_1;
DROP DATABASE IF EXISTS auto_test_local;
connection child2_1;
DROP DATABASE IF EXISTS auto_test_remote;
SET GLOBAL log_output = @old_log_output;
connection master_1;
set session spider_direct_dup_insert= @old_spider_direct_dup_insert;
for master_1
for child2
child2_1
child2_2
child2_3
for child3

end of test
