for master_1
for child2
child2_1
child2_2
child2_3
for child3
connection master_1;
set @old_spider_bgs_mode= @@spider_bgs_mode;
set session spider_bgs_mode= 2;
set @old_spider_quick_mode= @@spider_quick_mode;
set session spider_quick_mode= 3;

this test is for MDEV-21884

drop and create databases
connection master_1;
CREATE DATABASE auto_test_local;
USE auto_test_local;
connection child2_1;
SET @old_log_output = @@global.log_output;
SET GLOBAL log_output = 'TABLE,FILE';
CREATE DATABASE auto_test_remote;
USE auto_test_remote;

create table and insert
connection child2_1;
CHILD2_1_CREATE_TABLES
TRUNCATE TABLE mysql.general_log;
connection master_1;
CREATE TABLE tbl_a (
a INT,
b CHAR(1),
c DATETIME,
PRIMARY KEY(a,b)
) ENGINE=Spider COMMENT='table "ta_r3"'
  PARTITION BY RANGE(a) (
PARTITION pt1 VALUES LESS THAN (10) COMMENT='srv "s_2_1", table "ta_r2",
    priority "1000"',
PARTITION pt2 VALUES LESS THAN MAXVALUE COMMENT='srv "s_2_1", priority "1000001"'
  )
CREATE TABLE tb_l (
a INT,
b CHAR(1),
c DATETIME,
PRIMARY KEY(a)
) MASTER_1_ENGINE2 MASTER_1_CHARSET2
INSERT INTO tbl_a (a, b, c) VALUES
(11, 'a', '2008-08-01 10:21:39'),
(11, 'b', '2000-01-01 00:00:00'),
(12, 'e', '2007-06-04 20:03:11'),
(12, 'd', '2003-11-30 05:01:03'),
(13, 'c', '2001-12-31 23:59:59');
INSERT INTO tb_l (a, b, c) VALUES
(11, 'a', '2008-08-01 10:21:39'),
(12, 'b', '2000-01-01 00:00:00'),
(13, 'e', '2007-06-04 20:03:11'),
(14, 'd', '2003-11-30 05:01:03'),
(15, 'c', '2001-12-31 23:59:59');

test 1
connection child2_1;
TRUNCATE TABLE mysql.general_log;
connection master_1;
SELECT STRAIGHT_JOIN b.a, b.b FROM tb_l a, tbl_a b WHERE a.a = b.a;
a	b
11	a
11	b
12	d
12	e
13	c
connection child2_1;
SET NAMES utf8;
SELECT argument FROM mysql.general_log WHERE command_type != 'Execute' AND argument LIKE '%select %';
argument
select `a`,`b` from `auto_test_remote`.`ta_r2` order by `a`,`b`
select `a`,`b` from `auto_test_remote`.`ta_r3` order by `a`,`b`
SELECT argument FROM mysql.general_log WHERE command_type != 'Execute' AND argument LIKE '%select %'
SELECT a, b, c FROM ta_r2 ORDER BY a ;
SELECT a, b, c FROM ta_r3 ORDER BY a;
a	b	c
a	b	c
11	a	2008-08-01 10:21:39
11	b	2000-01-01 00:00:00
12	d	2003-11-30 05:01:03
12	e	2007-06-04 20:03:11
13	c	2001-12-31 23:59:59

deinit
connection master_1;
DROP DATABASE IF EXISTS auto_test_local;
connection child2_1;
DROP DATABASE IF EXISTS auto_test_remote;
SET GLOBAL log_output = @old_log_output;
connection master_1;
set session spider_bgs_mode= @old_spider_bgs_mode;
set session spider_quick_mode= @old_spider_quick_mode;
for master_1
for child2
child2_1
child2_2
child2_3
for child3

end of test
