for master_1
for child2
child2_1
child2_2
child2_3
for child3

this test is for MDEV-22246

drop and create databases
connection master_1;
CREATE DATABASE auto_test_local;
USE auto_test_local;
connection child2_1;
SET @old_log_output = @@global.log_output;
SET GLOBAL log_output = 'TABLE,FILE';
CREATE DATABASE auto_test_remote;
USE auto_test_remote;
connection child2_2;
SET @old_log_output = @@global.log_output;
SET GLOBAL log_output = 'TABLE,FILE';
CREATE DATABASE auto_test_remote2;
USE auto_test_remote2;

create table and insert
connection child2_1;
CHILD2_1_CREATE_TABLES
TRUNCATE TABLE mysql.general_log;
connection child2_2;
CHILD2_2_CREATE_TABLES
TRUNCATE TABLE mysql.general_log;
connection master_1;
CREATE TABLE tbl_a (
id bigint NOT NULL,
node text,
PRIMARY KEY (id)
) MASTER_1_ENGINE MASTER_1_CHARSET MASTER_1_COMMENT_2_1
INSERT INTO tbl_a (id,node) VALUES (1,'DB-G0'),(2,'DB-G1');

select test 1
connection child2_1;
TRUNCATE TABLE mysql.general_log;
connection child2_2;
TRUNCATE TABLE mysql.general_log;
connection master_1;
SELECT * FROM tbl_a;
id	node
2	DB-G1
1	DB-G0
SELECT * FROM tbl_a WHERE id != 0;
id	node
1	DB-G0
2	DB-G1
connection child2_1;
SELECT * FROM tbl_a ORDER BY id;
id	node
2	DB-G1
connection child2_2;
SELECT * FROM tbl_a ORDER BY id;
id	node
1	DB-G0

deinit
connection master_1;
DROP DATABASE IF EXISTS auto_test_local;
connection child2_1;
DROP DATABASE IF EXISTS auto_test_remote;
SET GLOBAL log_output = @old_log_output;
connection child2_2;
DROP DATABASE IF EXISTS auto_test_remote2;
SET GLOBAL log_output = @old_log_output;
for master_1
for child2
child2_1
child2_2
child2_3
for child3

end of test
