for master_1
for child2
for child3
SET spider_same_server_link= on;
SET sql_mode='';
CREATE SERVER srv FOREIGN DATA WRAPPER mysql
OPTIONS (SOCKET "$MASTER_1_MYSOCK", DATABASE 'test',user 'root');
CREATE TABLE t1 (c INT) ENGINE=MyISAM;
CREATE TABLE t2 (c INT) ENGINE=Spider COMMENT='WRAPPER "mysql",SRV "srv",TABLE "t1"';
insert into t2 values (456), (123);
SELECT * FROM t2 ORDER BY CAST(c AS char(60));
c
123
456
SELECT * FROM t2 ORDER BY CAST(c AS INET6);
c
456
123
DROP TABLE t1,t2;
drop server srv;
for master_1
for child2
for child3
