for master_1
for child2
for child3

MDEV-26345 SELECT MIN on Spider table returns more rows than expected

set spider_same_server_link= 1;
CREATE SERVER srv FOREIGN DATA WRAPPER mysql
OPTIONS (SOCKET "$MASTER_1_MYSOCK", DATABASE 'test',user 'root');
create table t2 (a int, b int, PRIMARY KEY (a, b));
create table t1 (a int, b int, PRIMARY KEY (a, b)) ENGINE=Spider
COMMENT='WRAPPER "mysql", srv "srv",TABLE "t2"';
insert into t1 VALUES (1,4), (1,2), (2,11);
SELECT MIN(b), a FROM t1 WHERE a=1;
MIN(b)	a
2	1
SELECT MAX(b), a FROM t1 WHERE a<3;
MAX(b)	a
11	1
drop table t1, t2;
create table t2 (a int, b int, c int, PRIMARY KEY (a, b));
create table t1 (a int, b int, c int, PRIMARY KEY (a, b)) ENGINE=Spider
COMMENT='WRAPPER "mysql", srv "srv",TABLE "t2"';
insert into t2 VALUES (1,4,1), (1,2,2), (2,11,3);
SELECT MIN(b), a, c FROM t1 WHERE a=1;
MIN(b)	a	c
2	1	2
drop table t1, t2;
create table t2 (a int, b int);
create table t1 ENGINE=Spider
COMMENT='WRAPPER "mysql", srv "srv",TABLE "t2"';
insert into t1 VALUES (1,1), (1,1), (2,2), (2,2);
select distinct count(a) from t1 group by b;
count(a)
2
drop table t1, t2;
create table t2 (c int);
create table t1 (c int) ENGINE=Spider
COMMENT='WRAPPER "mysql", srv "srv",TABLE "t2"';
insert into t1 values (1),(3),(5),(7),(9),(11),(13),(15);
select count(c) as d from t1 having d > 5;
d
8
drop table t1, t2;
drop server srv;
for master_1
for child2
for child3
