#
# MDEV-24760 SELECT..CASE statement syntax error at Spider Engine table
#
for master_1
for child2
child2_1
child2_2
child2_3
for child3
connection child2_1;
CREATE DATABASE auto_test_remote;
USE auto_test_remote;
DROP TABLE IF EXISTS tbl_a;
Warnings:
Note	1051	Unknown table 'auto_test_remote.tbl_a'
CREATE TABLE tbl_a (
id int NOT NULL AUTO_INCREMENT,
name varchar(255) DEFAULT NULL,
PRIMARY KEY (id)
) ENGINE=InnoDB DEFAULT CHARSET=utf8;
INSERT INTO tbl_a (name) VALUES ('Alice'), ('Bob');
connection master_1;
CREATE DATABASE auto_test_local;
USE auto_test_local;
CREATE TABLE tbl_a (
id int NOT NULL AUTO_INCREMENT,
name varchar(255) DEFAULT NULL,
PRIMARY KEY (id)
) ENGINE=Spider DEFAULT CHARSET=utf8 COMMENT='table "tbl_a"'
PARTITION BY HASH(id) (
PARTITION pt1 COMMENT='srv "s_2_1"'
);
SELECT id, CASE WHEN name='Alice' THEN "A" WHEN name='Bob' THEN "B" END FROM tbl_a;
id	CASE WHEN name='Alice' THEN "A" WHEN name='Bob' THEN "B" END
1	A
2	B
SELECT id, CASE name WHEN 'Alice' THEN "A" WHEN 'Bob' THEN "B" END FROM tbl_a;
id	CASE name WHEN 'Alice' THEN "A" WHEN 'Bob' THEN "B" END
1	A
2	B
DROP DATABASE auto_test_local;
connection child2_1;
DROP DATABASE auto_test_remote;
for master_1
for child2
child2_1
child2_2
child2_3
for child3
