for master_1
for child2
child2_1
child2_2
child2_3
for child3

this test is for MDEV-19866

drop and create databases
connection master_1;
CREATE DATABASE auto_test_local;
USE auto_test_local;
connection child2_1;
SET @old_log_output = @@global.log_output;
SET GLOBAL log_output = 'TABLE,FILE';
CREATE DATABASE auto_test_remote;
USE auto_test_remote;
connection child2_2;
SET @old_log_output = @@global.log_output;
SET GLOBAL log_output = 'TABLE,FILE';
CREATE DATABASE auto_test_remote2;
USE auto_test_remote2;

create table and insert
connection child2_1;
CHILD2_1_CREATE_TABLES
TRUNCATE TABLE mysql.general_log;
connection child2_2;
CHILD2_2_CREATE_TABLES
TRUNCATE TABLE mysql.general_log;
connection master_1;
CREATE TABLE tbl_a (
pkey int NOT NULL,
val char(1) NOT NULL,
PRIMARY KEY (pkey)
) MASTER_1_ENGINE MASTER_1_CHARSET MASTER_1_COMMENT_2_1
INSERT INTO tbl_a (pkey,val) VALUES (1,'1'),(2,'2'),(3,'3'),(4,'4');

select test 1
connection child2_1;
TRUNCATE TABLE mysql.general_log;
connection child2_2;
TRUNCATE TABLE mysql.general_log;
connection master_1;
SELECT * FROM tbl_a;
pkey	val
1	1
3	3
2	2
4	4
SELECT * FROM tbl_a WHERE pkey = 1;
pkey	val
1	1
SELECT * FROM tbl_a;
pkey	val
1	1
3	3
2	2
4	4
SELECT * FROM tbl_a WHERE pkey = 2;
pkey	val
2	2
SELECT * FROM tbl_a;
pkey	val
1	1
3	3
2	2
4	4
connection child2_1;
SELECT argument FROM mysql.general_log WHERE command_type != 'Execute' AND argument LIKE '%select %';
argument
select `pkey`,`val` from `auto_test_remote`.`tbl_a`
select `pkey`,`val` from `auto_test_remote`.`tbl_a` where `pkey` = 1
select `pkey`,`val` from `auto_test_remote`.`tbl_a`
select `pkey`,`val` from `auto_test_remote`.`tbl_a`
SELECT argument FROM mysql.general_log WHERE command_type != 'Execute' AND argument LIKE '%select %'
SELECT pkey, val FROM tbl_a ORDER BY pkey;
pkey	val
1	1
3	3
connection child2_2;
SELECT argument FROM mysql.general_log WHERE command_type != 'Execute' AND argument LIKE '%select %';
argument
select `pkey`,`val` from `auto_test_remote2`.`tbl_a`
select `pkey`,`val` from `auto_test_remote2`.`tbl_a`
select `pkey`,`val` from `auto_test_remote2`.`tbl_a` where `pkey` = 2
select `pkey`,`val` from `auto_test_remote2`.`tbl_a`
SELECT argument FROM mysql.general_log WHERE command_type != 'Execute' AND argument LIKE '%select %'
SELECT pkey, val FROM tbl_a ORDER BY pkey;
pkey	val
2	2
4	4

deinit
connection master_1;
DROP DATABASE IF EXISTS auto_test_local;
connection child2_1;
DROP DATABASE IF EXISTS auto_test_remote;
SET GLOBAL log_output = @old_log_output;
connection child2_2;
DROP DATABASE IF EXISTS auto_test_remote2;
SET GLOBAL log_output = @old_log_output;
for master_1
for child2
child2_1
child2_2
child2_3
for child3

end of test
