for master_1
for child2
child2_1
child2_2
child2_3
for child3

MDEV-26345 SELECT MIN on Spider table returns more rows than expected

connection child2_1;
CREATE DATABASE auto_test_remote;
USE auto_test_remote;
CREATE TABLE tbl_a (
`a`int,
`b`int,
PRIMARY KEY (`a`, `b`)
) ENGINE=InnoDB DEFAULT CHARSET=utf8;
insert into `tbl_a` VALUES (1,1), (1,2), (2,11);
connection master_1;
CREATE DATABASE auto_test_remote;
USE auto_test_remote;
CREATE TABLE tbl_a (
`a`int,
`b`int,
PRIMARY KEY (`a`, `b`)
) ENGINE=Spider DEFAULT CHARSET=utf8 COMMENT='table "tbl_a"' PARTITION BY LIST COLUMNS(`b`) (
PARTITION `pt1` DEFAULT COMMENT = 'srv "s_2_1"'
);
connection master_1;
SELECT MIN(b), a FROM tbl_a WHERE a=1;
MIN(b)	a
1	1
connection master_1;
DROP DATABASE IF EXISTS auto_test_remote;
connection child2_1;
DROP DATABASE IF EXISTS auto_test_remote;
for master_1
for child2
child2_1
child2_2
child2_3
for child3
