#
# MDEV-27172 Prefix indices on Spider tables may lead to wrong query results
#
for master_1
for child2
child2_1
child2_2
child2_3
for child3
connection child2_1;
SET @general_log_backup = @@global.general_log;
SET @log_output_backup = @@global.log_output;
SET @@global.general_log = 1;
SET @@global.log_output = "TABLE";
CREATE DATABASE auto_test_remote;
USE auto_test_remote;
CREATE TABLE tbl_a (
id int NOT NULL,
greeting  VARCHAR(255),
KEY(greeting)
) ENGINE=InnoDB DEFAULT CHARSET=utf8;
CREATE TABLE tbl_b (
id int NOT NULL,
greeting VARCHAR(255),
KEY k (greeting(5))
) ENGINE=InnoDB DEFAULT CHARSET=utf8;
CREATE TABLE tbl_c (
id int NOT NULL,
greeting TEXT,
KEY k (greeting(5))
) ENGINE=InnoDB DEFAULT CHARSET=utf8;
TRUNCATE TABLE mysql.general_log;
connection master_1;
CREATE DATABASE auto_test_local;
USE auto_test_local;
CREATE TABLE tbl_a (
id int NOT NULL,
greeting VARCHAR(255),
KEY k (greeting)
) ENGINE=Spider DEFAULT CHARSET=utf8 COMMENT='table "tbl_a", srv "s_2_1"';
Warnings:
Warning	138	Spider table params in COMMENT or CONNECTION strings have been deprecated and will be removed in a future release. Please use table options instead.
INSERT INTO tbl_a VALUES (1, "Hi!"),(2, "Aloha!"),(3, "Aloha!!!");
SELECT * FROM tbl_a WHERE greeting = "Aloha!"
  AND CASE greeting WHEN "Aloha!" THEN "one" ELSE 'more' END = "one";
id	greeting
2	Aloha!
CREATE TABLE tbl_b (
id int NOT NULL,
greeting VARCHAR(255),
KEY k (greeting(5))
) ENGINE=Spider DEFAULT CHARSET=utf8 COMMENT='table "tbl_b", srv "s_2_1"';
Warnings:
Warning	138	Spider table params in COMMENT or CONNECTION strings have been deprecated and will be removed in a future release. Please use table options instead.
INSERT INTO tbl_b VALUES (1, "Hi!"),(2, "Aloha!"),(3, "Aloha!!!");
SELECT * FROM tbl_b WHERE greeting = "Aloha!"
  AND CASE greeting WHEN "Aloha!" THEN "one" ELSE 'more' END = "one";
id	greeting
2	Aloha!
CREATE TABLE tbl_c (
id int NOT NULL,
greeting TEXT,
KEY k (greeting(5))
) ENGINE=Spider DEFAULT CHARSET=utf8 COMMENT='table "tbl_c", srv "s_2_1"';
Warnings:
Warning	138	Spider table params in COMMENT or CONNECTION strings have been deprecated and will be removed in a future release. Please use table options instead.
INSERT INTO tbl_c VALUES (1, "Hi!"),(2, "Aloha!"),(3, "Aloha!!!");
SELECT * FROM tbl_c WHERE greeting = "Aloha!"
  AND CASE greeting WHEN "Aloha!" THEN "one" ELSE 'more' END = "one";
id	greeting
2	Aloha!
connection child2_1;
SELECT argument FROM mysql.general_log WHERE argument LIKE 'select `id`,`greeting` from %';
argument
connection child2_1;
SET @@global.general_log = @general_log_backup;
SET @@global.log_output = @log_output_backup;
DROP DATABASE auto_test_remote;
connection master_1;
DROP DATABASE auto_test_local;
for master_1
for child2
child2_1
child2_2
child2_3
for child3
