for master_1
for child2
child2_1
child2_2
child2_3
for child3

this test is for MDEV-18973

drop and create databases
connection master_1;
CREATE DATABASE auto_test_local;
USE auto_test_local;
connection child2_1;
SET @old_log_output = @@global.log_output;
SET GLOBAL log_output = 'TABLE,FILE';
CREATE DATABASE auto_test_remote;
USE auto_test_remote;

create table and insert
connection child2_1;
CHILD2_1_CREATE_TABLES
TRUNCATE TABLE mysql.general_log;
connection master_1;
CREATE TABLE tbl_a (
skey int NOT NULL,
dt date NOT NULL,
tm time NOT NULL,
KEY idx1 (skey,dt)
) MASTER_1_ENGINE MASTER_1_CHARSET MASTER_1_COMMENT_2_1
INSERT INTO tbl_a (skey, dt, tm) VALUES (0, '2012-01-01', '12:00:00'),(1, '2012-02-01', '12:00:00'),(2, '2012-03-01', '12:00:00'),(3, '2012-04-01', '12:00:00'),(4, '2012-05-01', '12:00:00'),(5, '2012-06-01', '12:00:00'),(6, '2012-07-01', '12:00:00'),(7, '2012-08-01', '12:00:00'),(8, '2012-09-01', '12:00:00'),(9, '2012-10-01', '12:00:00');
INSERT INTO tbl_a (skey, dt, tm) VALUES (0, '2013-01-01', '13:00:00'),(1, '2013-02-01', '13:00:00'),(2, '2013-03-01', '13:00:00'),(3, '2013-04-01', '13:00:00'),(4, '2013-05-01', '13:00:00'),(5, '2013-06-01', '13:00:00'),(6, '2013-07-01', '13:00:00'),(7, '2013-08-01', '13:00:00'),(8, '2013-09-01', '13:00:00'),(9, '2013-10-01', '13:00:00');
INSERT INTO tbl_a (skey, dt, tm) VALUES (0, '2012-11-01', '11:00:00'),(1, '2012-12-01', '11:00:00'),(2, '2012-11-30', '11:00:00'),(3, '2012-11-29', '11:00:00'),(4, '2012-11-28', '11:00:00'),(5, '2012-11-27', '11:00:00'),(6, '2012-11-26', '11:00:00'),(7, '2012-11-25', '11:00:00'),(8, '2012-11-24', '11:00:00'),(9, '2012-11-23', '11:00:00');
FLUSH TABLES;

select test 1
connection child2_1;
TRUNCATE TABLE mysql.general_log;
MYSQL -v -v -u root -h localhost -P MASTER_1_MYPORT -S MASTER_1_MYSOCK -e "UPDATE tbl_a SET tm = '12:00:00' WHERE skey = 0" auto_test_local
--------------
UPDATE tbl_a SET tm = '12:00:00' WHERE skey = 0
--------------

Query OK, 2 rows affected
Rows matched: 3  Changed: 2  Warnings: 0

Bye
connection child2_1;
SELECT argument FROM mysql.general_log WHERE command_type != 'Execute' AND argument LIKE '%update %';
argument
update `auto_test_remote`.`tbl_a` set `tm` = _latin1'12:00:00' where (`skey` = 0)
SELECT argument FROM mysql.general_log WHERE command_type != 'Execute' AND argument LIKE '%update %'
SELECT skey, dt, tm FROM tbl_a ORDER BY skey;
skey	dt	tm
0	2012-01-01	12:00:00
0	2013-01-01	12:00:00
0	2012-11-01	12:00:00
1	2012-12-01	11:00:00
1	2013-02-01	13:00:00
1	2012-02-01	12:00:00
2	2013-03-01	13:00:00
2	2012-11-30	11:00:00
2	2012-03-01	12:00:00
3	2012-11-29	11:00:00
3	2013-04-01	13:00:00
3	2012-04-01	12:00:00
4	2012-11-28	11:00:00
4	2012-05-01	12:00:00
4	2013-05-01	13:00:00
5	2012-11-27	11:00:00
5	2012-06-01	12:00:00
5	2013-06-01	13:00:00
6	2013-07-01	13:00:00
6	2012-11-26	11:00:00
6	2012-07-01	12:00:00
7	2012-11-25	11:00:00
7	2012-08-01	12:00:00
7	2013-08-01	13:00:00
8	2012-09-01	12:00:00
8	2013-09-01	13:00:00
8	2012-11-24	11:00:00
9	2012-10-01	12:00:00
9	2013-10-01	13:00:00
9	2012-11-23	11:00:00

deinit
connection master_1;
DROP DATABASE IF EXISTS auto_test_local;
connection child2_1;
DROP DATABASE IF EXISTS auto_test_remote;
SET GLOBAL log_output = @old_log_output;
for master_1
for child2
child2_1
child2_2
child2_3
for child3

end of test
