for master_1
for child2
child2_1
child2_2
child2_3
for child3
connection master_1;
set @old_sql_mode= @@sql_mode;
set session sql_mode= 'real_as_float,pipes_as_concat,ansi_quotes,ignore_space,ignore_bad_table_options,only_full_group_by,no_unsigned_subtraction,no_dir_in_create,postgresql,oracle,mssql,db2,maxdb,no_key_options,no_table_options,no_field_options,mysql323,mysql40,ansi,no_auto_value_on_zero,no_backslash_escapes,strict_trans_tables,strict_all_tables,no_zero_in_date,no_zero_date,allow_invalid_dates,error_for_division_by_zero,traditional,no_auto_create_user,high_not_precedence,no_engine_substitution,pad_char_to_full_length,empty_string_is_null,simultaneous_assignment,time_round_fractional';

this test is for MDEV-16508

drop and create databases
connection master_1;
CREATE DATABASE auto_test_local;
USE auto_test_local;
connection child2_1;
SET @old_log_output = @@global.log_output;
SET GLOBAL log_output = 'TABLE,FILE';
CREATE DATABASE auto_test_remote;
USE auto_test_remote;

create table and insert
connection child2_1;
CHILD2_1_CREATE_TABLES
TRUNCATE TABLE mysql.general_log;
connection master_1;
CREATE TABLE tbl_a (
pkey int NOT NULL,
PRIMARY KEY (pkey)
) MASTER_1_ENGINE MASTER_1_CHARSET MASTER_1_COMMENT_2_1
INSERT INTO tbl_a (pkey) VALUES (0),(1),(2),(3),(4),(5),(6),(7),(8),(9);

select test
connection child2_1;
TRUNCATE TABLE mysql.general_log;
connection master_1;
SELECT * FROM tbl_a ORDER BY pkey;
pkey
0
1
2
3
4
5
6
7
8
9
connection child2_1;
SELECT argument FROM mysql.general_log WHERE command_type != 'Execute' AND argument LIKE '%sql_mode%';
argument
set session transaction isolation level repeatable read;set session autocommit = 1;set session sql_log_off = 0;set session wait_timeout = 604800;set session sql_mode = 'real_as_float,ignore_bad_table_options,no_unsigned_subtraction,no_dir_in_create,no_auto_value_on_zero,strict_trans_tables,strict_all_tables,no_zero_in_date,no_zero_date,allow_invalid_dates,error_for_division_by_zero,no_auto_create_user,high_not_precedence,no_engine_substitution,pad_char_to_full_length,empty_string_is_null,simultaneous_assignment,time_round_fractional';set session time_zone = '+00:00';set @`spider_lc_./auto_test_remote/tbl_a` = '-xxxxxxxxxxxx-xxxxx-./auto_test_local/tbl_a-';start transaction
SELECT argument FROM mysql.general_log WHERE command_type != 'Execute' AND argument LIKE '%sql_mode%'
SELECT pkey FROM tbl_a ORDER BY pkey;
pkey
0
1
2
3
4
5
6
7
8
9

deinit
connection master_1;
DROP DATABASE IF EXISTS auto_test_local;
connection child2_1;
DROP DATABASE IF EXISTS auto_test_remote;
SET GLOBAL log_output = @old_log_output;
connection master_1;
set session sql_mode= @old_sql_mode;
for master_1
for child2
child2_1
child2_2
child2_3
for child3

end of test
