for master_1
for child2
child2_1
child2_2
child2_3
for child3
connection child2_1;
set @old_wait_timeout= @@wait_timeout;
set global wait_timeout= 1;
connection child2_2;
set @old_wait_timeout= @@wait_timeout;
set global wait_timeout= 1;

this test is for MDEV-16530

drop and create databases
connection master_1;
CREATE DATABASE auto_test_local;
USE auto_test_local;
connection child2_1;
SET @old_log_output = @@global.log_output;
SET GLOBAL log_output = 'TABLE,FILE';
CREATE DATABASE auto_test_remote;
USE auto_test_remote;
connection child2_1_2;
USE auto_test_remote;
connection child2_2;
SET @old_log_output = @@global.log_output;
SET GLOBAL log_output = 'TABLE,FILE';
CREATE DATABASE auto_test_remote2;
USE auto_test_remote2;
connection child2_2_2;
USE auto_test_remote2;

create table and insert
connection child2_1;
CHILD2_1_CREATE_TABLES
TRUNCATE TABLE mysql.general_log;
connection child2_2;
CHILD2_2_CREATE_TABLES
TRUNCATE TABLE mysql.general_log;
connection master_1;
CREATE TABLE tbl_a (
pkey int NOT NULL,
PRIMARY KEY (pkey)
) MASTER_1_ENGINE MASTER_1_CHARSET MASTER_1_COMMENT_2_1
INSERT INTO tbl_a (pkey) VALUES (0),(1),(2),(3),(4),(5),(6),(7),(8),(9);
INSERT INTO tbl_a (pkey) VALUES (10),(11),(12),(13),(14),(15),(16),(17),(18),(19);
INSERT INTO tbl_a (pkey) VALUES (20),(21),(22),(23),(24),(25),(26),(27),(28),(29);

select test 1
connection child2_1;
TRUNCATE TABLE mysql.general_log;
LOCK TABLE tbl_a READ;
connection child2_2;
TRUNCATE TABLE mysql.general_log;
connection master_1;
INSERT INTO tbl_a SELECT pkey + 30 FROM tbl_a ORDER BY pkey;
connection child2_1_2;
SELECT SLEEP(2);
SLEEP(2)
0
SELECT argument FROM mysql.general_log WHERE argument LIKE '%insert %';
argument
insert into `auto_test_remote`.`tbl_a`(`pkey`)values(31),(33),(35),(37),(39),(41),(43),(45),(47),(49),(51),(53),(55),(57),(59)
SELECT argument FROM mysql.general_log WHERE argument LIKE '%insert %'
connection child2_2_2;
SELECT argument FROM mysql.general_log WHERE argument LIKE '%insert %';
argument
SELECT argument FROM mysql.general_log WHERE argument LIKE '%insert %'
connection child2_1;
UNLOCK TABLES;
SELECT pkey FROM tbl_a ORDER BY pkey;
pkey
1
3
5
7
9
11
13
15
17
19
21
23
25
27
29
connection child2_2;
SELECT pkey FROM tbl_a ORDER BY pkey;
pkey
0
2
4
6
8
10
12
14
16
18
20
22
24
26
28
connection master_1;

deinit
connection master_1;
DROP DATABASE IF EXISTS auto_test_local;
connection child2_1;
DROP DATABASE IF EXISTS auto_test_remote;
SET GLOBAL log_output = @old_log_output;
connection child2_2;
DROP DATABASE IF EXISTS auto_test_remote2;
SET GLOBAL log_output = @old_log_output;
connection child2_1;
set global wait_timeout= @old_wait_timeout;
connection child2_2;
set global wait_timeout= @old_wait_timeout;
for master_1
for child2
child2_1
child2_2
child2_3
for child3

end of test
