create aggregate function agg_sum(x INT) returns double
begin
declare  z double default 0;
declare continue handler for not found return z;
loop
fetch group next row;
set z= z+x;
end loop;
end|
create table t1 (sal int,id int,val int,counter int,primary key(id));
INSERT INTO t1 (sal,id,val,counter) VALUES (1000,1,10,2);
INSERT INTO t1 (sal,id,val,counter) VALUES (2000,2,16,2);
INSERT INTO t1 (sal,id,val,counter) VALUES (6000,3,18,1);
INSERT INTO t1 (sal,id,val,counter) VALUES (5000,4,15,3);
INSERT INTO t1 (sal,id,val,counter) VALUES (3000,5,11,5);
select id,agg_sum(sal) from t1;
id	agg_sum(sal)
1	17000
select id,agg_sum(sal) from t1 where id>=1;
id	agg_sum(sal)
1	17000
select id,agg_sum(sal) from t1 where id>=1 group by counter;
id	agg_sum(sal)
3	6000
1	3000
4	5000
5	3000
select id,agg_sum(sal) from t1 where id>=1 group by id;
id	agg_sum(sal)
1	1000
2	2000
3	6000
4	5000
5	3000
select id,agg_sum(sal) from t1 where id>=1 group by val;
id	agg_sum(sal)
1	1000
5	3000
4	5000
2	2000
3	6000
select id,agg_sum(sal) from t1 where id>=1 group by counter order by counter;
id	agg_sum(sal)
3	6000
1	3000
4	5000
5	3000
select id,agg_sum(sal) from t1 where id>=1 group by counter order by val;
id	agg_sum(sal)
1	3000
5	3000
4	5000
3	6000
select id,agg_sum(sal) from t1 where id>=1 group by counter order by id;
id	agg_sum(sal)
1	3000
3	6000
4	5000
5	3000
select id,agg_sum(sal) from t1 where id>=1 group by val order by counter;
id	agg_sum(sal)
3	6000
1	1000
2	2000
4	5000
5	3000
select id,agg_sum(sal) from t1 where id>=1 group by val order by id;
id	agg_sum(sal)
1	1000
2	2000
3	6000
4	5000
5	3000
select id,agg_sum(sal) from t1 where id>=1 group by val order by val;
id	agg_sum(sal)
1	1000
5	3000
4	5000
2	2000
3	6000
drop table t1;
create table t1 (sal int,id int,val int,counter int,primary key(id),unique key(val));
INSERT INTO t1 (sal,id,val,counter) VALUES (1000,1,10,2);
INSERT INTO t1 (sal,id,val,counter) VALUES (2000,2,NULL,2);
INSERT INTO t1 (sal,id,val,counter) VALUES (6000,3,18,1);
INSERT INTO t1 (sal,id,val,counter) VALUES (5000,4,15,3);
INSERT INTO t1 (sal,id,val,counter) VALUES (3000,5,11,5);
select id,agg_sum(sal) from t1;
id	agg_sum(sal)
1	17000
select id,agg_sum(sal) from t1 where id>=1;
id	agg_sum(sal)
1	17000
select id,agg_sum(sal) from t1 where id>=1 group by counter;
id	agg_sum(sal)
3	6000
1	3000
4	5000
5	3000
select id,agg_sum(sal) from t1 where id>=1 group by id;
id	agg_sum(sal)
1	1000
2	2000
3	6000
4	5000
5	3000
select id,agg_sum(sal) from t1 where id>=1 group by val;
id	agg_sum(sal)
2	2000
1	1000
5	3000
4	5000
3	6000
select id,agg_sum(sal) from t1 where id>=1 group by counter order by counter;
id	agg_sum(sal)
3	6000
1	3000
4	5000
5	3000
select id,agg_sum(sal) from t1 where id>=1 group by counter order by val;
id	agg_sum(sal)
1	3000
5	3000
4	5000
3	6000
select id,agg_sum(sal) from t1 where id>=1 group by counter order by id;
id	agg_sum(sal)
1	3000
3	6000
4	5000
5	3000
select id,agg_sum(sal) from t1 where id>=1 group by val order by counter;
id	agg_sum(sal)
3	6000
2	2000
1	1000
4	5000
5	3000
select id,agg_sum(sal) from t1 where id>=1 group by val order by id;
id	agg_sum(sal)
1	1000
2	2000
3	6000
4	5000
5	3000
select id,agg_sum(sal) from t1 where id>=1 group by val order by val;
id	agg_sum(sal)
2	2000
1	1000
5	3000
4	5000
3	6000
drop table t1;
create table t1 (sal int,id int,val int,counter int,primary key(id),INDEX name (val,counter));
INSERT INTO t1 (sal,id,val,counter) VALUES (1000,1,10,2);
INSERT INTO t1 (sal,id,val,counter) VALUES (2000,2,10,4);
INSERT INTO t1 (sal,id,val,counter) VALUES (6000,3,18,1);
INSERT INTO t1 (sal,id,val,counter) VALUES (5000,4,11,3);
INSERT INTO t1 (sal,id,val,counter) VALUES (3000,5,11,5);
select id,agg_sum(sal) from t1;
id	agg_sum(sal)
1	17000
select id,agg_sum(sal) from t1 where id>=1;
id	agg_sum(sal)
1	17000
select id,agg_sum(sal) from t1 where id>=1 group by counter;
id	agg_sum(sal)
3	6000
1	1000
4	5000
2	2000
5	3000
select id,agg_sum(sal) from t1 where id>=1 group by id;
id	agg_sum(sal)
1	1000
2	2000
3	6000
4	5000
5	3000
select id,agg_sum(sal) from t1 where id>=1 group by val;
id	agg_sum(sal)
1	3000
4	8000
3	6000
select id,agg_sum(sal) from t1 where id>=1 group by counter order by counter;
id	agg_sum(sal)
3	6000
1	1000
4	5000
2	2000
5	3000
select id,agg_sum(sal) from t1 where id>=1 group by counter order by val;
id	agg_sum(sal)
1	1000
2	2000
4	5000
5	3000
3	6000
select id,agg_sum(sal) from t1 where id>=1 group by counter order by id;
id	agg_sum(sal)
1	1000
2	2000
3	6000
4	5000
5	3000
select id,agg_sum(sal) from t1 where id>=1 group by val order by counter;
id	agg_sum(sal)
3	6000
1	3000
4	8000
select id,agg_sum(sal) from t1 where id>=1 group by val order by id;
id	agg_sum(sal)
1	3000
3	6000
4	8000
select id,agg_sum(sal) from t1 where id>=1 group by val order by val;
id	agg_sum(sal)
1	3000
4	8000
3	6000
drop table t1;
drop function agg_sum;
