create table z_1(abc blob unique);
insert into z_1 values(112);
insert into z_1 values('5666666666666666666666666666666666666666666666666666666666666666666666666666666666666666666666666666666666666666666666666666666666666666666666666666666666666666666666666666666666666666666666666666666666666666666666666666666666666666666666666666666666666666666666666666666666666666666666666666');
insert into z_1 values('sachin');
insert into z_1 values('sachin');
ERROR 23000: Can't write; duplicate key in table 'z_1'
create table tst_1(xyz blob unique , x2 blob unique);
insert into tst_1 values(1,22);
insert into tst_1 values(2,22);
ERROR 23000: Can't write; duplicate key in table 'tst_1'
select * from tst_1;
xyz	x2
1	22
select * from z_1;
abc
112
5666666666666666666666666666666666666666666666666666666666666666666666666666666666666666666666666666666666666666666666666666666666666666666666666666666666666666666666666666666666666666666666666666666666666666666666666666666666666666666666666666666666666666666666666666666666666666666666666666
sachin
