create table t1(abc blob unique);
insert into t1 values(1),(2),(3),(4),(5),(NULL),(NULL);
insert into t1 value(1);
ERROR 23000: Duplicate entry '1' for key 'abc'
select * from t1 where abc=1;
abc
1
select * from t1 where abc=3;
abc
3
select * from t1 where abc=7;
abc
select * from t1 where abc is  NULL;
abc
NULL
NULL
drop table t1;
create table t1(abc blob unique, xyz int );
insert into t1 values(1,1),(2,1),(3,3),(4,1),(5,6),(NULL,1),(NULL,NULL);
insert into t1 value(1,NULL);
ERROR 23000: Duplicate entry '1' for key 'abc'
select * from t1 where abc=1;
abc	xyz
1	1
select * from t1 where abc=23;
abc	xyz
select * from t1 where abc=1 and xyz=1;
abc	xyz
1	1
select * from t1 where abc=3 and xyz=3;
abc	xyz
3	3
select * from t1 where abc=7 and xyz =22;
abc	xyz
select * from t1 where abc is NULL and xyz=1;
abc	xyz
NULL	1
select * from t1 where abc is NULL;
abc	xyz
NULL	1
NULL	NULL
drop table t1;
create table t1(abc blob unique, xyz blob unique );
insert into t1 values(1,1),(2,11),(3,31),(4,12),(5,63),(NULL,1),(NULL,NULL);
insert into t1 value(1,NULL);
ERROR 23000: Duplicate entry '1' for key 'abc'
select * from t1 where abc=1;
abc	xyz
1	1
select * from t1 where abc=23;
abc	xyz
select * from t1 where abc=1 and xyz=11;
abc	xyz
select * from t1 where abc=3 and xyz=31;
abc	xyz
3	31
select * from t1 where abc=3 and xyz=1;
abc	xyz
select * from t1 where abc=7 and xyz =22;
abc	xyz
select * from t1 where abc is NULL and xyz=1;
abc	xyz
NULL	1
select * from t1 where abc is NULL;
abc	xyz
NULL	1
NULL	NULL
drop table t1;
