#Structure of tests
#First we will check all option for
#table containing single unique column
#table containing keys like unique(a,b,c,d) etc
#then table containing 2 blob unique etc 
#table with single long blob column; 
create table t1(a blob unique);
insert into t1 values(1),(2),(3),(56),('sachin'),('maria'),(123456789034567891),(null),(null),(123456789034567890);
#table structure;
desc t1;
Field	Type	Null	Key	Default	Extra
a	blob	YES	UNI	NULL	
show create table t1;
Table	Create Table
t1	CREATE TABLE `t1` (
  `a` blob DEFAULT NULL,
  UNIQUE KEY `a` (`a`)
) ENGINE=MyISAM DEFAULT CHARSET=latin1
show keys from t1;
Table	Non_unique	Key_name	Seq_in_index	Column_name	Collation	Cardinality	Sub_part	Packed	Null	Index_type	Comment	Index_comment
t1	0	a	1	a	A	NULL	NULL	NULL	YES	HASH_INDEX		
select * from information_schema.columns where table_schema = 'test' and table_name = 't1';
TABLE_CATALOG	TABLE_SCHEMA	TABLE_NAME	COLUMN_NAME	ORDINAL_POSITION	COLUMN_DEFAULT	IS_NULLABLE	DATA_TYPE	CHARACTER_MAXIMUM_LENGTH	CHARACTER_OCTET_LENGTH	NUMERIC_PRECISION	NUMERIC_SCALE	DATETIME_PRECISION	CHARACTER_SET_NAME	COLLATION_NAME	COLUMN_TYPE	COLUMN_KEY	EXTRA	PRIVILEGES	COLUMN_COMMENT
def	test	t1	a	1	NULL	YES	blob	65535	65535	NULL	NULL	NULL	NULL	NULL	blob	UNI		select,insert,update,references	
select * from information_schema.statistics where table_schema = 'test' and table_name = 't1';
TABLE_CATALOG	TABLE_SCHEMA	TABLE_NAME	NON_UNIQUE	INDEX_SCHEMA	INDEX_NAME	SEQ_IN_INDEX	COLUMN_NAME	COLLATION	CARDINALITY	SUB_PART	PACKED	NULLABLE	INDEX_TYPE	COMMENT	INDEX_COMMENT
def	test	t1	0	test	a	1	a	A	NULL	NULL	NULL	YES	HASH_INDEX		
select * from information_schema.key_column_usage where table_schema= 'test' and table_name= 't1';
CONSTRAINT_CATALOG	CONSTRAINT_SCHEMA	CONSTRAINT_NAME	TABLE_CATALOG	TABLE_SCHEMA	TABLE_NAME	COLUMN_NAME	ORDINAL_POSITION	POSITION_IN_UNIQUE_CONSTRAINT	REFERENCED_TABLE_SCHEMA	REFERENCED_TABLE_NAME	REFERENCED_COLUMN_NAME
def	test	a	def	test	t1	a	1	NULL	NULL	NULL	NULL
# table select we should not be able to see db_row_hash_column;
select * from t1;
a
1
2
3
56
sachin
maria
123456789034567891
NULL
NULL
123456789034567890
select db_row_hash_1 from t1;
ERROR 42S22: Unknown column 'db_row_hash_1' in 'field list'
#duplicate entry test;
insert into t1 values(2);
ERROR 23000: Duplicate entry '2' for key 'a'
insert into t1 values('sachin');
ERROR 23000: Duplicate entry 'sachi' for key 'a'
insert into t1 values(123456789034567891);
ERROR 23000: Duplicate entry '12345' for key 'a'
select * from t1;
a
1
2
3
56
sachin
maria
123456789034567891
NULL
NULL
123456789034567890
insert into t1 values(11),(22),(33);
insert into t1 values(12),(22);
ERROR 23000: Duplicate entry '22' for key 'a'
select * from t1;
a
1
2
3
56
sachin
maria
123456789034567891
NULL
NULL
123456789034567890
11
22
33
12
insert into t1 values(repeat('s',4000*10)),(repeat('s',4001*10));
insert into t1 values(repeat('m',4000*10)),(repeat('m',4000*10));
ERROR 23000: Duplicate entry 'mmmmm' for key 'a'
insert into t1 values(repeat('m',4001)),(repeat('m',4002));
truncate table t1;
insert into t1 values(1),(2),(3),(4),(5),(8),(7);
#now some alter commands;
alter table t1 add column b int;
desc t1;
Field	Type	Null	Key	Default	Extra
a	blob	YES	UNI	NULL	
b	int(11)	YES		NULL	
show create table t1;
Table	Create Table
t1	CREATE TABLE `t1` (
  `a` blob DEFAULT NULL,
  `b` int(11) DEFAULT NULL,
  UNIQUE KEY `a` (`a`)
) ENGINE=MyISAM DEFAULT CHARSET=latin1
insert into t1 values(1,2);
ERROR 23000: Duplicate entry '1' for key 'a'
insert into t1 values(2,2);
ERROR 23000: Duplicate entry '2' for key 'a'
select db_row_hash_1 from t1;
ERROR 42S22: Unknown column 'db_row_hash_1' in 'field list'
#now try to change db_row_hash_1 column;
alter table t1 drop column db_row_hash_1;
ERROR 42000: Can't DROP COLUMN `db_row_hash_1`; check that it exists
alter table t1 add column d int , add column e int , drop column db_row_hash_1;
ERROR 42000: Can't DROP COLUMN `db_row_hash_1`; check that it exists
alter table t1 modify column db_row_hash_1 int ;
ERROR 42S22: Unknown column 'db_row_hash_1' in 't1'
alter table t1 add column a int , add column b int, modify column db_row_hash_1 int ;
ERROR 42S22: Unknown column 'db_row_hash_1' in 't1'
alter table t1 change column db_row_hash_1 dsds int;
ERROR 42S22: Unknown column 'db_row_hash_1' in 't1'
alter table t1 add column asd int, change column db_row_hash_1 dsds int;
ERROR 42S22: Unknown column 'db_row_hash_1' in 't1'
alter table t1 drop column b , add column c int;
show create table t1;
Table	Create Table
t1	CREATE TABLE `t1` (
  `a` blob DEFAULT NULL,
  `c` int(11) DEFAULT NULL,
  UNIQUE KEY `a` (`a`)
) ENGINE=MyISAM DEFAULT CHARSET=latin1
#now add some column with name db_row_hash;
alter table t1 add column db_row_hash_1 int unique;
show create table t1;
Table	Create Table
t1	CREATE TABLE `t1` (
  `a` blob DEFAULT NULL,
  `c` int(11) DEFAULT NULL,
  `db_row_hash_1` int(11) DEFAULT NULL,
  UNIQUE KEY `a` (`a`),
  UNIQUE KEY `db_row_hash_1` (`db_row_hash_1`)
) ENGINE=MyISAM DEFAULT CHARSET=latin1
insert into t1 values(45,1,55),(46,1,55);
ERROR 23000: Duplicate entry '55' for key 'db_row_hash_1'
alter table t1 add column db_row_hash_2 int, add column db_row_hash_3 int;
desc t1;
Field	Type	Null	Key	Default	Extra
a	blob	YES	UNI	NULL	
c	int(11)	YES		NULL	
db_row_hash_1	int(11)	YES	UNI	NULL	
db_row_hash_2	int(11)	YES		NULL	
db_row_hash_3	int(11)	YES		NULL	
#this should also drop the unique index ;
alter table t1 drop column a;
show create table t1;
Table	Create Table
t1	CREATE TABLE `t1` (
  `c` int(11) DEFAULT NULL,
  `db_row_hash_1` int(11) DEFAULT NULL,
  `db_row_hash_2` int(11) DEFAULT NULL,
  `db_row_hash_3` int(11) DEFAULT NULL,
  UNIQUE KEY `db_row_hash_1` (`db_row_hash_1`)
) ENGINE=MyISAM DEFAULT CHARSET=latin1
show keys from t1;
Table	Non_unique	Key_name	Seq_in_index	Column_name	Collation	Cardinality	Sub_part	Packed	Null	Index_type	Comment	Index_comment
t1	0	db_row_hash_1	1	db_row_hash_1	A	NULL	NULL	NULL	YES	BTREE		
#add column with unique index on blob ;
alter table t1 add column a blob unique;
show create table t1;
Table	Create Table
t1	CREATE TABLE `t1` (
  `c` int(11) DEFAULT NULL,
  `db_row_hash_1` int(11) DEFAULT NULL,
  `db_row_hash_2` int(11) DEFAULT NULL,
  `db_row_hash_3` int(11) DEFAULT NULL,
  `a` blob DEFAULT NULL,
  UNIQUE KEY `db_row_hash_1` (`db_row_hash_1`),
  UNIQUE KEY `a` (`a`)
) ENGINE=MyISAM DEFAULT CHARSET=latin1
# try to change the blob unique column name;
#this will change index to b tree;
alter table t1 modify  column a  int ;
show create table t1;
Table	Create Table
t1	CREATE TABLE `t1` (
  `c` int(11) DEFAULT NULL,
  `db_row_hash_1` int(11) DEFAULT NULL,
  `db_row_hash_2` int(11) DEFAULT NULL,
  `db_row_hash_3` int(11) DEFAULT NULL,
  `a` int(11) DEFAULT NULL,
  UNIQUE KEY `db_row_hash_1` (`db_row_hash_1`),
  UNIQUE KEY `a` (`a`)
) ENGINE=MyISAM DEFAULT CHARSET=latin1
show keys from t1;
Table	Non_unique	Key_name	Seq_in_index	Column_name	Collation	Cardinality	Sub_part	Packed	Null	Index_type	Comment	Index_comment
t1	0	db_row_hash_1	1	db_row_hash_1	A	NULL	NULL	NULL	YES	BTREE		
t1	0	a	1	a	A	NULL	NULL	NULL	YES	BTREE		
alter table t1 add column clm blob unique;
#try changing the name ;
alter table t1 change column clm clm_changed blob;
show create table t1;
Table	Create Table
t1	CREATE TABLE `t1` (
  `c` int(11) DEFAULT NULL,
  `db_row_hash_1` int(11) DEFAULT NULL,
  `db_row_hash_2` int(11) DEFAULT NULL,
  `db_row_hash_3` int(11) DEFAULT NULL,
  `a` int(11) DEFAULT NULL,
  `clm_changed` blob DEFAULT NULL,
  UNIQUE KEY `db_row_hash_1` (`db_row_hash_1`),
  UNIQUE KEY `a` (`a`),
  UNIQUE KEY `clm` (`clm_changed`)
) ENGINE=MyISAM DEFAULT CHARSET=latin1
show keys from t1;
Table	Non_unique	Key_name	Seq_in_index	Column_name	Collation	Cardinality	Sub_part	Packed	Null	Index_type	Comment	Index_comment
t1	0	db_row_hash_1	1	db_row_hash_1	A	NULL	NULL	NULL	YES	BTREE		
t1	0	a	1	a	A	NULL	NULL	NULL	YES	BTREE		
t1	0	clm	1	clm_changed	A	NULL	NULL	NULL	YES	HASH_INDEX		
#now drop the unique key;
alter table t1 drop key clm;
show create table t1;
Table	Create Table
t1	CREATE TABLE `t1` (
  `c` int(11) DEFAULT NULL,
  `db_row_hash_1` int(11) DEFAULT NULL,
  `db_row_hash_2` int(11) DEFAULT NULL,
  `db_row_hash_3` int(11) DEFAULT NULL,
  `a` int(11) DEFAULT NULL,
  `clm_changed` blob DEFAULT NULL,
  UNIQUE KEY `db_row_hash_1` (`db_row_hash_1`),
  UNIQUE KEY `a` (`a`)
) ENGINE=MyISAM DEFAULT CHARSET=latin1
show keys from t1;
Table	Non_unique	Key_name	Seq_in_index	Column_name	Collation	Cardinality	Sub_part	Packed	Null	Index_type	Comment	Index_comment
t1	0	db_row_hash_1	1	db_row_hash_1	A	NULL	NULL	NULL	YES	BTREE		
t1	0	a	1	a	A	NULL	NULL	NULL	YES	BTREE		
drop table t1;
create table t1 (a TEXT CHARSET latin1 COLLATE latin1_german2_ci unique);
desc t1;
Field	Type	Null	Key	Default	Extra
a	text	YES	UNI	NULL	
show keys from t1;
Table	Non_unique	Key_name	Seq_in_index	Column_name	Collation	Cardinality	Sub_part	Packed	Null	Index_type	Comment	Index_comment
t1	0	a	1	a	A	NULL	NULL	NULL	YES	HASH_INDEX		
insert into t1 values ('ae');
insert into t1 values ('AE');
ERROR 23000: Duplicate entry 'AE' for key 'a'
insert  into t1 values ('Ã„');
drop table t1;
create table t1 (a int primary key, b blob unique);
desc t1;
Field	Type	Null	Key	Default	Extra
a	int(11)	NO	PRI	NULL	
b	blob	YES	UNI	NULL	
show keys from t1;
Table	Non_unique	Key_name	Seq_in_index	Column_name	Collation	Cardinality	Sub_part	Packed	Null	Index_type	Comment	Index_comment
t1	0	PRIMARY	1	a	A	0	NULL	NULL		BTREE		
t1	0	b	1	b	A	NULL	NULL	NULL	YES	HASH_INDEX		
insert into t1 values(1,1),(2,2),(3,3);
insert into t1 values(1,1);
ERROR 23000: Duplicate entry '1' for key 'b'
insert into t1 values(7,1);
ERROR 23000: Duplicate entry '1' for key 'b'
drop table t1;
#table with multiple  long blob column and varchar text column ; 
create table t1(a blob unique, b int , c blob unique , d text unique , e varchar(3000) unique);
insert into t1 values(1,2,3,4,5),(2,11,22,33,44),(3111,222,333,444,555),(5611,2222,3333,4444,5555),
('sachin','ff','fdf','gfgfgfg','hghgr'),('maria','db','frter','dasd','utyuty'),
(123456789034567891,3534534534534,53453453453456,64565464564564,45435345345345),
(123456789034567890,435345345345,657567567567,78967657567567,657567567567567676);
Warnings:
Warning	1366	Incorrect integer value: 'ff' for column 'b' at row 5
Warning	1366	Incorrect integer value: 'db' for column 'b' at row 6
Warning	1264	Out of range value for column 'b' at row 7
Warning	1264	Out of range value for column 'b' at row 8
#table structure;
desc t1;
Field	Type	Null	Key	Default	Extra
a	blob	YES	UNI	NULL	
b	int(11)	YES		NULL	
c	blob	YES	UNI	NULL	
d	text	YES	UNI	NULL	
e	varchar(3000)	YES	UNI	NULL	
show create table t1;
Table	Create Table
t1	CREATE TABLE `t1` (
  `a` blob DEFAULT NULL,
  `b` int(11) DEFAULT NULL,
  `c` blob DEFAULT NULL,
  `d` text DEFAULT NULL,
  `e` varchar(3000) DEFAULT NULL,
  UNIQUE KEY `a` (`a`),
  UNIQUE KEY `c` (`c`),
  UNIQUE KEY `d` (`d`),
  UNIQUE KEY `e` (`e`)
) ENGINE=MyISAM DEFAULT CHARSET=latin1
show keys from t1;
Table	Non_unique	Key_name	Seq_in_index	Column_name	Collation	Cardinality	Sub_part	Packed	Null	Index_type	Comment	Index_comment
t1	0	a	1	a	A	NULL	NULL	NULL	YES	HASH_INDEX		
t1	0	c	1	c	A	NULL	NULL	NULL	YES	HASH_INDEX		
t1	0	d	1	d	A	NULL	NULL	NULL	YES	HASH_INDEX		
t1	0	e	1	e	A	NULL	NULL	NULL	YES	HASH_INDEX		
select * from information_schema.columns where table_schema = 'test' and table_name = 't1';
TABLE_CATALOG	TABLE_SCHEMA	TABLE_NAME	COLUMN_NAME	ORDINAL_POSITION	COLUMN_DEFAULT	IS_NULLABLE	DATA_TYPE	CHARACTER_MAXIMUM_LENGTH	CHARACTER_OCTET_LENGTH	NUMERIC_PRECISION	NUMERIC_SCALE	DATETIME_PRECISION	CHARACTER_SET_NAME	COLLATION_NAME	COLUMN_TYPE	COLUMN_KEY	EXTRA	PRIVILEGES	COLUMN_COMMENT
def	test	t1	a	1	NULL	YES	blob	65535	65535	NULL	NULL	NULL	NULL	NULL	blob	UNI		select,insert,update,references	
def	test	t1	b	2	NULL	YES	int	NULL	NULL	10	0	NULL	NULL	NULL	int(11)			select,insert,update,references	
def	test	t1	c	3	NULL	YES	blob	65535	65535	NULL	NULL	NULL	NULL	NULL	blob	UNI		select,insert,update,references	
def	test	t1	d	4	NULL	YES	text	65535	65535	NULL	NULL	NULL	latin1	latin1_swedish_ci	text	UNI		select,insert,update,references	
def	test	t1	e	5	NULL	YES	varchar	3000	3000	NULL	NULL	NULL	latin1	latin1_swedish_ci	varchar(3000)	UNI		select,insert,update,references	
select * from information_schema.statistics where table_schema = 'test' and table_name = 't1';
TABLE_CATALOG	TABLE_SCHEMA	TABLE_NAME	NON_UNIQUE	INDEX_SCHEMA	INDEX_NAME	SEQ_IN_INDEX	COLUMN_NAME	COLLATION	CARDINALITY	SUB_PART	PACKED	NULLABLE	INDEX_TYPE	COMMENT	INDEX_COMMENT
def	test	t1	0	test	a	1	a	A	NULL	NULL	NULL	YES	HASH_INDEX		
def	test	t1	0	test	c	1	c	A	NULL	NULL	NULL	YES	HASH_INDEX		
def	test	t1	0	test	d	1	d	A	NULL	NULL	NULL	YES	HASH_INDEX		
def	test	t1	0	test	e	1	e	A	NULL	NULL	NULL	YES	HASH_INDEX		
select * from information_schema.key_column_usage where table_schema= 'test' and table_name= 't1';
CONSTRAINT_CATALOG	CONSTRAINT_SCHEMA	CONSTRAINT_NAME	TABLE_CATALOG	TABLE_SCHEMA	TABLE_NAME	COLUMN_NAME	ORDINAL_POSITION	POSITION_IN_UNIQUE_CONSTRAINT	REFERENCED_TABLE_SCHEMA	REFERENCED_TABLE_NAME	REFERENCED_COLUMN_NAME
def	test	a	def	test	t1	a	1	NULL	NULL	NULL	NULL
def	test	c	def	test	t1	c	1	NULL	NULL	NULL	NULL
def	test	d	def	test	t1	d	1	NULL	NULL	NULL	NULL
def	test	e	def	test	t1	e	1	NULL	NULL	NULL	NULL
#table select we should not be able to see db_row_hash_column;
select * from t1;
a	b	c	d	e
1	2	3	4	5
2	11	22	33	44
3111	222	333	444	555
5611	2222	3333	4444	5555
sachin	0	fdf	gfgfgfg	hghgr
maria	0	frter	dasd	utyuty
123456789034567891	2147483647	53453453453456	64565464564564	45435345345345
123456789034567890	2147483647	657567567567	78967657567567	657567567567567676
select db_row_hash_1 from t1;
ERROR 42S22: Unknown column 'db_row_hash_1' in 'field list'
select db_row_hash_2 from t1;
ERROR 42S22: Unknown column 'db_row_hash_2' in 'field list'
select db_row_hash_3 from t1;
ERROR 42S22: Unknown column 'db_row_hash_3' in 'field list'
#duplicate entry test;
insert into t1 values(21,2,3,42,51);
ERROR 23000: Duplicate entry '3' for key 'c'
insert into t1 values('sachin',null,null,null,null);
ERROR 23000: Duplicate entry 'sachi' for key 'a'
insert into t1 values(1234567890345671890,4353453453451,6575675675617,789676575675617,657567567567567676);
ERROR 23000: Duplicate entry '65756' for key 'e'
select * from t1;
a	b	c	d	e
1	2	3	4	5
2	11	22	33	44
3111	222	333	444	555
5611	2222	3333	4444	5555
sachin	0	fdf	gfgfgfg	hghgr
maria	0	frter	dasd	utyuty
123456789034567891	2147483647	53453453453456	64565464564564	45435345345345
123456789034567890	2147483647	657567567567	78967657567567	657567567567567676
insert into t1 values(repeat('s',4000*10),100,repeat('s',4000*10),repeat('s',4000*10),
repeat('s',400)),(repeat('s',4001*10),1000,repeat('s',4001*10),repeat('s',4001*10),
repeat('s',401));
insert into t1 values(repeat('m',4000*11),10,repeat('s',4000*11),repeat('s',4000*11),repeat('s',400));
ERROR 23000: Duplicate entry 'sssss' for key 'e'
truncate table t1;
insert into t1 values(1,2,3,4,5),(2,11,22,33,44),(3111,222,333,444,555),(5611,2222,3333,4444,5555);
#now some alter commands;
alter table t1 add column f int;
desc t1;
Field	Type	Null	Key	Default	Extra
a	blob	YES	UNI	NULL	
b	int(11)	YES		NULL	
c	blob	YES	UNI	NULL	
d	text	YES	UNI	NULL	
e	varchar(3000)	YES	UNI	NULL	
f	int(11)	YES		NULL	
show create table t1;
Table	Create Table
t1	CREATE TABLE `t1` (
  `a` blob DEFAULT NULL,
  `b` int(11) DEFAULT NULL,
  `c` blob DEFAULT NULL,
  `d` text DEFAULT NULL,
  `e` varchar(3000) DEFAULT NULL,
  `f` int(11) DEFAULT NULL,
  UNIQUE KEY `a` (`a`),
  UNIQUE KEY `c` (`c`),
  UNIQUE KEY `d` (`d`),
  UNIQUE KEY `e` (`e`)
) ENGINE=MyISAM DEFAULT CHARSET=latin1
#unique key should not break;
insert into t1 values(1,2,3,4,5,6);
ERROR 23000: Duplicate entry '1' for key 'a'
select db_row_hash_1 , db_row_hash_2, db_row_hash_3 from t1;
ERROR 42S22: Unknown column 'db_row_hash_1' in 'field list'
#now try to change db_row_hash_1 column;
alter table t1 drop column db_row_hash_1, drop column db_row_hash_2, drop column db_row_hash_3;
ERROR 42000: Can't DROP COLUMN `db_row_hash_1`; check that it exists
alter table t1 add column dg int , add column ef int , drop column db_row_hash_1;
ERROR 42000: Can't DROP COLUMN `db_row_hash_1`; check that it exists
alter table t1 modify column db_row_hash_1 int , modify column db_row_hash_2 int, modify column db_row_hash_3 int;
ERROR 42S22: Unknown column 'db_row_hash_1' in 't1'
alter table t1 add column ar int , add column rb int, modify column db_row_hash_1 int , modify column db_row_hash_3 int;
ERROR 42S22: Unknown column 'db_row_hash_1' in 't1'
alter table t1 change column db_row_hash_1 dsds int , change column  db_row_hash_2  dfdf int , change column db_row_hash_3 gdfg int ;
ERROR 42S22: Unknown column 'db_row_hash_1' in 't1'
alter table t1 add column asd int, drop column a, change column db_row_hash_1 dsds int, change db_row_hash_3 fdfdfd int;
ERROR 42S22: Unknown column 'db_row_hash_1' in 't1'
alter table t1 drop column b , add column g int;
show create table t1;
Table	Create Table
t1	CREATE TABLE `t1` (
  `a` blob DEFAULT NULL,
  `c` blob DEFAULT NULL,
  `d` text DEFAULT NULL,
  `e` varchar(3000) DEFAULT NULL,
  `f` int(11) DEFAULT NULL,
  `g` int(11) DEFAULT NULL,
  UNIQUE KEY `a` (`a`),
  UNIQUE KEY `c` (`c`),
  UNIQUE KEY `d` (`d`),
  UNIQUE KEY `e` (`e`)
) ENGINE=MyISAM DEFAULT CHARSET=latin1
#now add some column with name db_row_hash;
alter table t1 add column db_row_hash_1 int unique;
alter table t1 add column db_row_hash_2 int unique;
alter table t1 add column db_row_hash_3 int unique;
show create table t1;
Table	Create Table
t1	CREATE TABLE `t1` (
  `a` blob DEFAULT NULL,
  `c` blob DEFAULT NULL,
  `d` text DEFAULT NULL,
  `e` varchar(3000) DEFAULT NULL,
  `f` int(11) DEFAULT NULL,
  `g` int(11) DEFAULT NULL,
  `db_row_hash_1` int(11) DEFAULT NULL,
  `db_row_hash_2` int(11) DEFAULT NULL,
  `db_row_hash_3` int(11) DEFAULT NULL,
  UNIQUE KEY `a` (`a`),
  UNIQUE KEY `c` (`c`),
  UNIQUE KEY `d` (`d`),
  UNIQUE KEY `e` (`e`),
  UNIQUE KEY `db_row_hash_1` (`db_row_hash_1`),
  UNIQUE KEY `db_row_hash_2` (`db_row_hash_2`),
  UNIQUE KEY `db_row_hash_3` (`db_row_hash_3`)
) ENGINE=MyISAM DEFAULT CHARSET=latin1
alter table t1 add column db_row_hash_7 int, add column db_row_hash_5 int , add column db_row_hash_4 int ;
alter table t1 drop column db_row_hash_7,drop column db_row_hash_3, drop column db_row_hash_4;
desc t1;
Field	Type	Null	Key	Default	Extra
a	blob	YES	UNI	NULL	
c	blob	YES	UNI	NULL	
d	text	YES	UNI	NULL	
e	varchar(3000)	YES	UNI	NULL	
f	int(11)	YES		NULL	
g	int(11)	YES		NULL	
db_row_hash_1	int(11)	YES	UNI	NULL	
db_row_hash_2	int(11)	YES	UNI	NULL	
db_row_hash_5	int(11)	YES		NULL	
#this show now break anything;
insert into t1 values(1,2,3,4,5,6,23,5,6);
ERROR 23000: Duplicate entry '1' for key 'a'
#this should also drop the unique index;
alter table t1 drop column a, drop column c;
show create table t1;
Table	Create Table
t1	CREATE TABLE `t1` (
  `d` text DEFAULT NULL,
  `e` varchar(3000) DEFAULT NULL,
  `f` int(11) DEFAULT NULL,
  `g` int(11) DEFAULT NULL,
  `db_row_hash_1` int(11) DEFAULT NULL,
  `db_row_hash_2` int(11) DEFAULT NULL,
  `db_row_hash_5` int(11) DEFAULT NULL,
  UNIQUE KEY `d` (`d`),
  UNIQUE KEY `e` (`e`),
  UNIQUE KEY `db_row_hash_1` (`db_row_hash_1`),
  UNIQUE KEY `db_row_hash_2` (`db_row_hash_2`)
) ENGINE=MyISAM DEFAULT CHARSET=latin1
show keys from t1;
Table	Non_unique	Key_name	Seq_in_index	Column_name	Collation	Cardinality	Sub_part	Packed	Null	Index_type	Comment	Index_comment
t1	0	d	1	d	A	NULL	65535	NULL	YES	HASH_INDEX		
t1	0	e	1	e	A	NULL	NULL	NULL	YES	HASH_INDEX		
t1	0	db_row_hash_1	1	db_row_hash_1	A	NULL	NULL	NULL	YES	BTREE		
t1	0	db_row_hash_2	1	db_row_hash_2	A	NULL	NULL	NULL	YES	BTREE		
#add column with unique index on blob;
alter table t1 add column a blob unique;
show create table t1;
Table	Create Table
t1	CREATE TABLE `t1` (
  `d` text DEFAULT NULL,
  `e` varchar(3000) DEFAULT NULL,
  `f` int(11) DEFAULT NULL,
  `g` int(11) DEFAULT NULL,
  `db_row_hash_1` int(11) DEFAULT NULL,
  `db_row_hash_2` int(11) DEFAULT NULL,
  `db_row_hash_5` int(11) DEFAULT NULL,
  `a` blob DEFAULT NULL,
  UNIQUE KEY `d` (`d`),
  UNIQUE KEY `e` (`e`),
  UNIQUE KEY `db_row_hash_1` (`db_row_hash_1`),
  UNIQUE KEY `db_row_hash_2` (`db_row_hash_2`),
  UNIQUE KEY `a` (`a`)
) ENGINE=MyISAM DEFAULT CHARSET=latin1
show keys from t1;
Table	Non_unique	Key_name	Seq_in_index	Column_name	Collation	Cardinality	Sub_part	Packed	Null	Index_type	Comment	Index_comment
t1	0	d	1	d	A	NULL	65535	NULL	YES	HASH_INDEX		
t1	0	e	1	e	A	NULL	NULL	NULL	YES	HASH_INDEX		
t1	0	db_row_hash_1	1	db_row_hash_1	A	NULL	NULL	NULL	YES	BTREE		
t1	0	db_row_hash_2	1	db_row_hash_2	A	NULL	NULL	NULL	YES	BTREE		
t1	0	a	1	a	A	NULL	NULL	NULL	YES	HASH_INDEX		
#try to change the blob unique column name;
#this will change index to b tree;
alter table t1 modify  column a  int ,  modify column e int;
show create table t1;
Table	Create Table
t1	CREATE TABLE `t1` (
  `d` text DEFAULT NULL,
  `e` int(11) DEFAULT NULL,
  `f` int(11) DEFAULT NULL,
  `g` int(11) DEFAULT NULL,
  `db_row_hash_1` int(11) DEFAULT NULL,
  `db_row_hash_2` int(11) DEFAULT NULL,
  `db_row_hash_5` int(11) DEFAULT NULL,
  `a` int(11) DEFAULT NULL,
  UNIQUE KEY `d` (`d`),
  UNIQUE KEY `e` (`e`),
  UNIQUE KEY `db_row_hash_1` (`db_row_hash_1`),
  UNIQUE KEY `db_row_hash_2` (`db_row_hash_2`),
  UNIQUE KEY `a` (`a`)
) ENGINE=MyISAM DEFAULT CHARSET=latin1
show keys from t1;
Table	Non_unique	Key_name	Seq_in_index	Column_name	Collation	Cardinality	Sub_part	Packed	Null	Index_type	Comment	Index_comment
t1	0	d	1	d	A	NULL	65535	NULL	YES	HASH_INDEX		
t1	0	e	1	e	A	NULL	NULL	NULL	YES	BTREE		
t1	0	db_row_hash_1	1	db_row_hash_1	A	NULL	NULL	NULL	YES	BTREE		
t1	0	db_row_hash_2	1	db_row_hash_2	A	NULL	NULL	NULL	YES	BTREE		
t1	0	a	1	a	A	NULL	NULL	NULL	YES	BTREE		
alter table t1 add column clm1 blob unique,add column clm2 blob unique;
#try changing the name; 
alter table t1 change column clm1 clm_changed1 blob, change column clm2 clm_changed2 blob;
show create table t1;
Table	Create Table
t1	CREATE TABLE `t1` (
  `d` text DEFAULT NULL,
  `e` int(11) DEFAULT NULL,
  `f` int(11) DEFAULT NULL,
  `g` int(11) DEFAULT NULL,
  `db_row_hash_1` int(11) DEFAULT NULL,
  `db_row_hash_2` int(11) DEFAULT NULL,
  `db_row_hash_5` int(11) DEFAULT NULL,
  `a` int(11) DEFAULT NULL,
  `clm_changed1` blob DEFAULT NULL,
  `clm_changed2` blob DEFAULT NULL,
  UNIQUE KEY `d` (`d`),
  UNIQUE KEY `e` (`e`),
  UNIQUE KEY `db_row_hash_1` (`db_row_hash_1`),
  UNIQUE KEY `db_row_hash_2` (`db_row_hash_2`),
  UNIQUE KEY `a` (`a`),
  UNIQUE KEY `clm1` (`clm_changed1`),
  UNIQUE KEY `clm2` (`clm_changed2`)
) ENGINE=MyISAM DEFAULT CHARSET=latin1
show keys from t1;
Table	Non_unique	Key_name	Seq_in_index	Column_name	Collation	Cardinality	Sub_part	Packed	Null	Index_type	Comment	Index_comment
t1	0	d	1	d	A	NULL	65535	NULL	YES	HASH_INDEX		
t1	0	e	1	e	A	NULL	NULL	NULL	YES	BTREE		
t1	0	db_row_hash_1	1	db_row_hash_1	A	NULL	NULL	NULL	YES	BTREE		
t1	0	db_row_hash_2	1	db_row_hash_2	A	NULL	NULL	NULL	YES	BTREE		
t1	0	a	1	a	A	NULL	NULL	NULL	YES	BTREE		
t1	0	clm1	1	clm_changed1	A	NULL	NULL	NULL	YES	HASH_INDEX		
t1	0	clm2	1	clm_changed2	A	NULL	NULL	NULL	YES	HASH_INDEX		
#now drop the unique key;
alter table t1 drop key clm1, drop key clm2;
show create table t1;
Table	Create Table
t1	CREATE TABLE `t1` (
  `d` text DEFAULT NULL,
  `e` int(11) DEFAULT NULL,
  `f` int(11) DEFAULT NULL,
  `g` int(11) DEFAULT NULL,
  `db_row_hash_1` int(11) DEFAULT NULL,
  `db_row_hash_2` int(11) DEFAULT NULL,
  `db_row_hash_5` int(11) DEFAULT NULL,
  `a` int(11) DEFAULT NULL,
  `clm_changed1` blob DEFAULT NULL,
  `clm_changed2` blob DEFAULT NULL,
  UNIQUE KEY `d` (`d`),
  UNIQUE KEY `e` (`e`),
  UNIQUE KEY `db_row_hash_1` (`db_row_hash_1`),
  UNIQUE KEY `db_row_hash_2` (`db_row_hash_2`),
  UNIQUE KEY `a` (`a`)
) ENGINE=MyISAM DEFAULT CHARSET=latin1
show keys from t1;
Table	Non_unique	Key_name	Seq_in_index	Column_name	Collation	Cardinality	Sub_part	Packed	Null	Index_type	Comment	Index_comment
t1	0	d	1	d	A	NULL	65535	NULL	YES	HASH_INDEX		
t1	0	e	1	e	A	NULL	NULL	NULL	YES	BTREE		
t1	0	db_row_hash_1	1	db_row_hash_1	A	NULL	NULL	NULL	YES	BTREE		
t1	0	db_row_hash_2	1	db_row_hash_2	A	NULL	NULL	NULL	YES	BTREE		
t1	0	a	1	a	A	NULL	NULL	NULL	YES	BTREE		
drop table t1;
#now the table with key on multiple columns; the ultimate test;
create table t1(a blob, b int , c varchar(2000) , d text  , e varchar(3000) , f longblob , g int , h text ,
unique(a,b,c), unique(c,d,e),unique(e,f,g,h),unique(a,b,c,d,e,f),unique(d,e,f,g,h),unique(a,b,c,d,e,f,g,h));
insert into t1 values(1,1,1,1,1,1,1,1),(2,2,2,2,2,2,2,2),(3,3,3,3,3,3,3,3),(4,4,4,4,4,4,4,4),(5,5,5,5,5,5,5,5),
('maria',6,'maria','maria','maria','maria',6,'maria'),('mariadb',7,'mariadb','mariadb','mariadb','mariadb',8,'mariadb')
,(null,null,null,null,null,null,null,null),(null,null,null,null,null,null,null,null);
#table structure;
desc t1;
Field	Type	Null	Key	Default	Extra
a	blob	YES	MUL	NULL	
b	int(11)	YES		NULL	
c	varchar(2000)	YES	UNI	NULL	
d	text	YES	MUL	NULL	
e	varchar(3000)	YES	UNI	NULL	
f	longblob	YES	UNI	NULL	
g	int(11)	YES		NULL	
h	text	YES	UNI	NULL	
show create table t1;
Table	Create Table
t1	CREATE TABLE `t1` (
  `a` blob DEFAULT NULL,
  `b` int(11) DEFAULT NULL,
  `c` varchar(2000) DEFAULT NULL,
  `d` text DEFAULT NULL,
  `e` varchar(3000) DEFAULT NULL,
  `f` longblob DEFAULT NULL,
  `g` int(11) DEFAULT NULL,
  `h` text DEFAULT NULL,
  UNIQUE KEY `a` (`c`),
  UNIQUE KEY `c` (`e`),
  UNIQUE KEY `e` (`h`),
  UNIQUE KEY `a_2` (`f`),
  UNIQUE KEY `d` (`h`),
  UNIQUE KEY `a_3` (`h`)
) ENGINE=MyISAM DEFAULT CHARSET=latin1
show keys from t1;
Table	Non_unique	Key_name	Seq_in_index	Column_name	Collation	Cardinality	Sub_part	Packed	Null	Index_type	Comment	Index_comment
t1	0	a	1	c	A	NULL	NULL	NULL	YES	HASH_INDEX		
t1	0	c	1	e	A	NULL	NULL	NULL	YES	HASH_INDEX		
t1	0	e	1	h	A	NULL	NULL	NULL	YES	HASH_INDEX		
t1	0	a_2	1	f	A	NULL	NULL	NULL	YES	HASH_INDEX		
t1	0	d	1	h	A	NULL	NULL	NULL	YES	HASH_INDEX		
t1	0	a_3	1	h	A	NULL	NULL	NULL	YES	HASH_INDEX		
select * from information_schema.columns where table_schema = 'test' and table_name = 't1';
TABLE_CATALOG	TABLE_SCHEMA	TABLE_NAME	COLUMN_NAME	ORDINAL_POSITION	COLUMN_DEFAULT	IS_NULLABLE	DATA_TYPE	CHARACTER_MAXIMUM_LENGTH	CHARACTER_OCTET_LENGTH	NUMERIC_PRECISION	NUMERIC_SCALE	DATETIME_PRECISION	CHARACTER_SET_NAME	COLLATION_NAME	COLUMN_TYPE	COLUMN_KEY	EXTRA	PRIVILEGES	COLUMN_COMMENT
def	test	t1	a	1	NULL	YES	blob	65535	65535	NULL	NULL	NULL	NULL	NULL	blob	MUL		select,insert,update,references	
def	test	t1	b	2	NULL	YES	int	NULL	NULL	10	0	NULL	NULL	NULL	int(11)			select,insert,update,references	
def	test	t1	c	3	NULL	YES	varchar	2000	2000	NULL	NULL	NULL	latin1	latin1_swedish_ci	varchar(2000)	UNI		select,insert,update,references	
def	test	t1	d	4	NULL	YES	text	65535	65535	NULL	NULL	NULL	latin1	latin1_swedish_ci	text	MUL		select,insert,update,references	
def	test	t1	e	5	NULL	YES	varchar	3000	3000	NULL	NULL	NULL	latin1	latin1_swedish_ci	varchar(3000)	UNI		select,insert,update,references	
def	test	t1	f	6	NULL	YES	longblob	4294967295	4294967295	NULL	NULL	NULL	NULL	NULL	longblob			select,insert,update,references	
def	test	t1	g	7	NULL	YES	int	NULL	NULL	10	0	NULL	NULL	NULL	int(11)	UNI		select,insert,update,references	
def	test	t1	h	8	NULL	YES	text	65535	65535	NULL	NULL	NULL	latin1	latin1_swedish_ci	text			select,insert,update,references	
select * from information_schema.statistics where table_schema = 'test' and table_name = 't1';
TABLE_CATALOG	TABLE_SCHEMA	TABLE_NAME	NON_UNIQUE	INDEX_SCHEMA	INDEX_NAME	SEQ_IN_INDEX	COLUMN_NAME	COLLATION	CARDINALITY	SUB_PART	PACKED	NULLABLE	INDEX_TYPE	COMMENT	INDEX_COMMENT
def	test	t1	0	test	a	1	c	A	NULL	NULL	NULL	YES	HASH_INDEX		
def	test	t1	0	test	c	1	e	A	NULL	NULL	NULL	YES	HASH_INDEX		
def	test	t1	0	test	e	1	h	A	NULL	NULL	NULL	YES	HASH_INDEX		
def	test	t1	0	test	a_2	1	f	A	NULL	NULL	NULL	YES	HASH_INDEX		
def	test	t1	0	test	d	1	h	A	NULL	NULL	NULL	YES	HASH_INDEX		
def	test	t1	0	test	a_3	1	h	A	NULL	NULL	NULL	YES	HASH_INDEX		
select * from information_schema.key_column_usage where table_schema= 'test' and table_name= 't1';
CONSTRAINT_CATALOG	CONSTRAINT_SCHEMA	CONSTRAINT_NAME	TABLE_CATALOG	TABLE_SCHEMA	TABLE_NAME	COLUMN_NAME	ORDINAL_POSITION	POSITION_IN_UNIQUE_CONSTRAINT	REFERENCED_TABLE_SCHEMA	REFERENCED_TABLE_NAME	REFERENCED_COLUMN_NAME
def	test	a	def	test	t1	c	1	NULL	NULL	NULL	NULL
def	test	c	def	test	t1	e	1	NULL	NULL	NULL	NULL
def	test	e	def	test	t1	h	1	NULL	NULL	NULL	NULL
def	test	a_2	def	test	t1	f	1	NULL	NULL	NULL	NULL
def	test	d	def	test	t1	h	1	NULL	NULL	NULL	NULL
def	test	a_3	def	test	t1	h	1	NULL	NULL	NULL	NULL
# table select we should not be able to see db_row_hash_column;
select * from t1;
a	b	c	d	e	f	g	h
1	1	1	1	1	1	1	1
2	2	2	2	2	2	2	2
3	3	3	3	3	3	3	3
4	4	4	4	4	4	4	4
5	5	5	5	5	5	5	5
maria	6	maria	maria	maria	maria	6	maria
mariadb	7	mariadb	mariadb	mariadb	mariadb	8	mariadb
NULL	NULL	NULL	NULL	NULL	NULL	NULL	NULL
NULL	NULL	NULL	NULL	NULL	NULL	NULL	NULL
select db_row_hash_1 from t1;
ERROR 42S22: Unknown column 'db_row_hash_1' in 'field list'
select db_row_hash_2 from t1;
ERROR 42S22: Unknown column 'db_row_hash_2' in 'field list'
select db_row_hash_3 from t1;
ERROR 42S22: Unknown column 'db_row_hash_3' in 'field list'
#duplicate entry test;
#duplicate keys entry;
insert into t1 values(1,1,1,0,0,0,0,0);
ERROR 23000: Duplicate entry '1-1-1' for key 'a'
insert into t1 values(0,0,1,1,1,0,0,0);
ERROR 23000: Duplicate entry '1-1-1' for key 'c'
insert into t1 values(0,0,0,0,1,1,1,1);
ERROR 23000: Duplicate entry '1-1-1-1' for key 'e'
insert into t1 values(1,1,1,1,1,0,0,0);
ERROR 23000: Duplicate entry '1-1-1' for key 'a'
insert into t1 values(0,0,0,0,1,1,1,1);
ERROR 23000: Duplicate entry '1-1-1-1' for key 'e'
insert into t1 values(1,1,1,1,1,1,1,1);
ERROR 23000: Duplicate entry '1-1-1' for key 'a'
select db_row_hash_1,db_row_hash_2,db_row_hash_3,db_row_hash_4,db_row_hash_5 from t1;
ERROR 42S22: Unknown column 'db_row_hash_1' in 'field list'
alter table t1 drop column db_row_hash_1, drop column db_row_hash_2, drop column db_row_hash_3;
ERROR 42000: Can't DROP COLUMN `db_row_hash_1`; check that it exists
alter table t1 add column dg int , add column ef int , drop column db_row_hash_1;
ERROR 42000: Can't DROP COLUMN `db_row_hash_1`; check that it exists
alter table t1 modify column db_row_hash_1 int , modify column db_row_hash_2 int, modify column db_row_hash_3 int;
ERROR 42S22: Unknown column 'db_row_hash_1' in 't1'
alter table t1 add column ar int , add column rb int, modify column db_row_hash_1 int , modify column db_row_hash_3 int;
ERROR 42S22: Unknown column 'db_row_hash_1' in 't1'
alter table t1 change column db_row_hash_1 dsds int , change column  db_row_hash_2  dfdf int , change column db_row_hash_3 gdfg int ;
ERROR 42S22: Unknown column 'db_row_hash_1' in 't1'
alter table t1 add column asd int, drop column a, change column db_row_hash_1 dsds int, change db_row_hash_3 fdfdfd int;
ERROR 42S22: Unknown column 'db_row_hash_1' in 't1'
show create table t1;
Table	Create Table
t1	CREATE TABLE `t1` (
  `a` blob DEFAULT NULL,
  `b` int(11) DEFAULT NULL,
  `c` varchar(2000) DEFAULT NULL,
  `d` text DEFAULT NULL,
  `e` varchar(3000) DEFAULT NULL,
  `f` longblob DEFAULT NULL,
  `g` int(11) DEFAULT NULL,
  `h` text DEFAULT NULL,
  UNIQUE KEY `a` (`c`),
  UNIQUE KEY `c` (`e`),
  UNIQUE KEY `e` (`h`),
  UNIQUE KEY `a_2` (`f`),
  UNIQUE KEY `d` (`h`),
  UNIQUE KEY `a_3` (`h`)
) ENGINE=MyISAM DEFAULT CHARSET=latin1
# add column named db_row_hash_*;
alter table t1 add column db_row_hash_7 int , add column db_row_hash_5 int,
add column db_row_hash_1 int, add column db_row_hash_2 int;
show create table t1;
Table	Create Table
t1	CREATE TABLE `t1` (
  `a` blob DEFAULT NULL,
  `b` int(11) DEFAULT NULL,
  `c` varchar(2000) DEFAULT NULL,
  `d` text DEFAULT NULL,
  `e` varchar(3000) DEFAULT NULL,
  `f` longblob DEFAULT NULL,
  `g` int(11) DEFAULT NULL,
  `h` text DEFAULT NULL,
  `db_row_hash_7` int(11) DEFAULT NULL,
  `db_row_hash_5` int(11) DEFAULT NULL,
  `db_row_hash_1` int(11) DEFAULT NULL,
  `db_row_hash_2` int(11) DEFAULT NULL,
  UNIQUE KEY `a` (`c`),
  UNIQUE KEY `c` (`e`),
  UNIQUE KEY `e` (`h`),
  UNIQUE KEY `a_2` (`f`),
  UNIQUE KEY `d` (`h`),
  UNIQUE KEY `a_3` (`h`)
) ENGINE=MyISAM DEFAULT CHARSET=latin1
show keys from t1;
Table	Non_unique	Key_name	Seq_in_index	Column_name	Collation	Cardinality	Sub_part	Packed	Null	Index_type	Comment	Index_comment
t1	0	a	1	c	A	NULL	NULL	NULL	YES	HASH_INDEX		
t1	0	c	1	e	A	NULL	NULL	NULL	YES	HASH_INDEX		
t1	0	e	1	h	A	NULL	65535	NULL	YES	HASH_INDEX		
t1	0	a_2	1	f	A	NULL	65535	NULL	YES	HASH_INDEX		
t1	0	d	1	h	A	NULL	65535	NULL	YES	HASH_INDEX		
t1	0	a_3	1	h	A	NULL	65535	NULL	YES	HASH_INDEX		
alter table t1 drop column db_row_hash_7  , drop column db_row_hash_5 ,
drop column db_row_hash_1, drop column db_row_hash_2 ;
show create table t1;
Table	Create Table
t1	CREATE TABLE `t1` (
  `a` blob DEFAULT NULL,
  `b` int(11) DEFAULT NULL,
  `c` varchar(2000) DEFAULT NULL,
  `d` text DEFAULT NULL,
  `e` varchar(3000) DEFAULT NULL,
  `f` longblob DEFAULT NULL,
  `g` int(11) DEFAULT NULL,
  `h` text DEFAULT NULL,
  UNIQUE KEY `a` (`c`),
  UNIQUE KEY `c` (`e`),
  UNIQUE KEY `e` (`h`),
  UNIQUE KEY `d` (`h`),
  UNIQUE KEY `a_3` (`h`),
  UNIQUE KEY `a_2` (`f`)
) ENGINE=MyISAM DEFAULT CHARSET=latin1
show keys from t1;
Table	Non_unique	Key_name	Seq_in_index	Column_name	Collation	Cardinality	Sub_part	Packed	Null	Index_type	Comment	Index_comment
t1	0	a	1	c	A	NULL	NULL	NULL	YES	HASH_INDEX		
t1	0	c	1	e	A	NULL	NULL	NULL	YES	HASH_INDEX		
t1	0	e	1	h	A	NULL	65535	NULL	YES	HASH_INDEX		
t1	0	d	1	h	A	NULL	65535	NULL	YES	HASH_INDEX		
t1	0	a_3	1	h	A	NULL	65535	NULL	YES	HASH_INDEX		
t1	0	a_2	1	f	A	NULL	65535	NULL	YES	HASH_INDEX		
#try to change column names;
alter table t1 change column a aa blob , change column b bb blob , change column d dd blob;
show create table t1;
Table	Create Table
t1	CREATE TABLE `t1` (
  `aa` blob DEFAULT NULL,
  `bb` blob DEFAULT NULL,
  `c` varchar(2000) DEFAULT NULL,
  `dd` blob DEFAULT NULL,
  `e` varchar(3000) DEFAULT NULL,
  `f` longblob DEFAULT NULL,
  `g` int(11) DEFAULT NULL,
  `h` text DEFAULT NULL,
  UNIQUE KEY `a` (`c`),
  UNIQUE KEY `c` (`e`),
  UNIQUE KEY `e` (`h`),
  UNIQUE KEY `d` (`h`),
  UNIQUE KEY `a_3` (`h`),
  UNIQUE KEY `a_2` (`f`)
) ENGINE=MyISAM DEFAULT CHARSET=latin1
show keys from t1;
Table	Non_unique	Key_name	Seq_in_index	Column_name	Collation	Cardinality	Sub_part	Packed	Null	Index_type	Comment	Index_comment
t1	0	a	1	c	A	NULL	NULL	NULL	YES	HASH_INDEX		
t1	0	c	1	e	A	NULL	NULL	NULL	YES	HASH_INDEX		
t1	0	e	1	h	A	NULL	65535	NULL	YES	HASH_INDEX		
t1	0	d	1	h	A	NULL	65535	NULL	YES	HASH_INDEX		
t1	0	a_3	1	h	A	NULL	65535	NULL	YES	HASH_INDEX		
t1	0	a_2	1	f	A	NULL	65535	NULL	YES	HASH_INDEX		
alter table t1 change column aa a blob , change column bb b blob , change column dd d blob;
show create table t1;
Table	Create Table
t1	CREATE TABLE `t1` (
  `a` blob DEFAULT NULL,
  `b` blob DEFAULT NULL,
  `c` varchar(2000) DEFAULT NULL,
  `d` blob DEFAULT NULL,
  `e` varchar(3000) DEFAULT NULL,
  `f` longblob DEFAULT NULL,
  `g` int(11) DEFAULT NULL,
  `h` text DEFAULT NULL,
  UNIQUE KEY `a` (`c`),
  UNIQUE KEY `c` (`e`),
  UNIQUE KEY `e` (`h`),
  UNIQUE KEY `d` (`h`),
  UNIQUE KEY `a_3` (`h`),
  UNIQUE KEY `a_2` (`f`)
) ENGINE=MyISAM DEFAULT CHARSET=latin1
show keys from t1;
Table	Non_unique	Key_name	Seq_in_index	Column_name	Collation	Cardinality	Sub_part	Packed	Null	Index_type	Comment	Index_comment
t1	0	a	1	c	A	NULL	NULL	NULL	YES	HASH_INDEX		
t1	0	c	1	e	A	NULL	NULL	NULL	YES	HASH_INDEX		
t1	0	e	1	h	A	NULL	65535	NULL	YES	HASH_INDEX		
t1	0	d	1	h	A	NULL	65535	NULL	YES	HASH_INDEX		
t1	0	a_3	1	h	A	NULL	65535	NULL	YES	HASH_INDEX		
t1	0	a_2	1	f	A	NULL	65535	NULL	YES	HASH_INDEX		
#now we will change the data type to int and varchar limit so that we no longer  require hash_index;
#on key a_b_c;
alter table t1 modify column a varchar(20) , modify column b varchar(20) , modify column c varchar(20);
show create table t1;
Table	Create Table
t1	CREATE TABLE `t1` (
  `a` varchar(20) DEFAULT NULL,
  `b` varchar(20) DEFAULT NULL,
  `c` varchar(20) DEFAULT NULL,
  `d` blob DEFAULT NULL,
  `e` varchar(3000) DEFAULT NULL,
  `f` longblob DEFAULT NULL,
  `g` int(11) DEFAULT NULL,
  `h` text DEFAULT NULL,
  UNIQUE KEY `a` (`c`),
  UNIQUE KEY `c` (`e`),
  UNIQUE KEY `e` (`h`),
  UNIQUE KEY `d` (`h`),
  UNIQUE KEY `a_3` (`h`),
  UNIQUE KEY `a_2` (`f`)
) ENGINE=MyISAM DEFAULT CHARSET=latin1
show keys from t1;
Table	Non_unique	Key_name	Seq_in_index	Column_name	Collation	Cardinality	Sub_part	Packed	Null	Index_type	Comment	Index_comment
t1	0	a	1	c	A	NULL	NULL	NULL	YES	BTREE		
t1	0	c	1	e	A	NULL	NULL	NULL	YES	HASH_INDEX		
t1	0	e	1	h	A	NULL	65535	NULL	YES	HASH_INDEX		
t1	0	d	1	h	A	NULL	65535	NULL	YES	HASH_INDEX		
t1	0	a_3	1	h	A	NULL	65535	NULL	YES	HASH_INDEX		
t1	0	a_2	1	f	A	NULL	65535	NULL	YES	HASH_INDEX		
#change it back; 
alter table t1 modify column a blob , modify column b blob , modify column c blob;
show create table t1;
Table	Create Table
t1	CREATE TABLE `t1` (
  `a` blob DEFAULT NULL,
  `b` blob DEFAULT NULL,
  `c` blob DEFAULT NULL,
  `d` blob DEFAULT NULL,
  `e` varchar(3000) DEFAULT NULL,
  `f` longblob DEFAULT NULL,
  `g` int(11) DEFAULT NULL,
  `h` text DEFAULT NULL,
  UNIQUE KEY `a` (`c`),
  UNIQUE KEY `c` (`e`),
  UNIQUE KEY `e` (`h`),
  UNIQUE KEY `d` (`h`),
  UNIQUE KEY `a_3` (`h`),
  UNIQUE KEY `a_2` (`f`)
) ENGINE=MyISAM DEFAULT CHARSET=latin1
show keys from t1;
Table	Non_unique	Key_name	Seq_in_index	Column_name	Collation	Cardinality	Sub_part	Packed	Null	Index_type	Comment	Index_comment
t1	0	a	1	c	A	NULL	NULL	NULL	YES	HASH_INDEX		
t1	0	c	1	e	A	NULL	NULL	NULL	YES	HASH_INDEX		
t1	0	e	1	h	A	NULL	65535	NULL	YES	HASH_INDEX		
t1	0	d	1	h	A	NULL	65535	NULL	YES	HASH_INDEX		
t1	0	a_3	1	h	A	NULL	65535	NULL	YES	HASH_INDEX		
t1	0	a_2	1	f	A	NULL	65535	NULL	YES	HASH_INDEX		
#try to delete blob column in unique;
truncate table t1;
alter table t1 drop column a, drop column b, drop  column c;
show create table t1;
Table	Create Table
t1	CREATE TABLE `t1` (
  `d` blob DEFAULT NULL,
  `e` varchar(3000) DEFAULT NULL,
  `f` longblob DEFAULT NULL,
  `g` int(11) DEFAULT NULL,
  `h` text DEFAULT NULL,
  UNIQUE KEY `c` (`e`),
  UNIQUE KEY `e` (`h`),
  UNIQUE KEY `d` (`h`),
  UNIQUE KEY `a_3` (`h`),
  UNIQUE KEY `a_2` (`f`)
) ENGINE=MyISAM DEFAULT CHARSET=latin1
show keys from t1;
Table	Non_unique	Key_name	Seq_in_index	Column_name	Collation	Cardinality	Sub_part	Packed	Null	Index_type	Comment	Index_comment
t1	0	c	1	e	A	NULL	NULL	NULL	YES	HASH_INDEX		
t1	0	e	1	h	A	NULL	65535	NULL	YES	HASH_INDEX		
t1	0	d	1	h	A	NULL	65535	NULL	YES	HASH_INDEX		
t1	0	a_3	1	h	A	NULL	65535	NULL	YES	HASH_INDEX		
t1	0	a_2	1	f	A	NULL	65535	NULL	YES	HASH_INDEX		
#now try to delete keys;
alter table t1 drop key c, drop key e;
show create table t1;
Table	Create Table
t1	CREATE TABLE `t1` (
  `d` blob DEFAULT NULL,
  `e` varchar(3000) DEFAULT NULL,
  `f` longblob DEFAULT NULL,
  `g` int(11) DEFAULT NULL,
  `h` text DEFAULT NULL,
  UNIQUE KEY `d` (`h`),
  UNIQUE KEY `a_3` (`h`),
  UNIQUE KEY `a_2` (`f`)
) ENGINE=MyISAM DEFAULT CHARSET=latin1
show keys from t1;
Table	Non_unique	Key_name	Seq_in_index	Column_name	Collation	Cardinality	Sub_part	Packed	Null	Index_type	Comment	Index_comment
t1	0	d	1	h	A	NULL	65535	NULL	YES	HASH_INDEX		
t1	0	a_3	1	h	A	NULL	65535	NULL	YES	HASH_INDEX		
t1	0	a_2	1	f	A	NULL	65535	NULL	YES	HASH_INDEX		
drop table t1;
#now alter table containing some data basically some tests with ignore; 
create table t1 (a blob);
insert into t1 values(1),(2),(3);
#normal alter table;
alter table t1 add unique key(a);
alter table t1 drop key a;
truncate table t1;
insert into t1 values(1),(1),(2),(2),(3);
alter table t1 add unique key(a);
ERROR 23000: Duplicate entry '1' for key 'a'
alter ignore table t1 add unique key(a);
select * from t1;
a
1
2
3
insert into t1 values(1);
ERROR 23000: Duplicate entry '1' for key 'a'
show create table t1;
Table	Create Table
t1	CREATE TABLE `t1` (
  `a` blob DEFAULT NULL,
  UNIQUE KEY `a` (`a`)
) ENGINE=MyISAM DEFAULT CHARSET=latin1
show keys from t1;
Table	Non_unique	Key_name	Seq_in_index	Column_name	Collation	Cardinality	Sub_part	Packed	Null	Index_type	Comment	Index_comment
t1	0	a	1	a	A	NULL	65535	NULL	YES	HASH_INDEX		
drop table t1;
#Now with multiple keys;
create table t1(a blob , b blob, c blob , d blob , e int);
insert into t1 values (1,1,1,1,1);
insert into t1 values (1,1,1,1,1);
insert into t1 values (2,1,1,1,1);
insert into t1 values (2,2,2,2,2);
insert into t1 values (3,3,4,4,4);
insert into t1 values (4,4,4,4,4);
alter table t1 add unique key(a,c), add unique key(b,d), add unique key(e);
ERROR 23000: Duplicate entry '1-1' for key 'a'
alter ignore  table t1 add unique key(a,c), add unique key(b,d), add unique key(e);
select * from t1;
a	b	c	d	e
1	1	1	1	1
2	2	2	2	2
3	3	4	4	4
insert into t1 values (1,12,1,13,14);
ERROR 23000: Duplicate entry '1-1' for key 'a'
insert into t1 values (12,1,14,1,14);
ERROR 23000: Duplicate entry '1-1' for key 'b'
insert into t1 values (13,12,13,14,4);
ERROR 23000: Duplicate entry '4' for key 'e'
show create table t1;
Table	Create Table
t1	CREATE TABLE `t1` (
  `a` blob DEFAULT NULL,
  `b` blob DEFAULT NULL,
  `c` blob DEFAULT NULL,
  `d` blob DEFAULT NULL,
  `e` int(11) DEFAULT NULL,
  UNIQUE KEY `a` (`c`),
  UNIQUE KEY `b` (`d`),
  UNIQUE KEY `e` (`e`)
) ENGINE=MyISAM DEFAULT CHARSET=latin1
show keys from t1;
Table	Non_unique	Key_name	Seq_in_index	Column_name	Collation	Cardinality	Sub_part	Packed	Null	Index_type	Comment	Index_comment
t1	0	a	1	c	A	NULL	65535	NULL	YES	HASH_INDEX		
t1	0	b	1	d	A	NULL	65535	NULL	YES	HASH_INDEX		
t1	0	e	1	e	A	NULL	NULL	NULL	YES	BTREE		
drop table t1;
