drop table if exists `Ｔ１`;
drop table if exists `Ｔ２`;
drop table if exists `Ｔ３`;
drop table if exists `Ｔ４`;
drop table if exists `Ｔ５`;
drop table if exists `Ｔ６`;
drop table if exists `Ｔ７`;
drop table if exists `Ｔ８`;
drop table if exists `Ｔ９`;
SET character_set_collations='utf8mb3=utf8mb3_general_ci';
SET NAMES utf8;
SET character_set_database = utf8;
CREATE TABLE `Ｔ１` (`Ｃ１` char(8), INDEX(`Ｃ１`)) DEFAULT CHARSET = utf8 engine = innodb;
CREATE TABLE `Ｔ２` (`Ｃ１` char(8), INDEX(`Ｃ１`)) DEFAULT CHARSET = utf8 engine = innodb;
CREATE TABLE `Ｔ３` (`Ｃ１` char(8), INDEX(`Ｃ１`)) DEFAULT CHARSET = utf8 engine = innodb;
CREATE TABLE `Ｔ４` (`Ｃ１` char(8), INDEX(`Ｃ１`)) DEFAULT CHARSET = utf8 engine = myisam;
CREATE TABLE `Ｔ５` (`Ｃ１` char(8), INDEX(`Ｃ１`)) DEFAULT CHARSET = utf8 engine = myisam;
CREATE TABLE `Ｔ６` (`Ｃ１` char(8), INDEX(`Ｃ１`)) DEFAULT CHARSET = utf8 engine = myisam;
CREATE TABLE `Ｔ７` (`Ｃ１` char(8), INDEX(`Ｃ１`)) DEFAULT CHARSET = utf8 engine = MEMORY;
CREATE TABLE `Ｔ８` (`Ｃ１` char(8), INDEX(`Ｃ１`)) DEFAULT CHARSET = utf8 engine = MEMORY;
CREATE TABLE `Ｔ９` (`Ｃ１` char(8), INDEX(`Ｃ１`)) DEFAULT CHARSET = utf8 engine = MEMORY;
INSERT INTO `Ｔ１` VALUES ('ｱｲｳｴｵ');
INSERT INTO `Ｔ１` VALUES (' ｱｲｳｴｵ');
INSERT INTO `Ｔ１` VALUES ('  ｱｲｳｴｵ');
INSERT INTO `Ｔ１` VALUES ('   ｱｲｳｴｵ');
INSERT INTO `Ｔ１` VALUES ('　ｱｲｳｴｵ');
INSERT INTO `Ｔ１` VALUES ('　　ｱｲｳｴｵ');
INSERT INTO `Ｔ１` VALUES ('　　　ｱｲｳｴｵ');
INSERT INTO `Ｔ２` VALUES ('あいうえお');
INSERT INTO `Ｔ２` VALUES (' あいうえお');
INSERT INTO `Ｔ２` VALUES ('  あいうえお');
INSERT INTO `Ｔ２` VALUES ('   あいうえお');
INSERT INTO `Ｔ２` VALUES ('　あいうえお');
INSERT INTO `Ｔ２` VALUES ('　　あいうえお');
INSERT INTO `Ｔ２` VALUES ('　　　あいうえお');
INSERT INTO `Ｔ３` VALUES ('龔龖龗龞龡');
INSERT INTO `Ｔ３` VALUES (' 龔龖龗龞龡');
INSERT INTO `Ｔ３` VALUES ('  龔龖龗龞龡');
INSERT INTO `Ｔ３` VALUES ('   龔龖龗龞龡');
INSERT INTO `Ｔ３` VALUES ('　龔龖龗龞龡');
INSERT INTO `Ｔ３` VALUES ('　　龔龖龗龞龡');
INSERT INTO `Ｔ３` VALUES ('　　　龔龖龗龞龡');
INSERT INTO `Ｔ４` VALUES ('ｱｲｳｴｵ');
INSERT INTO `Ｔ４` VALUES (' ｱｲｳｴｵ');
INSERT INTO `Ｔ４` VALUES ('  ｱｲｳｴｵ');
INSERT INTO `Ｔ４` VALUES ('   ｱｲｳｴｵ');
INSERT INTO `Ｔ４` VALUES ('　ｱｲｳｴｵ');
INSERT INTO `Ｔ４` VALUES ('　　ｱｲｳｴｵ');
INSERT INTO `Ｔ４` VALUES ('　　　ｱｲｳｴｵ');
INSERT INTO `Ｔ５` VALUES ('あいうえお');
INSERT INTO `Ｔ５` VALUES (' あいうえお');
INSERT INTO `Ｔ５` VALUES ('  あいうえお');
INSERT INTO `Ｔ５` VALUES ('   あいうえお');
INSERT INTO `Ｔ５` VALUES ('　あいうえお');
INSERT INTO `Ｔ５` VALUES ('　　あいうえお');
INSERT INTO `Ｔ５` VALUES ('　　　あいうえお');
INSERT INTO `Ｔ６` VALUES ('龔龖龗龞龡');
INSERT INTO `Ｔ６` VALUES (' 龔龖龗龞龡');
INSERT INTO `Ｔ６` VALUES ('  龔龖龗龞龡');
INSERT INTO `Ｔ６` VALUES ('   龔龖龗龞龡');
INSERT INTO `Ｔ６` VALUES ('　龔龖龗龞龡');
INSERT INTO `Ｔ６` VALUES ('　　龔龖龗龞龡');
INSERT INTO `Ｔ６` VALUES ('　　　龔龖龗龞龡');
INSERT INTO `Ｔ７` VALUES ('ｱｲｳｴｵ');
INSERT INTO `Ｔ７` VALUES (' ｱｲｳｴｵ');
INSERT INTO `Ｔ７` VALUES ('  ｱｲｳｴｵ');
INSERT INTO `Ｔ７` VALUES ('   ｱｲｳｴｵ');
INSERT INTO `Ｔ７` VALUES ('　ｱｲｳｴｵ');
INSERT INTO `Ｔ７` VALUES ('　　ｱｲｳｴｵ');
INSERT INTO `Ｔ７` VALUES ('　　　ｱｲｳｴｵ');
INSERT INTO `Ｔ８` VALUES ('あいうえお');
INSERT INTO `Ｔ８` VALUES (' あいうえお');
INSERT INTO `Ｔ８` VALUES ('  あいうえお');
INSERT INTO `Ｔ８` VALUES ('   あいうえお');
INSERT INTO `Ｔ８` VALUES ('　あいうえお');
INSERT INTO `Ｔ８` VALUES ('　　あいうえお');
INSERT INTO `Ｔ８` VALUES ('　　　あいうえお');
INSERT INTO `Ｔ９` VALUES ('龔龖龗龞龡');
INSERT INTO `Ｔ９` VALUES (' 龔龖龗龞龡');
INSERT INTO `Ｔ９` VALUES ('  龔龖龗龞龡');
INSERT INTO `Ｔ９` VALUES ('   龔龖龗龞龡');
INSERT INTO `Ｔ９` VALUES ('　龔龖龗龞龡');
INSERT INTO `Ｔ９` VALUES ('　　龔龖龗龞龡');
INSERT INTO `Ｔ９` VALUES ('　　　龔龖龗龞龡');
SELECT LTRIM(`Ｃ１`) from `Ｔ１`;
LTRIM(`Ｃ１`)
ｱｲｳｴｵ
ｱｲｳｴｵ
ｱｲｳｴｵ
　　　ｱｲｳｴｵ
　　ｱｲｳｴｵ
　ｱｲｳｴｵ
ｱｲｳｴｵ
SELECT LTRIM(`Ｃ１`) from `Ｔ２`;
LTRIM(`Ｃ１`)
あいうえお
あいうえお
あいうえお
　　　あいうえお
　　あいうえお
　あいうえお
あいうえお
SELECT LTRIM(`Ｃ１`) from `Ｔ３`;
LTRIM(`Ｃ１`)
龔龖龗龞龡
龔龖龗龞龡
龔龖龗龞龡
　　　龔龖龗龞龡
　　龔龖龗龞龡
　龔龖龗龞龡
龔龖龗龞龡
SELECT LTRIM(`Ｃ１`) from `Ｔ４`;
LTRIM(`Ｃ１`)
ｱｲｳｴｵ
ｱｲｳｴｵ
ｱｲｳｴｵ
　　　ｱｲｳｴｵ
　　ｱｲｳｴｵ
　ｱｲｳｴｵ
ｱｲｳｴｵ
SELECT LTRIM(`Ｃ１`) from `Ｔ５`;
LTRIM(`Ｃ１`)
あいうえお
あいうえお
あいうえお
　　　あいうえお
　　あいうえお
　あいうえお
あいうえお
SELECT LTRIM(`Ｃ１`) from `Ｔ６`;
LTRIM(`Ｃ１`)
龔龖龗龞龡
龔龖龗龞龡
龔龖龗龞龡
　　　龔龖龗龞龡
　　龔龖龗龞龡
　龔龖龗龞龡
龔龖龗龞龡
SELECT LTRIM(`Ｃ１`) from `Ｔ７`;
LTRIM(`Ｃ１`)
ｱｲｳｴｵ
ｱｲｳｴｵ
ｱｲｳｴｵ
ｱｲｳｴｵ
　ｱｲｳｴｵ
　　ｱｲｳｴｵ
　　　ｱｲｳｴｵ
SELECT LTRIM(`Ｃ１`) from `Ｔ８`;
LTRIM(`Ｃ１`)
あいうえお
あいうえお
あいうえお
あいうえお
　あいうえお
　　あいうえお
　　　あいうえお
SELECT LTRIM(`Ｃ１`) from `Ｔ９`;
LTRIM(`Ｃ１`)
龔龖龗龞龡
龔龖龗龞龡
龔龖龗龞龡
龔龖龗龞龡
　龔龖龗龞龡
　　龔龖龗龞龡
　　　龔龖龗龞龡
DROP TABLE `Ｔ１`;
DROP TABLE `Ｔ２`;
DROP TABLE `Ｔ３`;
DROP TABLE `Ｔ４`;
DROP TABLE `Ｔ５`;
DROP TABLE `Ｔ６`;
DROP TABLE `Ｔ７`;
DROP TABLE `Ｔ８`;
DROP TABLE `Ｔ９`;
