CREATE TABLE t1(i INT) ENGINE INNODB;
CREATE TABLE t2(i INT) ENGINE INNODB;
INSERT INTO t1 VALUES(1);
INSERT INTO t2 VALUES(2);
set global innodb_log_checkpoint_now = 1;
INSERT INTO t1 select * from seq_1_to_1024;
INSERT INTO t2 select * from seq_1_to_1024;
# restart
# xtrabackup backup
# xtrabackup prepare
t1.cfg
ALTER TABLE t1 DISCARD TABLESPACE;
ALTER TABLE t1 IMPORT TABLESPACE;
SELECT * FROM t1;
DROP TABLE t1, t2;
