#
# Start of 10.10 tests
#
#
# MDEV-23287 The INET4 data type
#
SET default_storage_engine=MEMORY;
#
# Range optimizer
#
CREATE TABLE t1 (a INET4, INDEX(a));
SHOW CREATE TABLE t1;
Table	Create Table
t1	CREATE TABLE `t1` (
  `a` inet4 DEFAULT NULL,
  KEY `a` (`a`)
) ENGINE=MEMORY DEFAULT CHARSET=utf8mb4 COLLATE=utf8mb4_uca1400_ai_ci
FOR i IN 0..255
DO
INSERT INTO t1 VALUES (CONCAT('0.0.0.', i));
END FOR
$$
SELECT * FROM t1 WHERE a='0.0.0.255';
a
0.0.0.255
EXPLAIN SELECT * FROM t1 WHERE a='0.0.0.255';
id	select_type	table	type	possible_keys	key	key_len	ref	rows	Extra
1	SIMPLE	t1	ref	a	a	5	const	2	Using where
SELECT * FROM t1 WHERE a='garbage';
a
Warnings:
Warning	1292	Incorrect inet4 value: 'garbage'
EXPLAIN SELECT * FROM t1 WHERE a='garbage';
id	select_type	table	type	possible_keys	key	key_len	ref	rows	Extra
1	SIMPLE	NULL	NULL	NULL	NULL	NULL	NULL	NULL	Impossible WHERE noticed after reading const tables
Warnings:
Warning	1292	Incorrect inet4 value: 'garbage'
SELECT * FROM t1 WHERE a>='0.0.0.254';
a
0.0.0.254
0.0.0.255
EXPLAIN SELECT * FROM t1 WHERE a>='0.0.0.254';
id	select_type	table	type	possible_keys	key	key_len	ref	rows	Extra
1	SIMPLE	t1	ALL	a	NULL	NULL	NULL	256	Using where
SELECT * FROM t1 WHERE a>='garbage';
a
Warnings:
Warning	1292	Incorrect inet4 value: 'garbage'
EXPLAIN SELECT * FROM t1 WHERE a>='garbage';
id	select_type	table	type	possible_keys	key	key_len	ref	rows	Extra
1	SIMPLE	t1	ALL	a	NULL	NULL	NULL	256	Using where
SELECT * FROM t1 WHERE a IN ('0.0.0.128','0.0.0.160','0.0.0.240');
a
0.0.0.128
0.0.0.160
0.0.0.240
EXPLAIN SELECT * FROM t1 WHERE a IN ('0.0.0.128','0.0.0.160','0.0.0.240');
id	select_type	table	type	possible_keys	key	key_len	ref	rows	Extra
1	SIMPLE	t1	range	a	a	5	NULL	6	Using where
SELECT * FROM t1 WHERE a IN ('0.0.0.128','0.0.0.160','garbage');
a
0.0.0.128
0.0.0.160
Warnings:
Warning	1292	Incorrect inet4 value: 'garbage'
EXPLAIN SELECT * FROM t1 WHERE a IN ('0.0.0.128','0.0.0.160','garbage');
id	select_type	table	type	possible_keys	key	key_len	ref	rows	Extra
1	SIMPLE	t1	range	a	a	5	NULL	4	Using where
Warnings:
Warning	1292	Incorrect inet4 value: 'garbage'
SELECT * FROM t1 WHERE a BETWEEN '0.0.0.128' AND '0.0.0.129';
a
0.0.0.128
0.0.0.129
EXPLAIN SELECT * FROM t1 WHERE a BETWEEN '0.0.0.128' AND '0.0.0.129';
id	select_type	table	type	possible_keys	key	key_len	ref	rows	Extra
1	SIMPLE	t1	ALL	a	NULL	NULL	NULL	256	Using where
SELECT * FROM t1 WHERE a BETWEEN '0.0.0.128' AND 'garbage';
a
Warnings:
Warning	1292	Incorrect inet4 value: 'garbage'
Warning	1292	Incorrect inet4 value: 'garbage'
Warning	1292	Incorrect inet4 value: 'garbage'
Warning	1292	Incorrect inet4 value: 'garbage'
Warning	1292	Incorrect inet4 value: 'garbage'
Warning	1292	Incorrect inet4 value: 'garbage'
Warning	1292	Incorrect inet4 value: 'garbage'
Warning	1292	Incorrect inet4 value: 'garbage'
Warning	1292	Incorrect inet4 value: 'garbage'
Warning	1292	Incorrect inet4 value: 'garbage'
Warning	1292	Incorrect inet4 value: 'garbage'
Warning	1292	Incorrect inet4 value: 'garbage'
Warning	1292	Incorrect inet4 value: 'garbage'
Warning	1292	Incorrect inet4 value: 'garbage'
Warning	1292	Incorrect inet4 value: 'garbage'
Warning	1292	Incorrect inet4 value: 'garbage'
Warning	1292	Incorrect inet4 value: 'garbage'
Warning	1292	Incorrect inet4 value: 'garbage'
Warning	1292	Incorrect inet4 value: 'garbage'
Warning	1292	Incorrect inet4 value: 'garbage'
Warning	1292	Incorrect inet4 value: 'garbage'
Warning	1292	Incorrect inet4 value: 'garbage'
Warning	1292	Incorrect inet4 value: 'garbage'
Warning	1292	Incorrect inet4 value: 'garbage'
Warning	1292	Incorrect inet4 value: 'garbage'
Warning	1292	Incorrect inet4 value: 'garbage'
Warning	1292	Incorrect inet4 value: 'garbage'
Warning	1292	Incorrect inet4 value: 'garbage'
Warning	1292	Incorrect inet4 value: 'garbage'
Warning	1292	Incorrect inet4 value: 'garbage'
Warning	1292	Incorrect inet4 value: 'garbage'
Warning	1292	Incorrect inet4 value: 'garbage'
Warning	1292	Incorrect inet4 value: 'garbage'
Warning	1292	Incorrect inet4 value: 'garbage'
Warning	1292	Incorrect inet4 value: 'garbage'
Warning	1292	Incorrect inet4 value: 'garbage'
Warning	1292	Incorrect inet4 value: 'garbage'
Warning	1292	Incorrect inet4 value: 'garbage'
Warning	1292	Incorrect inet4 value: 'garbage'
Warning	1292	Incorrect inet4 value: 'garbage'
Warning	1292	Incorrect inet4 value: 'garbage'
Warning	1292	Incorrect inet4 value: 'garbage'
Warning	1292	Incorrect inet4 value: 'garbage'
Warning	1292	Incorrect inet4 value: 'garbage'
Warning	1292	Incorrect inet4 value: 'garbage'
Warning	1292	Incorrect inet4 value: 'garbage'
Warning	1292	Incorrect inet4 value: 'garbage'
Warning	1292	Incorrect inet4 value: 'garbage'
Warning	1292	Incorrect inet4 value: 'garbage'
Warning	1292	Incorrect inet4 value: 'garbage'
Warning	1292	Incorrect inet4 value: 'garbage'
Warning	1292	Incorrect inet4 value: 'garbage'
Warning	1292	Incorrect inet4 value: 'garbage'
Warning	1292	Incorrect inet4 value: 'garbage'
Warning	1292	Incorrect inet4 value: 'garbage'
Warning	1292	Incorrect inet4 value: 'garbage'
Warning	1292	Incorrect inet4 value: 'garbage'
Warning	1292	Incorrect inet4 value: 'garbage'
Warning	1292	Incorrect inet4 value: 'garbage'
Warning	1292	Incorrect inet4 value: 'garbage'
Warning	1292	Incorrect inet4 value: 'garbage'
Warning	1292	Incorrect inet4 value: 'garbage'
Warning	1292	Incorrect inet4 value: 'garbage'
Warning	1292	Incorrect inet4 value: 'garbage'
EXPLAIN SELECT * FROM t1 WHERE a BETWEEN '0.0.0.128' AND 'garbage';
id	select_type	table	type	possible_keys	key	key_len	ref	rows	Extra
1	SIMPLE	t1	ALL	a	NULL	NULL	NULL	256	Using where
SELECT * FROM t1 WHERE a=CAST('0.0.0.255' AS INET4);
a
0.0.0.255
EXPLAIN EXTENDED SELECT * FROM t1 WHERE a=CAST('0.0.0.255' AS INET4);
id	select_type	table	type	possible_keys	key	key_len	ref	rows	filtered	Extra
1	SIMPLE	t1	ref	a	a	5	const	2	100.00	Using where
Warnings:
Note	1003	select `test`.`t1`.`a` AS `a` from `test`.`t1` where `test`.`t1`.`a` = inet4'0.0.0.255'
DROP TABLE t1;
#
# End of 10.10 tests
#
