#
# MDEV-23287 The INET4 data type
#
create table t1 (i4 inet4 not null);
create table t2 (i6 inet6 not null);
insert t1 values ('127.0.0.1'), ('192.168.1.2'), ('1.2.3.4'), ('8.8.8.8');
insert t2 values ('2001:db8::ff00:42:8329'), ('fe80::42:70ff:fe94:6b97');
select * from t1;
i4
127.0.0.1
192.168.1.2
1.2.3.4
8.8.8.8
select * from t2;
i6
2001:db8::ff00:42:8329
fe80::42:70ff:fe94:6b97
select * from t1 union select * from t2;
i4
::ffff:127.0.0.1
::ffff:192.168.1.2
::ffff:1.2.3.4
::ffff:8.8.8.8
2001:db8::ff00:42:8329
fe80::42:70ff:fe94:6b97
insert t2 select * from t1;
select * from t2;
i6
2001:db8::ff00:42:8329
fe80::42:70ff:fe94:6b97
::ffff:127.0.0.1
::ffff:192.168.1.2
::ffff:1.2.3.4
::ffff:8.8.8.8
select * from t1, t2 where t1.i4=t2.i6;
i4	i6
127.0.0.1	::ffff:127.0.0.1
192.168.1.2	::ffff:192.168.1.2
1.2.3.4	::ffff:1.2.3.4
8.8.8.8	::ffff:8.8.8.8
select coalesce(i4,i6) from t1, t2 where i4=i6;
coalesce(i4,i6)
::ffff:127.0.0.1
::ffff:192.168.1.2
::ffff:1.2.3.4
::ffff:8.8.8.8
select least(i4,i6) from t1, t2 where i4=i6;
least(i4,i6)
::ffff:127.0.0.1
::ffff:192.168.1.2
::ffff:1.2.3.4
::ffff:8.8.8.8
alter table t1 modify i4 inet6;
select * from t1;
i4
::ffff:127.0.0.1
::ffff:192.168.1.2
::ffff:1.2.3.4
::ffff:8.8.8.8
drop table t1, t2;
#
# End of 11.2 tests
#
