for master_1
for child2
child2_1
child2_2
child2_3
for child3

this test is for MDEV-18995

drop and create databases
connection master_1;
CREATE DATABASE auto_test_local;
USE auto_test_local;
connection child2_1;
SET @old_log_output = @@global.log_output;
SET GLOBAL log_output = 'TABLE,FILE';
CREATE DATABASE auto_test_remote;
USE auto_test_remote;

create table and insert
connection child2_1;
CHILD2_1_CREATE_TABLES
TRUNCATE TABLE mysql.general_log;
connection master_1;
CREATE TABLE tbl_a (
akey int NOT NULL,
val int NOT NULL,
KEY idx1 (akey)
) MASTER_1_ENGINE MASTER_1_CHARSET MASTER_1_COMMENT_2_1
CREATE TABLE tbl_b (
bkey int NOT NULL,
akey int NOT NULL,
PRIMARY KEY (bkey)
) MASTER_1_ENGINE MASTER_1_CHARSET MASTER_1_COMMENT_2_1_2
INSERT INTO tbl_a (akey,val) VALUES (0,0),(1,1),(2,2),(3,3),(4,4),(5,5),(6,6),(7,7),(8,8),(9,9);
INSERT INTO tbl_b (bkey,akey) VALUES (0,0),(1,1),(2,2),(3,3),(4,4),(5,4),(6,3),(7,2),(8,1),(9,0);

select test 1
connection child2_1;
TRUNCATE TABLE mysql.general_log;
connection master_1;
SELECT a.val, a.akey FROM tbl_a a, tbl_b b WHERE a.akey = b.akey AND b.bkey = 5;
val	akey
4	4
connection child2_1;
SELECT argument FROM mysql.general_log WHERE argument LIKE '%`tbl_a`%' ;
SELECT argument FROM mysql.general_log WHERE argument LIKE '%`tbl_b`%';
argument
select t0.`val` `val`,t0.`akey` `akey` from `auto_test_remote`.`tbl_a` t0 where (t0.`akey` = '4')
SELECT argument FROM mysql.general_log WHERE argument LIKE '%`tbl_a`%' ;
SELECT argument FROM mysql.general_log WHERE argument LIKE '%`tbl_b`%'
argument
select `bkey`,`akey` from `auto_test_remote`.`tbl_b` where `bkey` = 5
SELECT argument FROM mysql.general_log WHERE argument LIKE '%`tbl_a`%' ;
SELECT argument FROM mysql.general_log WHERE argument LIKE '%`tbl_b`%'
SELECT akey, val FROM tbl_a ORDER BY akey ;
SELECT bkey, akey FROM tbl_b ORDER BY bkey;
akey	val
0	0
1	1
2	2
3	3
4	4
5	5
6	6
7	7
8	8
9	9
bkey	akey
0	0
1	1
2	2
3	3
4	4
5	4
6	3
7	2
8	1
9	0

deinit
connection master_1;
DROP DATABASE IF EXISTS auto_test_local;
connection child2_1;
DROP DATABASE IF EXISTS auto_test_remote;
SET GLOBAL log_output = @old_log_output;
for master_1
for child2
child2_1
child2_2
child2_3
for child3

end of test
