create table t (
a int,
b int without system versioning
) with system versioning;
insert into t values(1, 2);
insert into t values(3, 4);
select * from t;
a	b
1	2
3	4
select a from t for system_time as of timestamp now(6);
a
1
3
select a, b, b+0 from t for system_time as of timestamp now(6);
a	b	b+0
1	2	2
3	4	4
select * from t for system_time as of timestamp now(6);
a	b
1	2
3	4
select count(*) from t for system_time as of timestamp now(6) group by b;
count(*)
1
1
select * from t for system_time as of timestamp now(6) order by b asc;
a	b
1	2
3	4
select * from t for system_time as of timestamp now(6) order by b desc;
a	b
3	4
1	2
select * from t for system_time as of timestamp now(6) group by a having a=2;
a	b
select * from t for system_time as of timestamp now(6) group by b having b=2;
a	b
1	2
select a from t for system_time as of timestamp now(6) where b=2;
a
1
select a from t for system_time as of timestamp now(6) where b=NULL;
a
select a from t for system_time as of timestamp now(6) where b is NULL;
a
select count(*), b from t for system_time as of timestamp now(6) group by b having b=NULL;
count(*)	b
select a, b from t;
a	b
1	2
3	4
create or replace table t (
a int,
b int not null without system versioning
) with system versioning;
insert into t values (1, 2), (3, 4);
select * from t for system_time as of timestamp now(6);
a	b
1	2
3	4
select * from t for system_time as of timestamp now(6) where b is NULL;
a	b
create or replace table t (x int with system versioning, y int);
select * from information_schema.columns where table_name='t';
TABLE_CATALOG	TABLE_SCHEMA	TABLE_NAME	COLUMN_NAME	ORDINAL_POSITION	COLUMN_DEFAULT	IS_NULLABLE	DATA_TYPE	CHARACTER_MAXIMUM_LENGTH	CHARACTER_OCTET_LENGTH	NUMERIC_PRECISION	NUMERIC_SCALE	DATETIME_PRECISION	CHARACTER_SET_NAME	COLLATION_NAME	COLUMN_TYPE	COLUMN_KEY	EXTRA	PRIVILEGES	COLUMN_COMMENT	IS_GENERATED	GENERATION_EXPRESSION
def	test	t	x	1	NULL	YES	int	NULL	NULL	10	0	NULL	NULL	NULL	int(11)			select,insert,update,references		NEVER	NULL
def	test	t	y	2	NULL	YES	int	NULL	NULL	10	0	NULL	NULL	NULL	int(11)		WITHOUT SYSTEM VERSIONING	select,insert,update,references		NEVER	NULL
drop table t;
