set @@session.time_zone='+00:00';
select ifnull(max(transaction_id), 0) into @start_trx_id from mysql.transaction_registry;
set @test_start=now(6);
create procedure if not exists verify_vtq()
begin
set @i= 0;
select
@i:= @i + 1 as No,
transaction_id > 0 as A,
commit_id > transaction_id as B,
begin_timestamp > @test_start as C,
commit_timestamp >= begin_timestamp as D
from mysql.transaction_registry
where transaction_id > @start_trx_id;
select ifnull(max(transaction_id), 0)
into @start_trx_id
from mysql.transaction_registry;
end~~
create function if not exists default_engine()
returns varchar(255)
deterministic
begin
declare e varchar(255);
select lower(engine) from information_schema.engines where support='DEFAULT' into e;
return e;
end~~
create function if not exists sys_datatype()
returns varchar(255)
deterministic
begin
if default_engine() = 'innodb' then
return 'bigint unsigned';
elseif default_engine() = 'myisam' then
return 'timestamp(6)';
end if;
return NULL;
end~~
create function if not exists sys_commit_ts(sys_field varchar(255))
returns varchar(255)
deterministic
begin
if default_engine() = 'innodb' then
return concat('vtq_commit_ts(', sys_field, ')');
elseif default_engine() = 'myisam' then
return sys_field;
end if;
return NULL;
end~~
create procedure if not exists innodb_verify_vtq(recs int)
begin
declare i int default 1;
if default_engine() = 'innodb' then
call verify_vtq;
elseif default_engine() = 'myisam' then
create temporary table tmp (No int, A bool, B bool, C bool, D bool);
while i <= recs do
insert into tmp values (i, 1, 1, 1, 1);
set i= i + 1;
end while;
select * from tmp;
drop table tmp;
end if;
end~~
create procedure concat_exec2(a varchar(255), b varchar(255))
begin
prepare stmt from concat(a, b);
execute stmt;
deallocate prepare stmt;
end~~
create procedure concat_exec3(a varchar(255), b varchar(255), c varchar(255))
begin
prepare stmt from concat(a, b, c);
execute stmt;
deallocate prepare stmt;
end~~
create or replace function moment()
returns timestamp(6)
not deterministic
begin
declare t timestamp(6);
declare i int;
set i= sleep(0.1);
set t= now(6);
set i= sleep(0.1);
return t;
end~~
create or replace procedure drop_archives (in vtmd_name varchar(64))
begin
declare archive_name varchar(64);
declare cur_done bool default false;
declare cur cursor for
select cur_tmp.archive_name from cur_tmp;
declare continue handler for not found set cur_done = true;
set @tmp= concat('
    create or replace temporary table
    cur_tmp as
      select vtmd.archive_name from ', vtmd_name, '
      for system_time all as vtmd
      where vtmd.archive_name is not null
      group by vtmd.archive_name');
prepare stmt from @tmp; execute stmt; drop prepare stmt;
open cur;
fetch_loop: loop
fetch cur into archive_name;
if cur_done then
leave fetch_loop;
end if;
set @tmp= concat('drop table ', archive_name);
prepare stmt from @tmp; execute stmt; drop prepare stmt;
end loop;
drop table cur_tmp;
end~~
create procedure test_01(in engine varchar(64))
begin
set @tmp = concat('create table t (a int) with system versioning engine ', engine);
prepare stmt from @tmp; execute stmt; drop prepare stmt;
set @tm1 = moment();
alter table t add column b int;
set @tm2 = moment();
alter table t add column c int;
show create table t for system_time as of timestamp @tm1;
show create table t for system_time as of timestamp @tm2;
show create table t for system_time as of now;
set @tm2= moment();
show create table t for system_time as of timestamp @tm2;
show create table t;
set @tm3 = moment();
rename table t to tt;
show create table tt for system_time as of timestamp @tm3;
set @tm4 = moment();
alter table tt add column d int;
show create table tt for system_time as of timestamp @tm3;
show create table tt for system_time as of timestamp @tm4;
show create table tt;
drop table tt;
call drop_archives('tt_vtmd');
drop table tt_vtmd;
end~~
create table t (a int) with system versioning;
show create table t for system_time as of now;
ERROR HY000: VTMD error: Table 'test.t_vtmd' doesn't exist
set versioning_alter_history=survive;
create or replace table t (a int) with system versioning;
show create table t for system_time between timestamp @tm1 and timestamp @tm1;
ERROR HY000: SYSTEM_TIME range selector is prohibited
show create table t for system_time from timestamp @tm1 to timestamp @tm1;
ERROR HY000: SYSTEM_TIME range selector is prohibited
show create table t for system_time as of timestamp '01-01-1990';
ERROR HY000: VTMD error: Table 'test.t' doesn't exist
show create table t for system_time as of timestamp '01-01-2020';
ERROR HY000: VTMD error: Table 'test.t' doesn't exist
drop table t;
call drop_archives('t_vtmd');
drop table t_vtmd;
call test_01('myisam');
Table	Create Table
t	CREATE TABLE `t` (
  `a` int(11) DEFAULT NULL,
  `sys_trx_start` timestamp(6) GENERATED ALWAYS AS ROW START,
  `sys_trx_end` timestamp(6) GENERATED ALWAYS AS ROW END,
  PERIOD FOR SYSTEM_TIME (`sys_trx_start`, `sys_trx_end`)
) ENGINE=MyISAM DEFAULT CHARSET=latin1 WITH SYSTEM VERSIONING
Table	Create Table
t	CREATE TABLE `t` (
  `a` int(11) DEFAULT NULL,
  `sys_trx_start` timestamp(6) GENERATED ALWAYS AS ROW START,
  `sys_trx_end` timestamp(6) GENERATED ALWAYS AS ROW END,
  `b` int(11) DEFAULT NULL,
  PERIOD FOR SYSTEM_TIME (`sys_trx_start`, `sys_trx_end`)
) ENGINE=MyISAM DEFAULT CHARSET=latin1 WITH SYSTEM VERSIONING
Table	Create Table
t	CREATE TABLE `t` (
  `a` int(11) DEFAULT NULL,
  `sys_trx_start` timestamp(6) GENERATED ALWAYS AS ROW START,
  `sys_trx_end` timestamp(6) GENERATED ALWAYS AS ROW END,
  `b` int(11) DEFAULT NULL,
  `c` int(11) DEFAULT NULL,
  PERIOD FOR SYSTEM_TIME (`sys_trx_start`, `sys_trx_end`)
) ENGINE=MyISAM DEFAULT CHARSET=latin1 WITH SYSTEM VERSIONING
Table	Create Table
t	CREATE TABLE `t` (
  `a` int(11) DEFAULT NULL,
  `sys_trx_start` timestamp(6) GENERATED ALWAYS AS ROW START,
  `sys_trx_end` timestamp(6) GENERATED ALWAYS AS ROW END,
  `b` int(11) DEFAULT NULL,
  `c` int(11) DEFAULT NULL,
  PERIOD FOR SYSTEM_TIME (`sys_trx_start`, `sys_trx_end`)
) ENGINE=MyISAM DEFAULT CHARSET=latin1 WITH SYSTEM VERSIONING
Table	Create Table
t	CREATE TABLE `t` (
  `a` int(11) DEFAULT NULL,
  `sys_trx_start` timestamp(6) GENERATED ALWAYS AS ROW START,
  `sys_trx_end` timestamp(6) GENERATED ALWAYS AS ROW END,
  `b` int(11) DEFAULT NULL,
  `c` int(11) DEFAULT NULL,
  PERIOD FOR SYSTEM_TIME (`sys_trx_start`, `sys_trx_end`)
) ENGINE=MyISAM DEFAULT CHARSET=latin1 WITH SYSTEM VERSIONING
Table	Create Table
tt	CREATE TABLE `tt` (
  `a` int(11) DEFAULT NULL,
  `sys_trx_start` timestamp(6) GENERATED ALWAYS AS ROW START,
  `sys_trx_end` timestamp(6) GENERATED ALWAYS AS ROW END,
  `b` int(11) DEFAULT NULL,
  `c` int(11) DEFAULT NULL,
  PERIOD FOR SYSTEM_TIME (`sys_trx_start`, `sys_trx_end`)
) ENGINE=MyISAM DEFAULT CHARSET=latin1 WITH SYSTEM VERSIONING
Table	Create Table
tt	CREATE TABLE `tt` (
  `a` int(11) DEFAULT NULL,
  `sys_trx_start` timestamp(6) GENERATED ALWAYS AS ROW START,
  `sys_trx_end` timestamp(6) GENERATED ALWAYS AS ROW END,
  `b` int(11) DEFAULT NULL,
  `c` int(11) DEFAULT NULL,
  PERIOD FOR SYSTEM_TIME (`sys_trx_start`, `sys_trx_end`)
) ENGINE=MyISAM DEFAULT CHARSET=latin1 WITH SYSTEM VERSIONING
Table	Create Table
tt	CREATE TABLE `tt` (
  `a` int(11) DEFAULT NULL,
  `sys_trx_start` timestamp(6) GENERATED ALWAYS AS ROW START,
  `sys_trx_end` timestamp(6) GENERATED ALWAYS AS ROW END,
  `b` int(11) DEFAULT NULL,
  `c` int(11) DEFAULT NULL,
  PERIOD FOR SYSTEM_TIME (`sys_trx_start`, `sys_trx_end`)
) ENGINE=MyISAM DEFAULT CHARSET=latin1 WITH SYSTEM VERSIONING
Table	Create Table
tt	CREATE TABLE `tt` (
  `a` int(11) DEFAULT NULL,
  `sys_trx_start` timestamp(6) GENERATED ALWAYS AS ROW START,
  `sys_trx_end` timestamp(6) GENERATED ALWAYS AS ROW END,
  `b` int(11) DEFAULT NULL,
  `c` int(11) DEFAULT NULL,
  `d` int(11) DEFAULT NULL,
  PERIOD FOR SYSTEM_TIME (`sys_trx_start`, `sys_trx_end`)
) ENGINE=MyISAM DEFAULT CHARSET=latin1 WITH SYSTEM VERSIONING
call test_01('innodb');
Table	Create Table
t	CREATE TABLE `t` (
  `a` int(11) DEFAULT NULL,
  `sys_trx_start` bigint(20) unsigned GENERATED ALWAYS AS ROW START,
  `sys_trx_end` bigint(20) unsigned GENERATED ALWAYS AS ROW END,
  PERIOD FOR SYSTEM_TIME (`sys_trx_start`, `sys_trx_end`)
) ENGINE=InnoDB DEFAULT CHARSET=latin1 WITH SYSTEM VERSIONING
Table	Create Table
t	CREATE TABLE `t` (
  `a` int(11) DEFAULT NULL,
  `sys_trx_start` bigint(20) unsigned GENERATED ALWAYS AS ROW START,
  `sys_trx_end` bigint(20) unsigned GENERATED ALWAYS AS ROW END,
  `b` int(11) DEFAULT NULL,
  PERIOD FOR SYSTEM_TIME (`sys_trx_start`, `sys_trx_end`)
) ENGINE=InnoDB DEFAULT CHARSET=latin1 WITH SYSTEM VERSIONING
Table	Create Table
t	CREATE TABLE `t` (
  `a` int(11) DEFAULT NULL,
  `sys_trx_start` bigint(20) unsigned GENERATED ALWAYS AS ROW START,
  `sys_trx_end` bigint(20) unsigned GENERATED ALWAYS AS ROW END,
  `b` int(11) DEFAULT NULL,
  `c` int(11) DEFAULT NULL,
  PERIOD FOR SYSTEM_TIME (`sys_trx_start`, `sys_trx_end`)
) ENGINE=InnoDB DEFAULT CHARSET=latin1 WITH SYSTEM VERSIONING
Table	Create Table
t	CREATE TABLE `t` (
  `a` int(11) DEFAULT NULL,
  `sys_trx_start` bigint(20) unsigned GENERATED ALWAYS AS ROW START,
  `sys_trx_end` bigint(20) unsigned GENERATED ALWAYS AS ROW END,
  `b` int(11) DEFAULT NULL,
  `c` int(11) DEFAULT NULL,
  PERIOD FOR SYSTEM_TIME (`sys_trx_start`, `sys_trx_end`)
) ENGINE=InnoDB DEFAULT CHARSET=latin1 WITH SYSTEM VERSIONING
Table	Create Table
t	CREATE TABLE `t` (
  `a` int(11) DEFAULT NULL,
  `sys_trx_start` bigint(20) unsigned GENERATED ALWAYS AS ROW START,
  `sys_trx_end` bigint(20) unsigned GENERATED ALWAYS AS ROW END,
  `b` int(11) DEFAULT NULL,
  `c` int(11) DEFAULT NULL,
  PERIOD FOR SYSTEM_TIME (`sys_trx_start`, `sys_trx_end`)
) ENGINE=InnoDB DEFAULT CHARSET=latin1 WITH SYSTEM VERSIONING
Table	Create Table
tt	CREATE TABLE `tt` (
  `a` int(11) DEFAULT NULL,
  `sys_trx_start` bigint(20) unsigned GENERATED ALWAYS AS ROW START,
  `sys_trx_end` bigint(20) unsigned GENERATED ALWAYS AS ROW END,
  `b` int(11) DEFAULT NULL,
  `c` int(11) DEFAULT NULL,
  PERIOD FOR SYSTEM_TIME (`sys_trx_start`, `sys_trx_end`)
) ENGINE=InnoDB DEFAULT CHARSET=latin1 WITH SYSTEM VERSIONING
Table	Create Table
tt	CREATE TABLE `tt` (
  `a` int(11) DEFAULT NULL,
  `sys_trx_start` bigint(20) unsigned GENERATED ALWAYS AS ROW START,
  `sys_trx_end` bigint(20) unsigned GENERATED ALWAYS AS ROW END,
  `b` int(11) DEFAULT NULL,
  `c` int(11) DEFAULT NULL,
  PERIOD FOR SYSTEM_TIME (`sys_trx_start`, `sys_trx_end`)
) ENGINE=InnoDB DEFAULT CHARSET=latin1 WITH SYSTEM VERSIONING
Table	Create Table
tt	CREATE TABLE `tt` (
  `a` int(11) DEFAULT NULL,
  `sys_trx_start` bigint(20) unsigned GENERATED ALWAYS AS ROW START,
  `sys_trx_end` bigint(20) unsigned GENERATED ALWAYS AS ROW END,
  `b` int(11) DEFAULT NULL,
  `c` int(11) DEFAULT NULL,
  PERIOD FOR SYSTEM_TIME (`sys_trx_start`, `sys_trx_end`)
) ENGINE=InnoDB DEFAULT CHARSET=latin1 WITH SYSTEM VERSIONING
Table	Create Table
tt	CREATE TABLE `tt` (
  `a` int(11) DEFAULT NULL,
  `sys_trx_start` bigint(20) unsigned GENERATED ALWAYS AS ROW START,
  `sys_trx_end` bigint(20) unsigned GENERATED ALWAYS AS ROW END,
  `b` int(11) DEFAULT NULL,
  `c` int(11) DEFAULT NULL,
  `d` int(11) DEFAULT NULL,
  PERIOD FOR SYSTEM_TIME (`sys_trx_start`, `sys_trx_end`)
) ENGINE=InnoDB DEFAULT CHARSET=latin1 WITH SYSTEM VERSIONING
drop database test;
create database test;
