connect  master,127.0.0.1,root,,test,$MASTER_MYPORT,;
connect  slave,127.0.0.1,root,,test,$SLAVE_MYPORT,;
connection master;
CREATE DATABASE connect;
connection slave;
CREATE DATABASE connect;
connection slave;
CREATE TABLE t1 (
`id` int(20) primary key,
`group` int NOT NULL default 1,
`a\\b` int NOT NULL default 2,
`a\\` int unsigned,
`name` varchar(32) default 'name')
DEFAULT CHARSET=latin1;
connection master;
CREATE TABLE t1 ENGINE=CONNECT TABLE_TYPE=MYSQL
CONNECTION='mysql://root@127.0.0.1:SLAVE_PORT/test/t1';
SHOW CREATE TABLE t1;
Table	Create Table
t1	CREATE TABLE `t1` (
  `id` int(20) NOT NULL,
  `group` int(11) NOT NULL DEFAULT '1',
  `a\\b` int(11) NOT NULL DEFAULT '2',
  `a\\` int(10) unsigned DEFAULT NULL,
  `name` varchar(32) DEFAULT 'name'
) ENGINE=CONNECT DEFAULT CHARSET=latin1 CONNECTION='mysql://root@127.0.0.1:SLAVE_PORT/test/t1' `TABLE_TYPE`='MYSQL'
INSERT INTO t1 (id, name) VALUES (1, 'foo');
INSERT INTO t1 (id, name) VALUES (2, 'fee');
SELECT * FROM t1;
id	group	a\\b	a\\	name
1	1	2	NULL	foo
2	1	2	NULL	fee
DROP TABLE t1;
connection slave;
SELECT * FROM t1;
id	group	a\\b	a\\	name
1	1	2	NULL	foo
2	1	2	NULL	fee
DROP TABLE t1;
connection master;
DROP TABLE IF EXISTS connect.t1;
DROP DATABASE IF EXISTS connect;
connection slave;
DROP TABLE IF EXISTS connect.t1;
DROP DATABASE IF EXISTS connect;
