Table	Create Table
t1	CREATE TABLE `t1` (
  `Name` varchar(256) NOT NULL,
  `Description` varchar(256) DEFAULT NULL
) ENGINE=CONNECT DEFAULT CHARSET=latin1 `TABLE_TYPE`='ODBC' `CATFUNC`='Sources'
SET NAMES utf8;
#
# Checking CATFUNC=Tables
#

# All tables in all schemas (filtered with WHERE)
CREATE TABLE t1 ENGINE=CONNECT
TABLE_TYPE=ODBC CONNECTION='DSN=ConnectEngineOracle;UID=mtr;PWD=mtrnew'
CATFUNC=Tables;
SELECT * FROM t1 WHERE Table_Schema='MTR' ORDER BY Table_Schema, Table_Name;
Table_Cat	Table_Schema	Table_Name	Table_Type	Remark
NULL	MTR	T1	TABLE	NULL
NULL	MTR	T2	TABLE	NULL
NULL	MTR	V1	VIEW	NULL
DROP TABLE t1;
# All tables in all schemas (filtered with WHERE)
CREATE TABLE t1 ENGINE=CONNECT
TABLE_TYPE=ODBC CONNECTION='DSN=ConnectEngineOracle;UID=mtr;PWD=mtrnew'
CATFUNC=Tables TABNAME='%.%';
SELECT * FROM t1 WHERE Table_Schema='MTR' ORDER BY Table_Schema, Table_Name;
Table_Cat	Table_Schema	Table_Name	Table_Type	Remark
NULL	MTR	T1	TABLE	NULL
NULL	MTR	T2	TABLE	NULL
NULL	MTR	V1	VIEW	NULL
DROP TABLE t1;
# All tables "T1" in all schemas (filtered with WHERE)
CREATE TABLE t1 ENGINE=CONNECT
TABLE_TYPE=ODBC CONNECTION='DSN=ConnectEngineOracle;UID=mtr;PWD=mtrnew'
CATFUNC=Tables TABNAME='%.T1';
SELECT * FROM t1 WHERE Table_Schema='MTR' ORDER BY Table_Schema, Table_Name;
Table_Cat	Table_Schema	Table_Name	Table_Type	Remark
NULL	MTR	T1	TABLE	NULL
DROP TABLE t1;
# All tables "T1" in all schemas (filtered with WHERE)
CREATE TABLE t1 ENGINE=CONNECT
TABLE_TYPE=ODBC CONNECTION='DSN=ConnectEngineOracle;UID=mtr;PWD=mtrnew'
CATFUNC=Tables TABNAME='T1';
SELECT * FROM t1 WHERE Table_Schema='MTR' ORDER BY Table_Schema, Table_Name;
Table_Cat	Table_Schema	Table_Name	Table_Type	Remark
NULL	MTR	T1	TABLE	NULL
DROP TABLE t1;
# Table "T1" in the schema "MTR"
CREATE TABLE t1 ENGINE=CONNECT
TABLE_TYPE=ODBC CONNECTION='DSN=ConnectEngineOracle;UID=mtr;PWD=mtrnew'
CATFUNC=Tables TABNAME='MTR.T1';
SELECT * FROM t1 ORDER BY Table_Schema, Table_Name;
Table_Cat	Table_Schema	Table_Name	Table_Type	Remark
NULL	MTR	T1	TABLE	NULL
DROP TABLE t1;
# All tables in the schema "MTR"
CREATE TABLE t1 ENGINE=CONNECT
TABLE_TYPE=ODBC CONNECTION='DSN=ConnectEngineOracle;UID=mtr;PWD=mtrnew'
CATFUNC=Tables TABNAME='MTR.%';
SELECT * FROM t1 ORDER BY Table_Schema, Table_Name;
Table_Cat	Table_Schema	Table_Name	Table_Type	Remark
NULL	MTR	T1	TABLE	NULL
NULL	MTR	T2	TABLE	NULL
NULL	MTR	V1	VIEW	NULL
DROP TABLE t1;
#
# Checking CATFUNC=Columns
#

# All columns in all schemas (limited with WHERE)
CREATE TABLE t1 ENGINE=CONNECT
TABLE_TYPE=ODBC CONNECTION='DSN=ConnectEngineOracle;UID=mtr;PWD=mtrnew'
CATFUNC=Columns;
SELECT * FROM t1 WHERE Table_Schema='MTR' ORDER BY Table_Schema, Table_Name;
Table_Cat	Table_Schema	Table_Name	Column_Name	Data_Type	Type_Name	Column_Size	Buffer_Length	Decimal_Digits	Radix	Nullable	Remarks
	MTR	T1	A	3	DECIMAL	38	40	0	10	1	
	MTR	T1	B	6	NUMBER	38	40	NULL	NULL	1	
	MTR	T2	A	12	VARCHAR2	64	64	NULL	NULL	1	
	MTR	V1	A	3	DECIMAL	38	40	0	10	1	
	MTR	V1	B	6	NUMBER	38	40	NULL	NULL	1	
DROP TABLE t1;
# All columns in all schemas (limited with WHERE)
CREATE TABLE t1 ENGINE=CONNECT
TABLE_TYPE=ODBC CONNECTION='DSN=ConnectEngineOracle;UID=mtr;PWD=mtrnew'
CATFUNC=Columns TABNAME='%.%';
SELECT * FROM t1 WHERE Table_Schema='MTR' ORDER BY Table_Schema, Table_Name;
Table_Cat	Table_Schema	Table_Name	Column_Name	Data_Type	Type_Name	Column_Size	Buffer_Length	Decimal_Digits	Radix	Nullable	Remarks
	MTR	T1	A	3	DECIMAL	38	40	0	10	1	
	MTR	T1	B	6	NUMBER	38	40	NULL	NULL	1	
	MTR	T2	A	12	VARCHAR2	64	64	NULL	NULL	1	
	MTR	V1	A	3	DECIMAL	38	40	0	10	1	
	MTR	V1	B	6	NUMBER	38	40	NULL	NULL	1	
DROP TABLE t1;
# All tables "T1" in all schemas (limited with WHERE)
CREATE TABLE t1 ENGINE=CONNECT TABLE_TYPE=ODBC CONNECTION='DSN=ConnectEngineOracle;UID=mtr;PWD=mtrnew' CATFUNC=Columns TABNAME='%.T1';
SELECT * FROM t1 WHERE Table_Schema='MTR' ORDER BY Table_Schema, Table_Name;
Table_Cat	Table_Schema	Table_Name	Column_Name	Data_Type	Type_Name	Column_Size	Buffer_Length	Decimal_Digits	Radix	Nullable	Remarks
	MTR	T1	A	3	DECIMAL	38	40	0	10	1	
	MTR	T1	B	6	NUMBER	38	40	NULL	NULL	1	
DROP TABLE t1;
# Table "T1" in the schema "MTR"
CREATE TABLE t1 ENGINE=CONNECT
TABLE_TYPE=ODBC CONNECTION='DSN=ConnectEngineOracle;UID=mtr;PWD=mtrnew'
CATFUNC=Columns TABNAME='MTR.T1';
SELECT * FROM t1 ORDER BY Table_Schema, Table_Name;
Table_Cat	Table_Schema	Table_Name	Column_Name	Data_Type	Type_Name	Column_Size	Buffer_Length	Decimal_Digits	Radix	Nullable	Remarks
	MTR	T1	A	3	DECIMAL	38	40	0	10	1	
	MTR	T1	B	6	NUMBER	38	40	NULL	NULL	1	
DROP TABLE t1;
# All tables "T1" in all schemas (filtered with WHERE)
CREATE TABLE t1 ENGINE=CONNECT
TABLE_TYPE=ODBC CONNECTION='DSN=ConnectEngineOracle;UID=mtr;PWD=mtrnew'
CATFUNC=Columns TABNAME='%.T1';
SELECT * FROM t1 WHERE Table_Schema='MTR' ORDER BY Table_Schema, Table_Name;
Table_Cat	Table_Schema	Table_Name	Column_Name	Data_Type	Type_Name	Column_Size	Buffer_Length	Decimal_Digits	Radix	Nullable	Remarks
	MTR	T1	A	3	DECIMAL	38	40	0	10	1	
	MTR	T1	B	6	NUMBER	38	40	NULL	NULL	1	
DROP TABLE t1;
#
# Checking tables
#

# Table "T1" in the default schema ("MTR")
CREATE TABLE t1 ENGINE=CONNECT
TABLE_TYPE=ODBC CONNECTION='DSN=ConnectEngineOracle;UID=mtr;PWD=mtrnew'
TABNAME='T1';
SHOW CREATE TABLE t1;
Table	Create Table
t1	CREATE TABLE `t1` (
  `A` decimal(40,0) DEFAULT NULL,
  `B` double DEFAULT NULL
) ENGINE=CONNECT DEFAULT CHARSET=latin1 CONNECTION='DSN=ConnectEngineOracle;UID=mtr;PWD=mtrnew' `TABLE_TYPE`='ODBC' `TABNAME`='T1'
SELECT * FROM t1 ORDER BY A;
A	B
10	1000000000
20	1000000000000
30	1e15
CREATE TABLE t2 AS SELECT * FROM t1;
SHOW CREATE TABLE t2;
Table	Create Table
t2	CREATE TABLE `t2` (
  `A` decimal(40,0) DEFAULT NULL,
  `B` double DEFAULT NULL
) ENGINE=MyISAM DEFAULT CHARSET=latin1
SELECT * FROM t2;
A	B
10	1000000000
20	1000000000000
30	1e15
DROP TABLE t2;
CREATE VIEW v1 AS SELECT * FROM t1;
SELECT * FROM v1;
A	B
10	1000000000
20	1000000000000
30	1e15
DROP VIEW v1;
DROP TABLE t1;
# Table "T1" in the schema "MTR"
CREATE TABLE t1 ENGINE=CONNECT
TABLE_TYPE=ODBC CONNECTION='DSN=ConnectEngineOracle;UID=mtr;PWD=mtrnew'
TABNAME='MTR.T1';
SHOW CREATE TABLE t1;
Table	Create Table
t1	CREATE TABLE `t1` (
  `A` decimal(40,0) DEFAULT NULL,
  `B` double DEFAULT NULL
) ENGINE=CONNECT DEFAULT CHARSET=latin1 CONNECTION='DSN=ConnectEngineOracle;UID=mtr;PWD=mtrnew' `TABLE_TYPE`='ODBC' `TABNAME`='MTR.T1'
SELECT * FROM t1;
A	B
10	1000000000
20	1000000000000
30	1e15
DROP TABLE t1;
# View "V1" in the schema "MTR"
CREATE TABLE t1 ENGINE=CONNECT
TABLE_TYPE=ODBC CONNECTION='DSN=ConnectEngineOracle;UID=mtr;PWD=mtrnew'
TABNAME='MTR.V1';
SHOW CREATE TABLE t1;
Table	Create Table
t1	CREATE TABLE `t1` (
  `A` decimal(40,0) DEFAULT NULL,
  `B` double DEFAULT NULL
) ENGINE=CONNECT DEFAULT CHARSET=latin1 CONNECTION='DSN=ConnectEngineOracle;UID=mtr;PWD=mtrnew' `TABLE_TYPE`='ODBC' `TABNAME`='MTR.V1'
SELECT * FROM t1;
A	B
10	1000000000
20	1000000000000
30	1e15
CREATE TABLE t2 AS SELECT * FROM t1;
SHOW CREATE TABLE t2;
Table	Create Table
t2	CREATE TABLE `t2` (
  `A` decimal(40,0) DEFAULT NULL,
  `B` double DEFAULT NULL
) ENGINE=MyISAM DEFAULT CHARSET=latin1
SELECT * FROM t2;
A	B
10	1000000000
20	1000000000000
30	1e15
DROP TABLE t2;
CREATE VIEW v1 AS SELECT * FROM t1;
SELECT * FROM v1;
A	B
10	1000000000
20	1000000000000
30	1e15
DROP VIEW v1;
DROP TABLE t1;
# Table "T2" in the schema "MTR"
CREATE TABLE t1 ENGINE=CONNECT
TABLE_TYPE=ODBC CONNECTION='DSN=ConnectEngineOracle;UID=mtr;PWD=mtrnew'
TABNAME='MTR.T2';
SHOW CREATE TABLE t1;
Table	Create Table
t1	CREATE TABLE `t1` (
  `A` varchar(64) DEFAULT NULL
) ENGINE=CONNECT DEFAULT CHARSET=latin1 CONNECTION='DSN=ConnectEngineOracle;UID=mtr;PWD=mtrnew' `TABLE_TYPE`='ODBC' `TABNAME`='MTR.T2'
SELECT * FROM t1;
A
test
CREATE TABLE t2 AS SELECT * FROM t1;
SHOW CREATE TABLE t2;
Table	Create Table
t2	CREATE TABLE `t2` (
  `A` varchar(64) DEFAULT NULL
) ENGINE=MyISAM DEFAULT CHARSET=latin1
SELECT * FROM t2;
A
test
DROP TABLE t2;
CREATE VIEW v1 AS SELECT * FROM t1;
SELECT * FROM v1;
A
test
DROP VIEW v1;
DROP TABLE t1;
