SET NAMES utf8;
CREATE TABLE t1 ENGINE=CONNECT TABLE_TYPE=ODBC CONNECTION='Bad connection string';
CREATE TABLE t1 ENGINE=CONNECT TABLE_TYPE=ODBC CATFUNC=Sources;
SHOW CREATE TABLE t1;
Table	Create Table
t1	CREATE TABLE `t1` (
  `Name` varchar(256) NOT NULL,
  `Description` varchar(256) DEFAULT NULL
) ENGINE=CONNECT DEFAULT CHARSET=latin1 `TABLE_TYPE`='ODBC' `CATFUNC`='Sources'
SELECT * FROM t1;
Name	Description
dBASE Files	Microsoft Access dBASE Driver (*.dbf, *.ndx, *.mdx)
PLUGDB_DEBUG	PLUGODBC_Driver
PLUGDB_ODBC	PLUGODBC_Driver
SafeDB_ODBC	SDB_ODBC_Driver
Firebird	Firebird/InterBase(r) driver
ConnectEngineXLS	Microsoft Excel Driver (*.xls)
Excel Files	Microsoft Excel Driver (*.xls, *.xlsx, *.xlsm, *.xlsb)
MariaODBC	MySQL ODBC 5.2a Driver
MariaODBCbeta	MariaDB ODBC 1.0 Driver
MyODBC	MySQL ODBC 5.2a Driver
MS Access Database	Microsoft Access Driver (*.mdb, *.accdb)
MS Access Db1	Microsoft Access Driver (*.mdb)
MySQL-ANSI	MySQL ODBC 5.3 ANSI Driver
MySQL-Unicode	MySQL ODBC 5.3 Unicode Driver
Xtreme Sample Database 2008	Microsoft Access Driver (*.mdb)
PlugDB test	PLUGODBC_Driver
SQLite3 Datasource	SQLite3 ODBC Driver
SQLite Datasource	SQLite ODBC Driver
SQLite UTF-8 Datasource	SQLite ODBC (UTF-8) Driver
ORACLE_TEST	Oracle in XE
ConnectEnginePostgresql	PostgreSQL ODBC Driver(ANSI)
ConnectEngineOracle	Oracle in XE
ConnectEngineSQLServer	SQL Server
DROP TABLE t1;
CREATE TABLE t1 ENGINE=CONNECT TABLE_TYPE=ODBC CATFUNC=Drivers;
SHOW CREATE TABLE t1;
Table	Create Table
t1	CREATE TABLE `t1` (
  `Description` char(128) NOT NULL,
  `Attributes` varchar(256) DEFAULT NULL
) ENGINE=CONNECT DEFAULT CHARSET=latin1 `TABLE_TYPE`='ODBC' `CATFUNC`='Drivers'
SELECT * FROM t1;
Description	Attributes
SQL Server	UsageCount=1;SQLLevel=1;FileUsage=0;DriverODBCVer=03.50;ConnectFunctions=YYY;APILevel=2;CPTimeout=60;
Microsoft ODBC for Oracle	UsageCount=1;SQLLevel=1;FileUsage=0;DriverODBCVer=02.50;ConnectFunctions=YYY;APILevel=1;CPTimeout=120;
Microsoft Access Driver (*.mdb)	UsageCount=1;APILevel=1;ConnectFunctions=YYN;DriverODBCVer=02.50;FileUsage=2;FileExtns=*.mdb;SQLLevel=0;
Microsoft Access-Treiber (*.mdb)	UsageCount=1;APILevel=1;ConnectFunctions=YYN;DriverODBCVer=02.50;FileUsage=2;FileExtns=*.mdb;SQLLevel=0;
Driver do Microsoft Access (*.mdb)	UsageCount=1;APILevel=1;ConnectFunctions=YYN;DriverODBCVer=02.50;FileUsage=2;FileExtns=*.mdb;SQLLevel=0;
Microsoft dBase Driver (*.dbf)	UsageCount=1;APILevel=1;ConnectFunctions=YYN;DriverODBCVer=02.50;FileUsage=1;FileExtns=*.dbf,*.ndx,*.mdx;SQLLevel=0;
Microsoft dBase-Treiber (*.dbf)	UsageCount=1;APILevel=1;ConnectFunctions=YYN;DriverODBCVer=02.50;FileUsage=1;FileExtns=*.dbf,*.ndx,*.mdx;SQLLevel=0;
Driver do Microsoft dBase (*.dbf)	UsageCount=1;APILevel=1;ConnectFunctions=YYN;DriverODBCVer=02.50;FileUsage=1;FileExtns=*.dbf,*.ndx,*.mdx;SQLLevel=0;
Microsoft Excel Driver (*.xls)	UsageCount=1;APILevel=1;ConnectFunctions=YYN;DriverODBCVer=02.50;FileUsage=1;FileExtns=*.xls;SQLLevel=0;
Microsoft Excel-Treiber (*.xls)	UsageCount=1;APILevel=1;ConnectFunctions=YYN;DriverODBCVer=02.50;FileUsage=1;FileExtns=*.xls;SQLLevel=0;
Driver do Microsoft Excel(*.xls)	UsageCount=1;APILevel=1;ConnectFunctions=YYN;DriverODBCVer=02.50;FileUsage=1;FileExtns=*.xls;SQLLevel=0;
Microsoft Paradox Driver (*.db )	UsageCount=1;APILevel=1;ConnectFunctions=YYN;DriverODBCVer=02.50;FileUsage=1;FileExtns=*.db;SQLLevel=0;
Microsoft Paradox-Treiber (*.db )	UsageCount=1;APILevel=1;ConnectFunctions=YYN;DriverODBCVer=02.50;FileUsage=1;FileExtns=*.db;SQLLevel=0;
Driver do Microsoft Paradox (*.db )	UsageCount=1;APILevel=1;ConnectFunctions=YYN;DriverODBCVer=02.50;FileUsage=1;FileExtns=*.db;SQLLevel=0;
Microsoft Text Driver (*.txt; *.csv)	UsageCount=1;APILevel=1;ConnectFunctions=YYN;DriverODBCVer=02.50;FileUsage=1;FileExtns=*.,*.asc,*.csv,*.tab,*.txt,*.csv;SQLLevel=0;
Microsoft Text-Treiber (*.txt; *.csv)	UsageCount=1;APILevel=1;ConnectFunctions=YYN;DriverODBCVer=02.50;FileUsage=1;FileExtns=*.,*.asc,*.csv,*.tab,*.txt,*.csv;SQLLevel=0;
Driver da Microsoft para arquivos texto (*.txt; *.csv)	UsageCount=1;APILevel=1;ConnectFunctions=YYN;DriverODBCVer=02.50;FileUsage=1;FileExtns=*.,*.asc,*.csv,*.tab,*.txt,*.csv;SQLLevel=0;
Microsoft Visual FoxPro Driver	UsageCount=1;APILevel=0;ConnectFunctions=YYN;DriverODBCVer=02.50;FileUsage=1;FileExtns=*.dbf,*.cdx,*.idx,*.fpt;SQLLevel=0;
Microsoft FoxPro VFP Driver (*.dbf)	UsageCount=1;APILevel=0;ConnectFunctions=YYN;DriverODBCVer=02.50;FileUsage=1;FileExtns=*.dbf,*.cdx,*.idx,*.fpt;SQLLevel=0;
Microsoft dBase VFP Driver (*.dbf)	UsageCount=1;APILevel=0;ConnectFunctions=YYN;DriverODBCVer=02.50;FileUsage=1;FileExtns=*.dbf,*.cdx,*.idx,*.fpt;SQLLevel=0;
Microsoft Visual FoxPro-Treiber	UsageCount=1;APILevel=0;ConnectFunctions=YYN;DriverODBCVer=02.50;FileUsage=1;FileExtns=*.dbf,*.cdx,*.idx,*.fpt;SQLLevel=0;
Driver para o Microsoft Visual FoxPro	UsageCount=1;APILevel=0;ConnectFunctions=YYN;DriverODBCVer=02.50;FileUsage=1;FileExtns=*.dbf,*.cdx,*.idx,*.fpt;SQLLevel=0;
SQL Native Client	UsageCount=1;APILevel=2;ConnectFunctions=YYY;CPTimeout=60;DriverODBCVer=09.00;FileUsage=0;SQLLevel=1;
CR Sybase Wire Protocol ODBC Driver 6.0	UsageCount=1;APILevel=1;ConnectFunctions=YYY;DriverODBCVer=3.52;FileUsage=0;SQLLevel=0;CPTimeout=60;HelpRootDirectory=C:\Program Files\SAP BusinessObjects\SAP BusinessObjects Enterprise XI 4.0\win32_x86\odbc\help;
CR SQL Server Native Wire Protocol ODBC Driver 6.0	UsageCount=1;APILevel=1;ConnectFunctions=YYY;DriverODBCVer=3.52;FileUsage=0;SQLLevel=1;CPTimeout=60;HelpRootDirectory=C:\Program Files\SAP BusinessObjects\SAP BusinessObjects Enterprise XI 4.0\win32_x86\odbc\help;
CR SQL Server Classic Wire Protocol ODBC Driver 6.0	UsageCount=1;APILevel=1;ConnectFunctions=YYY;DriverODBCVer=3.52;FileUsage=0;SQLLevel=1;CPTimeout=60;HelpRootDirectory=C:\Program Files\SAP BusinessObjects\SAP BusinessObjects Enterprise XI 4.0\win32_x86\odbc\help;
CR TextFile ODBC Driver 6.0	UsageCount=1;APILevel=1;ConnectFunctions=YYY;DriverODBCVer=3.52;FileUsage=1;FileExtns=*.*;SQLLevel=0;CPTimeout=60;HelpRootDirectory=C:\Program Files\SAP BusinessObjects\SAP BusinessObjects Enterprise XI 4.0\win32_x86\odbc\help;
PLUGODBC_Driver	UsageCount=1;
SDB_ODBC_Driver	UsageCount=2;
Microsoft Access Text Driver (*.txt, *.csv)	SQLLevel=0;FileExtns=*.txt, *.csv;FileUsage=2;DriverODBCVer=02.50;ConnectFunctions=YYN;APILevel=1;UsageCount=3;
Microsoft Access dBASE Driver (*.dbf, *.ndx, *.mdx)	SQLLevel=0;FileExtns=*.dbf, *.ndx, *.mdx;FileUsage=2;DriverODBCVer=02.50;ConnectFunctions=YYN;APILevel=1;UsageCount=3;
Microsoft Excel Driver (*.xls, *.xlsx, *.xlsm, *.xlsb)	SQLLevel=0;FileExtns=*.xls,*.xlsx, *.xlsb;FileUsage=2;DriverODBCVer=02.50;ConnectFunctions=YYN;APILevel=1;UsageCount=3;
Microsoft Access Driver (*.mdb, *.accdb)	SQLLevel=0;FileExtns=*.mdb,*.accdb;FileUsage=2;DriverODBCVer=02.50;ConnectFunctions=YYN;APILevel=1;UsageCount=3;
SQLite3 ODBC Driver	UsageCount=1;
SQLite ODBC Driver	UsageCount=1;
SQLite ODBC (UTF-8) Driver	UsageCount=1;
Oracle in XE	ConnectionFunctions=YYY;DriverODBCVer=03.51;CPTimeout=60;FileUsage=0;APILevel=1;SQLLevel=1;
Oracle in instantclient_12_1	APILevel=1;ConnectionFunctions=YYY;CPTimeout=60;DriverODBCVer=03.51;FileUsage=0;SQLLevel=1;
PostgreSQL ODBC Driver(ANSI)	APILevel=1;ConnectFunctions=YYN;DriverODBCVer=09.02.0100;FileUsage=0;SQLLevel=1;
PostgreSQL ODBC Driver(UNICODE)	APILevel=1;ConnectFunctions=YYN;DriverODBCVer=09.02.0100;FileUsage=0;SQLLevel=1;
SQL Server Native Client 11.0	UsageCount=1;APILevel=2;ConnectFunctions=YYY;CPTimeout=60;DriverODBCVer=03.80;FileUsage=0;SQLLevel=1;
MariaDB ODBC 1.0 Driver	UsageCount=1;
Firebird/InterBase(r) driver	UsageCount=1;FileExtns=*.fdb,*.gdb;APILevel=1;ConnectFunctions=YYY;FileUsage=0;DriverODBCVer=03.51;SQLLevel=1;
MySQL ODBC 5.3 ANSI Driver	UsageCount=1;
MySQL ODBC 5.3 Unicode Driver	UsageCount=1;
DROP TABLE t1;
CREATE TABLE t1 ENGINE=CONNECT TABLE_TYPE=ODBC CATFUNC=Tables CONNECTION='Not important';
SHOW CREATE TABLE t1;
Table	Create Table
t1	CREATE TABLE `t1` (
  `Table_Cat` char(128) DEFAULT NULL,
  `Table_Schema` char(128) DEFAULT NULL,
  `Table_Name` char(128) NOT NULL,
  `Table_Type` char(16) NOT NULL,
  `Remark` char(255) DEFAULT NULL
) ENGINE=CONNECT DEFAULT CHARSET=latin1 CONNECTION='Not important' `TABLE_TYPE`='ODBC' `CATFUNC`='Tables'
DROP TABLE t1;
CREATE TABLE t1 ENGINE=CONNECT TABLE_TYPE=ODBC CATFUNC=Columns CONNECTION='Not important';
SHOW CREATE TABLE t1;
Table	Create Table
t1	CREATE TABLE `t1` (
  `Table_Cat` char(128) DEFAULT NULL,
  `Table_Schema` char(128) DEFAULT NULL,
  `Table_Name` char(128) NOT NULL,
  `Column_Name` char(128) NOT NULL,
  `Data_Type` smallint(6) NOT NULL,
  `Type_Name` char(30) NOT NULL,
  `Column_Size` int(10) NOT NULL,
  `Buffer_Length` int(10) NOT NULL,
  `Decimal_Digits` smallint(6) DEFAULT NULL,
  `Radix` smallint(6) DEFAULT NULL,
  `Nullable` smallint(6) NOT NULL,
  `Remarks` char(255) DEFAULT NULL
) ENGINE=CONNECT DEFAULT CHARSET=latin1 CONNECTION='Not important' `TABLE_TYPE`='ODBC' `CATFUNC`='Columns'
DROP TABLE t1;
CREATE TABLE t1 ENGINE=CONNECT TABLE_TYPE=ODBC TABNAME='EMPLOYEE' CONNECTION='DSN=Firebird;UID=SYSDBA;PWD=masterkey';
SELECT * FROM t1;
EMP_NO	FIRST_NAME	LAST_NAME	PHONE_EXT	HIRE_DATE	DEPT_NO	JOB_CODE	JOB_GRADE	JOB_COUNTRY	SALARY	FULL_NAME
2	Robert	Nelson	250	1988-12-28 00:00:00	600	VP	2	USA	105900.00	Nelson, Robert
4	Bruce	Young	233	1988-12-28 00:00:00	621	Eng	2	USA	97500.00	Young, Bruce
5	Kim	Lambert	22	1989-02-06 00:00:00	130	Eng	2	USA	102750.00	Lambert, Kim
8	Leslie	Johnson	410	1989-04-05 00:00:00	180	Mktg	3	USA	64635.00	Johnson, Leslie
9	Phil	Forest	229	1989-04-17 00:00:00	622	Mngr	3	USA	75060.00	Forest, Phil
11	K. J.	Weston	34	1990-01-17 00:00:00	130	SRep	4	USA	86292.94	Weston, K. J.
12	Terri	Lee	256	1990-05-01 00:00:00	000	Admin	4	USA	53793.00	Lee, Terri
14	Stewart	Hall	227	1990-06-04 00:00:00	900	Finan	3	USA	69482.63	Hall, Stewart
15	Katherine	Young	231	1990-06-14 00:00:00	623	Mngr	3	USA	67241.25	Young, Katherine
20	Chris	Papadopoulos	887	1990-01-01 00:00:00	671	Mngr	3	USA	89655.00	Papadopoulos, Chris
24	Pete	Fisher	888	1990-09-12 00:00:00	671	Eng	3	USA	81810.19	Fisher, Pete
28	Ann	Bennet	5	1991-02-01 00:00:00	120	Admin	5	England	22935.00	Bennet, Ann
29	Roger	De Souza	288	1991-02-18 00:00:00	623	Eng	3	USA	69482.63	De Souza, Roger
34	Janet	Baldwin	2	1991-03-21 00:00:00	110	Sales	3	USA	61637.81	Baldwin, Janet
36	Roger	Reeves	6	1991-04-25 00:00:00	120	Sales	3	England	33620.63	Reeves, Roger
37	Willie	Stansbury	7	1991-04-25 00:00:00	120	Eng	4	England	39224.06	Stansbury, Willie
44	Leslie	Phong	216	1991-06-03 00:00:00	623	Eng	4	USA	56034.38	Phong, Leslie
45	Ashok	Ramanathan	209	1991-08-01 00:00:00	621	Eng	3	USA	80689.50	Ramanathan, Ashok
46	Walter	Steadman	210	1991-08-09 00:00:00	900	CFO	1	USA	116100.00	Steadman, Walter
52	Carol	Nordstrom	420	1991-10-02 00:00:00	180	PRel	4	USA	42742.50	Nordstrom, Carol
61	Luke	Leung	3	1992-02-18 00:00:00	110	SRep	4	USA	68805.00	Leung, Luke
65	Sue Anne	O'Brien	877	1992-03-23 00:00:00	670	Admin	5	USA	31275.00	O'Brien, Sue Anne
71	Jennifer M.	Burbank	289	1992-04-15 00:00:00	622	Eng	3	USA	53167.50	Burbank, Jennifer M.
72	Claudia	Sutherland	NULL	1992-04-20 00:00:00	140	SRep	4	Canada	100914.00	Sutherland, Claudia
83	Dana	Bishop	290	1992-06-01 00:00:00	621	Eng	3	USA	62550.00	Bishop, Dana
85	Mary S.	MacDonald	477	1992-06-01 00:00:00	100	VP	2	USA	111262.50	MacDonald, Mary S.
94	Randy	Williams	892	1992-08-08 00:00:00	672	Mngr	4	USA	56295.00	Williams, Randy
105	Oliver H.	Bender	255	1992-10-08 00:00:00	000	CEO	1	USA	212850.00	Bender, Oliver H.
107	Kevin	Cook	894	1993-02-01 00:00:00	670	Dir	2	USA	111262.50	Cook, Kevin
109	Kelly	Brown	202	1993-02-04 00:00:00	600	Admin	5	USA	27000.00	Brown, Kelly
110	Yuki	Ichida	22	1993-02-04 00:00:00	115	Eng	3	Japan	6000000.00	Ichida, Yuki
113	Mary	Page	845	1993-04-12 00:00:00	671	Eng	4	USA	48000.00	Page, Mary
114	Bill	Parker	247	1993-06-01 00:00:00	623	Eng	5	USA	35000.00	Parker, Bill
118	Takashi	Yamamoto	23	1993-07-01 00:00:00	115	SRep	4	Japan	7480000.00	Yamamoto, Takashi
121	Roberto	Ferrari	1	1993-07-12 00:00:00	125	SRep	4	Italy	99000000.00	Ferrari, Roberto
127	Michael	Yanowski	492	1993-08-09 00:00:00	100	SRep	4	USA	44000.00	Yanowski, Michael
134	Jacques	Glon	NULL	1993-08-23 00:00:00	123	SRep	4	France	390500.00	Glon, Jacques
136	Scott	Johnson	265	1993-09-13 00:00:00	623	Doc	3	USA	60000.00	Johnson, Scott
138	T.J.	Green	218	1993-11-01 00:00:00	621	Eng	4	USA	36000.00	Green, T.J.
141	Pierre	Osborne	NULL	1994-01-03 00:00:00	121	SRep	4	Switzerland	110000.00	Osborne, Pierre
144	John	Montgomery	820	1994-03-30 00:00:00	672	Eng	5	USA	35000.00	Montgomery, John
145	Mark	Guckenheimer	221	1994-05-02 00:00:00	622	Eng	5	USA	32000.00	Guckenheimer, Mark
DROP TABLE t1;
