SET @start_global_value = @@global.innodb_adaptive_hash_index;
set @@global.innodb_adaptive_hash_index= 0;
select @@session.innodb_adaptive_hash_index;
ERROR HY000: Variable 'innodb_adaptive_hash_index' is a GLOBAL variable
show global variables like 'innodb_adaptive_hash_index';
Variable_name	Value
innodb_adaptive_hash_index	OFF
show session variables like 'innodb_adaptive_hash_index';
Variable_name	Value
innodb_adaptive_hash_index	OFF
select variable_name from information_schema.global_variables where variable_name='innodb_adaptive_hash_index';
variable_name
INNODB_ADAPTIVE_HASH_INDEX
select variable_name from information_schema.session_variables where variable_name='innodb_adaptive_hash_index';
variable_name
INNODB_ADAPTIVE_HASH_INDEX
set global innodb_adaptive_hash_index='OFF';
select @@global.innodb_adaptive_hash_index;
@@global.innodb_adaptive_hash_index
OFF
select * from information_schema.global_variables where variable_name='innodb_adaptive_hash_index';
VARIABLE_NAME	VARIABLE_VALUE
INNODB_ADAPTIVE_HASH_INDEX	OFF
select * from information_schema.session_variables where variable_name='innodb_adaptive_hash_index';
VARIABLE_NAME	VARIABLE_VALUE
INNODB_ADAPTIVE_HASH_INDEX	OFF
set @@global.innodb_adaptive_hash_index=1;
select @@global.innodb_adaptive_hash_index;
@@global.innodb_adaptive_hash_index
ON
select * from information_schema.global_variables where variable_name='innodb_adaptive_hash_index';
VARIABLE_NAME	VARIABLE_VALUE
INNODB_ADAPTIVE_HASH_INDEX	ON
select * from information_schema.session_variables where variable_name='innodb_adaptive_hash_index';
VARIABLE_NAME	VARIABLE_VALUE
INNODB_ADAPTIVE_HASH_INDEX	ON
set @@global.innodb_adaptive_hash_index=2;
select @@global.innodb_adaptive_hash_index;
@@global.innodb_adaptive_hash_index
ON
select * from information_schema.global_variables where variable_name='innodb_adaptive_hash_index';
VARIABLE_NAME	VARIABLE_VALUE
INNODB_ADAPTIVE_HASH_INDEX	ON
set global innodb_adaptive_hash_index='OFF';
set @@global.innodb_adaptive_hash_index='TABLE';
select @@global.innodb_adaptive_hash_index;
@@global.innodb_adaptive_hash_index
TABLE
set global innodb_adaptive_hash_index=0;
select @@global.innodb_adaptive_hash_index;
@@global.innodb_adaptive_hash_index
OFF
select * from information_schema.global_variables where variable_name='innodb_adaptive_hash_index';
VARIABLE_NAME	VARIABLE_VALUE
INNODB_ADAPTIVE_HASH_INDEX	OFF
select * from information_schema.session_variables where variable_name='innodb_adaptive_hash_index';
VARIABLE_NAME	VARIABLE_VALUE
INNODB_ADAPTIVE_HASH_INDEX	OFF
set @@global.innodb_adaptive_hash_index='ON';
select @@global.innodb_adaptive_hash_index;
@@global.innodb_adaptive_hash_index
ON
select * from information_schema.global_variables where variable_name='innodb_adaptive_hash_index';
VARIABLE_NAME	VARIABLE_VALUE
INNODB_ADAPTIVE_HASH_INDEX	ON
select * from information_schema.session_variables where variable_name='innodb_adaptive_hash_index';
VARIABLE_NAME	VARIABLE_VALUE
INNODB_ADAPTIVE_HASH_INDEX	ON
set session innodb_adaptive_hash_index='OFF';
ERROR HY000: Variable 'innodb_adaptive_hash_index' is a GLOBAL variable and should be set with SET GLOBAL
set @@session.innodb_adaptive_hash_index='ON';
ERROR HY000: Variable 'innodb_adaptive_hash_index' is a GLOBAL variable and should be set with SET GLOBAL
set global innodb_adaptive_hash_index=1.1;
ERROR 42000: Incorrect argument type to variable 'innodb_adaptive_hash_index'
set global innodb_adaptive_hash_index=1e1;
ERROR 42000: Incorrect argument type to variable 'innodb_adaptive_hash_index'
set global innodb_adaptive_hash_index=-3;
ERROR 42000: Variable 'innodb_adaptive_hash_index' can't be set to the value of '-3'
select @@global.innodb_adaptive_hash_index;
@@global.innodb_adaptive_hash_index
ON
select * from information_schema.global_variables where variable_name='innodb_adaptive_hash_index';
VARIABLE_NAME	VARIABLE_VALUE
INNODB_ADAPTIVE_HASH_INDEX	ON
select * from information_schema.session_variables where variable_name='innodb_adaptive_hash_index';
VARIABLE_NAME	VARIABLE_VALUE
INNODB_ADAPTIVE_HASH_INDEX	ON
set global innodb_adaptive_hash_index='AUTO';
ERROR 42000: Variable 'innodb_adaptive_hash_index' can't be set to the value of 'AUTO'
CREATE OR REPLACE TABLE t1 (a int primary key, b varchar(100), index (b)) engine=innodb adaptive_hash_index=yes;
show create table t1;
Table	Create Table
t1	CREATE TABLE `t1` (
  `a` int(11) NOT NULL,
  `b` varchar(100) DEFAULT NULL,
  PRIMARY KEY (`a`),
  KEY `b` (`b`)
) ENGINE=InnoDB DEFAULT CHARSET=utf8mb4 COLLATE=utf8mb4_uca1400_ai_ci `adaptive_hash_index`=yes
CREATE OR REPLACE TABLE t1 (a int primary key, b varchar(100), index (b)) engine=innodb adaptive_hash_index=no;
show create table t1;
Table	Create Table
t1	CREATE TABLE `t1` (
  `a` int(11) NOT NULL,
  `b` varchar(100) DEFAULT NULL,
  PRIMARY KEY (`a`),
  KEY `b` (`b`)
) ENGINE=InnoDB DEFAULT CHARSET=utf8mb4 COLLATE=utf8mb4_uca1400_ai_ci `adaptive_hash_index`=no
CREATE OR REPLACE TABLE t1 (a int primary key, b varchar(100), index (b)) engine=innodb adaptive_hash_index='off';
ALTER TABLE t1 adaptive_hash_index=default;
show create table t1;
Table	Create Table
t1	CREATE TABLE `t1` (
  `a` int(11) NOT NULL,
  `b` varchar(100) DEFAULT NULL,
  PRIMARY KEY (`a`),
  KEY `b` (`b`)
) ENGINE=InnoDB DEFAULT CHARSET=utf8mb4 COLLATE=utf8mb4_uca1400_ai_ci
CREATE OR REPLACE TABLE t1 (a int primary key, b varchar(100), index (b)) engine=innodb adaptive_hash_index=default;
show create table t1;
Table	Create Table
t1	CREATE TABLE `t1` (
  `a` int(11) NOT NULL,
  `b` varchar(100) DEFAULT NULL,
  PRIMARY KEY (`a`),
  KEY `b` (`b`)
) ENGINE=InnoDB DEFAULT CHARSET=utf8mb4 COLLATE=utf8mb4_uca1400_ai_ci
CREATE OR REPLACE TABLE t1 (a int primary key, b varchar(100), index (b) adaptive_hash_index=yes) engine=innodb;
show create table t1;
Table	Create Table
t1	CREATE TABLE `t1` (
  `a` int(11) NOT NULL,
  `b` varchar(100) DEFAULT NULL,
  PRIMARY KEY (`a`),
  KEY `b` (`b`) `adaptive_hash_index`=yes
) ENGINE=InnoDB DEFAULT CHARSET=utf8mb4 COLLATE=utf8mb4_uca1400_ai_ci
CREATE OR REPLACE TABLE t1 (a int primary key, b varchar(100), index (b) adaptive_hash_index=no) engine=innodb, adaptive_hash_index=yes;
show create table t1;
Table	Create Table
t1	CREATE TABLE `t1` (
  `a` int(11) NOT NULL,
  `b` varchar(100) DEFAULT NULL,
  PRIMARY KEY (`a`),
  KEY `b` (`b`) `adaptive_hash_index`=no
) ENGINE=InnoDB DEFAULT CHARSET=utf8mb4 COLLATE=utf8mb4_uca1400_ai_ci `adaptive_hash_index`=yes
CREATE OR REPLACE TABLE t1 (a int primary key, b varchar(100), index (b) adaptive_hash_index=yes) engine=innodb, adaptive_hash_index=no;
show create table t1;
Table	Create Table
t1	CREATE TABLE `t1` (
  `a` int(11) NOT NULL,
  `b` varchar(100) DEFAULT NULL,
  PRIMARY KEY (`a`),
  KEY `b` (`b`) `adaptive_hash_index`=yes
) ENGINE=InnoDB DEFAULT CHARSET=utf8mb4 COLLATE=utf8mb4_uca1400_ai_ci `adaptive_hash_index`=no
CREATE OR REPLACE TABLE t1 (a int primary key, b varchar(100), index (b) adaptive_hash_index=yes) engine=innodb, adaptive_hash_index=yes;
show create table t1;
Table	Create Table
t1	CREATE TABLE `t1` (
  `a` int(11) NOT NULL,
  `b` varchar(100) DEFAULT NULL,
  PRIMARY KEY (`a`),
  KEY `b` (`b`) `adaptive_hash_index`=yes
) ENGINE=InnoDB DEFAULT CHARSET=utf8mb4 COLLATE=utf8mb4_uca1400_ai_ci `adaptive_hash_index`=yes
alter table t1 add column c int, add index (c);
show create table t1;
Table	Create Table
t1	CREATE TABLE `t1` (
  `a` int(11) NOT NULL,
  `b` varchar(100) DEFAULT NULL,
  `c` int(11) DEFAULT NULL,
  PRIMARY KEY (`a`),
  KEY `b` (`b`) `adaptive_hash_index`=yes,
  KEY `c` (`c`)
) ENGINE=InnoDB DEFAULT CHARSET=utf8mb4 COLLATE=utf8mb4_uca1400_ai_ci `adaptive_hash_index`=yes
alter table t1 drop index b, add index b (b);
show create table t1;
Table	Create Table
t1	CREATE TABLE `t1` (
  `a` int(11) NOT NULL,
  `b` varchar(100) DEFAULT NULL,
  `c` int(11) DEFAULT NULL,
  PRIMARY KEY (`a`),
  KEY `c` (`c`),
  KEY `b` (`b`)
) ENGINE=InnoDB DEFAULT CHARSET=utf8mb4 COLLATE=utf8mb4_uca1400_ai_ci `adaptive_hash_index`=yes
CREATE OR REPLACE TABLE t1 (a int primary key, b varchar(100), index (b) adaptive_hash_index=default) engine=innodb, adaptive_hash_index=default;
show create table t1;
Table	Create Table
t1	CREATE TABLE `t1` (
  `a` int(11) NOT NULL,
  `b` varchar(100) DEFAULT NULL,
  PRIMARY KEY (`a`),
  KEY `b` (`b`)
) ENGINE=InnoDB DEFAULT CHARSET=utf8mb4 COLLATE=utf8mb4_uca1400_ai_ci
CREATE OR REPLACE TABLE t1 (a int primary key, b varchar(100), index (b) adaptive_hash_index='on') engine=innodb, adaptive_hash_index='off';
show create table t1;
Table	Create Table
t1	CREATE TABLE `t1` (
  `a` int(11) NOT NULL,
  `b` varchar(100) DEFAULT NULL,
  PRIMARY KEY (`a`),
  KEY `b` (`b`) `adaptive_hash_index`='on'
) ENGINE=InnoDB DEFAULT CHARSET=utf8mb4 COLLATE=utf8mb4_uca1400_ai_ci `adaptive_hash_index`='off'
CREATE OR REPLACE TABLE t1 (a int primary key, b varchar(100), index (b) adaptive_hash_index='on' adaptive_hash_complete_columns=1 adaptive_hash_bytes_in_first_incomplete=5 adaptive_hash_on_match_last=1) engine=innodb, adaptive_hash_index='off';
show create table t1;
Table	Create Table
t1	CREATE TABLE `t1` (
  `a` int(11) NOT NULL,
  `b` varchar(100) DEFAULT NULL,
  PRIMARY KEY (`a`),
  KEY `b` (`b`) `adaptive_hash_index`='on' `adaptive_hash_complete_columns`=1 `adaptive_hash_bytes_in_first_incomplete`=5 `adaptive_hash_on_match_last`=1
) ENGINE=InnoDB DEFAULT CHARSET=utf8mb4 COLLATE=utf8mb4_uca1400_ai_ci `adaptive_hash_index`='off'
insert into t1 (a) values (1),(2);
alter table t1 engine=myisam;
show create table t1;
Table	Create Table
t1	CREATE TABLE `t1` (
  `a` int(11) NOT NULL,
  `b` varchar(100) DEFAULT NULL,
  PRIMARY KEY (`a`),
  KEY `b` (`b`) /* `adaptive_hash_index`='on' `adaptive_hash_complete_columns`=1 `adaptive_hash_bytes_in_first_incomplete`=5 `adaptive_hash_on_match_last`=1 */
) ENGINE=MyISAM DEFAULT CHARSET=utf8mb4 COLLATE=utf8mb4_uca1400_ai_ci /* `adaptive_hash_index`='off' */
select * from t1;
a	b
1	NULL
2	NULL
drop table t1;
SET @@global.innodb_adaptive_hash_index = @start_global_value;
