SET @global_start_value = @@global.new_mode;
SELECT @global_start_value;
@global_start_value
NOW_DEFAULT
SET @session_start_value = @@session.new_mode;
SELECT @session_start_value;
@session_start_value
NOW_DEFAULT
SET @@global.new_mode = "FIX_DISK_TMPTABLE_COSTS";
SELECT @@global.new_mode;
@@global.new_mode
NOW_DEFAULT,FIX_DISK_TMPTABLE_COSTS
SELECT @@session.new_mode;
@@session.new_mode
NOW_DEFAULT
SET @@global.new_mode = DEFAULT;
SELECT @@global.new_mode;
@@global.new_mode
NOW_DEFAULT
SELECT @@session.new_mode;
@@session.new_mode
NOW_DEFAULT
SET @@session.new_mode = "FIX_SEMIJOIN_DUPS_WEEDOUT_CHECK";
SELECT @@global.new_mode;
@@global.new_mode
NOW_DEFAULT
SELECT @@session.new_mode;
@@session.new_mode
NOW_DEFAULT,FIX_SEMIJOIN_DUPS_WEEDOUT_CHECK
SET @@session.new_mode = DEFAULT;
SELECT @@global.new_mode;
@@global.new_mode
NOW_DEFAULT
SELECT @@session.new_mode;
@@session.new_mode
NOW_DEFAULT
SET @@session.new_mode = "FIX_DISK_TMPTABLE_COSTS,TEST_WARNING1";
Warnings:
Warning	4209	'TEST_WARNING1' is default and ignored
SET @@session.new_mode = "FIX_DISK_TMPTABLE_COSTS,TEST_WARNING1,TEST_WARNING2";
Warnings:
Warning	4209	'TEST_WARNING1' is default and ignored
Warning	4209	'TEST_WARNING2' is default and ignored
SET @@session.new_mode = "FIX_DISK_TMPTABLE_COSTS,TEST_WARNING1,TEST_WARNING2,TEST_WARNING3";
ERROR 42000: Variable 'new_mode' can't be set to the value of 'TEST_WARNING3'
SET @@global.new_mode = NULL;
ERROR 42000: Variable 'new_mode' can't be set to the value of 'NULL'
SET @@global.new_mode = '';
SELECT @@global.new_mode;
@@global.new_mode
NOW_DEFAULT
SET @@global.new_mode = ' ';
SELECT @@global.new_mode;
@@global.new_mode
NOW_DEFAULT
SET @@session.new_mode = NULL;
ERROR 42000: Variable 'new_mode' can't be set to the value of 'NULL'
SET @@session.new_mode = '';
SELECT @@session.new_mode;
@@session.new_mode
NOW_DEFAULT
SET @@session.new_mode = ' ';
SELECT @@session.new_mode;
@@session.new_mode
NOW_DEFAULT
SET @@global.new_mode = OFF;
ERROR 42000: Variable 'new_mode' can't be set to the value of 'OFF'
SET @@session.new_mode = OFF;
ERROR 42000: Variable 'new_mode' can't be set to the value of 'OFF'
SET @@global.new_mode = @global_start_value;
SELECT @@global.new_mode;
@@global.new_mode
NOW_DEFAULT
SET @@session.new_mode = @session_start_value;
SELECT @@session.new_mode;
@@session.new_mode
NOW_DEFAULT
