SET @orig_global = @@global.tokudb_analyze_time;
SELECT @orig_global;
@orig_global
5
SET @orig_session = @@session.tokudb_analyze_time;
SELECT @orig_session;
@orig_session
5
SET GLOBAL tokudb_analyze_time = 10;
SELECT @@global.tokudb_analyze_time;
@@global.tokudb_analyze_time
10
SET GLOBAL tokudb_analyze_time = 0;
SELECT @@global.tokudb_analyze_time;
@@global.tokudb_analyze_time
0
SET GLOBAL tokudb_analyze_time = DEFAULT;
SELECT @@global.tokudb_analyze_time;
@@global.tokudb_analyze_time
5
SET GLOBAL tokudb_analyze_time = 'foobar';
ERROR 42000: Incorrect argument type to variable 'tokudb_analyze_time'
SELECT @@global.tokudb_analyze_time;
@@global.tokudb_analyze_time
5
SET SESSION tokudb_analyze_time = 10;
SELECT @@session.tokudb_analyze_time;
@@session.tokudb_analyze_time
10
SET SESSION tokudb_analyze_time = 0;
SELECT @@session.tokudb_analyze_time;
@@session.tokudb_analyze_time
0
SET SESSION tokudb_analyze_time = DEFAULT;
SELECT @@session.tokudb_analyze_time;
@@session.tokudb_analyze_time
5
SET SESSION tokudb_analyze_time = 'foobar';
ERROR 42000: Incorrect argument type to variable 'tokudb_analyze_time'
SELECT @@session.tokudb_analyze_time;
@@session.tokudb_analyze_time
5
SET GLOBAL tokudb_analyze_time = 12;
SET SESSION tokudb_analyze_time = 13;
SELECT @@global.tokudb_analyze_time;
@@global.tokudb_analyze_time
12
SELECT @@session.tokudb_analyze_time;
@@session.tokudb_analyze_time
13
SHOW VARIABLES LIKE 'tokudb_analyze_time';
Variable_name	Value
tokudb_analyze_time	13
SET SESSION tokudb_analyze_time = @orig_session;
SELECT @@session.tokudb_analyze_time;
@@session.tokudb_analyze_time
5
SET GLOBAL tokudb_analyze_time = @orig_global;
SELECT @@global.tokudb_analyze_time;
@@global.tokudb_analyze_time
5
