SELECT UUID_TIMESTAMP('018d17f3-e9a3-7000-8000-000000000000');
UUID_TIMESTAMP('018d17f3-e9a3-7000-8000-000000000000')
2024-01-17 20:34:37.539000
SELECT UUID_TIMESTAMP('0188b5b8-8000-7000-8000-000000000000');
UUID_TIMESTAMP('0188b5b8-8000-7000-8000-000000000000')
2023-06-13 22:35:47.520000
SELECT UUID_TIMESTAMP('1ee81f00-a8a8-11ee-8000-000000000000') IS NOT NULL AS has_timestamp;
has_timestamp
1
SET @uuid1 = UUID();
SELECT UUID_TIMESTAMP(@uuid1) IS NOT NULL AS has_timestamp;
has_timestamp
1
SELECT TIMESTAMPDIFF(SECOND, UUID_TIMESTAMP(UUID()), NOW()) BETWEEN -5 AND 5 AS timestamp_is_recent;
timestamp_is_recent
1
SET @uuid7 = UUID_V7();
SELECT UUID_TIMESTAMP(@uuid7) IS NOT NULL AS has_timestamp;
has_timestamp
1
SELECT TIMESTAMPDIFF(SECOND, UUID_TIMESTAMP(UUID_V7()), NOW()) BETWEEN -5 AND 5 AS timestamp_is_recent;
timestamp_is_recent
1
SELECT UUID_TIMESTAMP(UUID_V4()) IS NULL AS no_timestamp_for_v4;
no_timestamp_for_v4
1
SELECT UUID_TIMESTAMP('a0eebc99-9c0b-4ef8-bb6d-6bb9bd380a11') IS NULL AS no_timestamp_for_v4;
no_timestamp_for_v4
1
SELECT UUID_TIMESTAMP(NULL);
UUID_TIMESTAMP(NULL)
NULL
SELECT UUID_TIMESTAMP('not-a-valid-uuid');
UUID_TIMESTAMP('not-a-valid-uuid')
NULL
Warnings:
Warning	1292	Incorrect uuid value: 'not-a-valid-uuid'
SELECT UUID_TIMESTAMP(CAST('018d17f3-e9a3-7000-8000-000000000000' AS UUID));
UUID_TIMESTAMP(CAST('018d17f3-e9a3-7000-8000-000000000000' AS UUID))
2024-01-17 20:34:37.539000
CREATE TABLE t1 AS SELECT UUID_TIMESTAMP(UUID()) AS ts;
SHOW CREATE TABLE t1;
Table	Create Table
t1	CREATE TABLE `t1` (
  `ts` timestamp(6) NULL DEFAULT NULL
) ENGINE=MyISAM DEFAULT CHARSET=utf8mb4 COLLATE=utf8mb4_uca1400_ai_ci
DROP TABLE t1;
CREATE TABLE t1 AS SELECT UUID_TIMESTAMP(UUID_V7()) AS ts;
SHOW CREATE TABLE t1;
Table	Create Table
t1	CREATE TABLE `t1` (
  `ts` timestamp(6) NULL DEFAULT NULL
) ENGINE=MyISAM DEFAULT CHARSET=utf8mb4 COLLATE=utf8mb4_uca1400_ai_ci
DROP TABLE t1;
SELECT UUID_TIMESTAMP('018d17f3-e9a3-7000-8000-000000000000');
UUID_TIMESTAMP('018d17f3-e9a3-7000-8000-000000000000')
2024-01-17 20:34:37.539000
SELECT UUID_TIMESTAMP('00000000-0000-1000-8000-000000000000') IS NULL AS before_unix_epoch;
before_unix_epoch
1
