SET time_zone='+00:00';
SELECT UUID_TIMESTAMP('018d17f3-e9a3-7000-8000-000000000000');
UUID_TIMESTAMP('018d17f3-e9a3-7000-8000-000000000000')
2024-01-17 15:04:37.539000
SELECT UUID_TIMESTAMP('0188b5b8-8000-7000-8000-000000000000');
UUID_TIMESTAMP('0188b5b8-8000-7000-8000-000000000000')
2023-06-13 17:05:47.520000
SELECT UUID_TIMESTAMP('1ee81f00-a8a8-11ee-8000-000000000000') IS NOT NULL AS has_timestamp;
has_timestamp
1
SELECT TIMESTAMPDIFF(SECOND, UUID_TIMESTAMP(UUID()), NOW(6)) < 120 AS v1_time_ok;
v1_time_ok
1
SELECT TIMESTAMPDIFF(SECOND, UUID_TIMESTAMP(UUID_V7()), NOW(6)) < 120 AS v7_time_ok;
v7_time_ok
1
SELECT UUID_TIMESTAMP(UUID_V4()) IS NULL AS v4_returns_null;
v4_returns_null
1
SELECT UUID_TIMESTAMP('a0eebc99-9c0b-4ef8-bb6d-6bb9bd380a11') IS NULL AS v4_string_returns_null;
v4_string_returns_null
1
SELECT UUID_TIMESTAMP(NULL) IS NULL AS null_input;
null_input
1
SELECT UUID_TIMESTAMP('not-a-valid-uuid');
UUID_TIMESTAMP('not-a-valid-uuid')
NULL
Warnings:
Warning	1292	Incorrect uuid value: 'not-a-valid-uuid'
SELECT UUID_TIMESTAMP(CAST('018d17f3-e9a3-7000-8000-000000000000' AS UUID));
UUID_TIMESTAMP(CAST('018d17f3-e9a3-7000-8000-000000000000' AS UUID))
2024-01-17 15:04:37.539000
CREATE TABLE t1 AS SELECT UUID_TIMESTAMP(UUID()) AS ts;
SHOW CREATE TABLE t1;
Table	Create Table
t1	CREATE TABLE `t1` (
  `ts` timestamp(6) NULL DEFAULT NULL
) ENGINE=MyISAM DEFAULT CHARSET=utf8mb4 COLLATE=utf8mb4_uca1400_ai_ci
DROP TABLE t1;
SELECT UUID_TIMESTAMP('00000000-0000-1000-8000-000000000000') IS NULL AS before_unix_epoch;
before_unix_epoch
1
SELECT UUID_TIMESTAMP('00000000-0000-7000-8000-000000000000');
UUID_TIMESTAMP('00000000-0000-7000-8000-000000000000')
0000-00-00 00:00:00.000000
SET @u1= UUID();
SET @u7= UUID_V7();
SELECT ABS(TIMESTAMPDIFF(SECOND, UUID_TIMESTAMP(@u1), UUID_TIMESTAMP(@u7))) < 120 AS same_timeframe;
same_timeframe
1
SET time_zone=DEFAULT;
