SET time_zone='+00:00';
#
# UUIDv1 with known timestamps
#
SELECT UUID_TIMESTAMP('63b00000-bfde-11d3-80fe-9f59977b836e');
UUID_TIMESTAMP('63b00000-bfde-11d3-80fe-9f59977b836e')
2000-01-01 00:00:00.000000
SELECT UUID_TIMESTAMP('16488880-2b13-11ef-808b-603c7ba5e656');
UUID_TIMESTAMP('16488880-2b13-11ef-808b-603c7ba5e656')
2024-06-15 12:30:45.000000
SELECT UUID_TIMESTAMP('d02b2980-e6a4-11f0-8072-39f36896a88f');
UUID_TIMESTAMP('d02b2980-e6a4-11f0-8072-39f36896a88f')
2025-12-31 23:59:59.000000
#
# UUIDv7 with known timestamps (ms precision)
#
SELECT UUID_TIMESTAMP('00dc6acf-ac00-737d-9f12-3229a718bf21');
UUID_TIMESTAMP('00dc6acf-ac00-737d-9f12-3229a718bf21')
2000-01-01 00:00:00.000000
SELECT UUID_TIMESTAMP('01901be0-f183-7e6c-9601-62a5e4f6e7b8');
UUID_TIMESTAMP('01901be0-f183-7e6c-9601-62a5e4f6e7b8')
2024-06-15 12:30:45.123000
SELECT UUID_TIMESTAMP('019b76da-a7ff-7ece-a98f-44624a8d3b0f');
UUID_TIMESTAMP('019b76da-a7ff-7ece-a98f-44624a8d3b0f')
2025-12-31 23:59:59.999000
#
# UUIDv4 returns NULL (no timestamp)
#
SELECT UUID_TIMESTAMP(UUID_V4()) IS NULL AS v4_returns_null;
v4_returns_null
1
SELECT UUID_TIMESTAMP('a0eebc99-9c0b-4ef8-bb6d-6bb9bd380a11') IS NULL AS v4_string_returns_null;
v4_string_returns_null
1
#
# NULL and invalid input
#
SELECT UUID_TIMESTAMP(NULL) IS NULL AS null_input;
null_input
1
SELECT UUID_TIMESTAMP('not-a-valid-uuid');
UUID_TIMESTAMP('not-a-valid-uuid')
NULL
Warnings:
Warning	1292	Incorrect uuid value: 'not-a-valid-uuid'
#
# Native UUID type
#
SELECT UUID_TIMESTAMP(CAST('01901be0-f183-7e6c-9601-62a5e4f6e7b8' AS UUID));
UUID_TIMESTAMP(CAST('01901be0-f183-7e6c-9601-62a5e4f6e7b8' AS UUID))
2024-06-15 12:30:45.123000
#
# Return type is TIMESTAMP(6)
#
CREATE TABLE t1 AS SELECT UUID_TIMESTAMP('01901be0-f183-7e6c-9601-62a5e4f6e7b8') AS ts;
SHOW CREATE TABLE t1;
Table	Create Table
t1	CREATE TABLE `t1` (
  `ts` timestamp(6) NULL DEFAULT NULL
) ENGINE=MyISAM DEFAULT CHARSET=utf8mb4 COLLATE=utf8mb4_uca1400_ai_ci
DROP TABLE t1;
#
# Edge cases
#
SELECT UUID_TIMESTAMP('00000000-0000-1000-8000-000000000000') IS NULL AS before_unix_epoch;
before_unix_epoch
1
SELECT UUID_TIMESTAMP('00000000-0000-7000-8000-000000000000');
UUID_TIMESTAMP('00000000-0000-7000-8000-000000000000')
0000-00-00 00:00:00.000000
SELECT UUID_TIMESTAMP('ffffffff-ffff-7fff-8000-000000000000');
UUID_TIMESTAMP('ffffffff-ffff-7fff-8000-000000000000')
2042-12-13 16:54:30.655000
SELECT UUID_TIMESTAMP('ffffffff-ffff-1fff-8000-000000000000');
UUID_TIMESTAMP('ffffffff-ffff-1fff-8000-000000000000')
2105-11-25 16:30:52.684697
SET time_zone=DEFAULT;
