set default_storage_engine='tokudb';
drop table if exists t,t1,t2;
CREATE TABLE `t` (
`num` int(10) unsigned auto_increment NOT NULL,
`val` varchar(32) DEFAULT NULL,
PRIMARY KEY (`num`)
);
INSERT INTO t values (null,null);
INSERT INTO t SELECT null,val FROM t;
INSERT INTO t SELECT null,val FROM t;
INSERT INTO t SELECT null,val FROM t;
INSERT INTO t SELECT null,val FROM t;
INSERT INTO t SELECT null,val FROM t;
INSERT INTO t SELECT null,val FROM t;
INSERT INTO t SELECT null,val FROM t;
INSERT INTO t SELECT null,val FROM t;
INSERT INTO t SELECT null,val FROM t;
INSERT INTO t SELECT null,val FROM t;
INSERT INTO t SELECT null,val FROM t;
INSERT INTO t SELECT null,val FROM t;
INSERT INTO t SELECT null,val FROM t;
INSERT INTO t SELECT null,val FROM t;
INSERT INTO t SELECT null,val FROM t;
INSERT INTO t SELECT null,val FROM t;
INSERT INTO t SELECT null,val FROM t;
INSERT INTO t SELECT null,val FROM t;
INSERT INTO t SELECT null,val FROM t;
INSERT INTO t SELECT null,val FROM t;
INSERT INTO t SELECT null,val FROM t;
INSERT INTO t SELECT null,val FROM t;
INSERT INTO t SELECT null,val FROM t;
SELECT count(*) FROM t;
count(*)
8388608
CREATE TABLE `t1` (
`num` int(10) unsigned NOT NULL,
`val` varchar(32) DEFAULT NULL,
PRIMARY KEY (`num`)
) as select * from t;
SELECT count(*) from t1;
count(*)
8388608
SELECT count(*) from t1;
count(*)
8388608
SELECT count(*) from t1;
count(*)
8388608
SELECT count(*) from t1;
count(*)
8388608
SELECT count(*) from t1;
count(*)
8388608
SELECT count(*) from t1;
count(*)
8388608
SELECT count(*) from t1;
count(*)
8388608
SELECT count(*) from t1;
count(*)
8388608
SELECT count(*) from t1;
count(*)
8388608
SELECT count(*) from t1;
count(*)
8388608
CREATE TABLE t2 AS SELECT count(*) from t1;
DROP TABLE t2;
CREATE TABLE t2 AS SELECT count(*) from t1;
DROP TABLE t2;
CREATE TABLE t2 AS SELECT count(*) from t1;
DROP TABLE t2;
CREATE TABLE t2 AS SELECT count(*) from t1;
DROP TABLE t2;
CREATE TABLE t2 AS SELECT count(*) from t1;
DROP TABLE t2;
CREATE TABLE t2 AS SELECT count(*) from t1;
DROP TABLE t2;
CREATE TABLE t2 AS SELECT count(*) from t1;
DROP TABLE t2;
CREATE TABLE t2 AS SELECT count(*) from t1;
DROP TABLE t2;
CREATE TABLE t2 AS SELECT count(*) from t1;
DROP TABLE t2;
CREATE TABLE t2 AS SELECT count(*) from t1;
DROP TABLE t2;
1
SELECT count(*) from t1 where num > 7000000;
count(*)
1847274
SELECT count(*) from t1 where num > 7000000;
count(*)
1847274
SELECT count(*) from t1 where num > 7000000;
count(*)
1847274
SELECT count(*) from t1 where num > 7000000;
count(*)
1847274
SELECT count(*) from t1 where num > 7000000;
count(*)
1847274
SELECT count(*) from t1 where num > 7000000;
count(*)
1847274
SELECT count(*) from t1 where num > 7000000;
count(*)
1847274
SELECT count(*) from t1 where num > 7000000;
count(*)
1847274
SELECT count(*) from t1 where num > 7000000;
count(*)
1847274
SELECT count(*) from t1 where num > 7000000;
count(*)
1847274
SELECT count(*) from t1 where num > 7000000;
count(*)
1847274
SELECT count(*) from t1 where num > 7000000;
count(*)
1847274
SELECT count(*) from t1 where num > 7000000;
count(*)
1847274
SELECT count(*) from t1 where num > 7000000;
count(*)
1847274
SELECT count(*) from t1 where num > 7000000;
count(*)
1847274
SELECT count(*) from t1 where num > 7000000;
count(*)
1847274
SELECT count(*) from t1 where num > 7000000;
count(*)
1847274
SELECT count(*) from t1 where num > 7000000;
count(*)
1847274
SELECT count(*) from t1 where num > 7000000;
count(*)
1847274
SELECT count(*) from t1 where num > 7000000;
count(*)
1847274
SELECT count(*) from t1 where num > 7000000;
count(*)
1847274
SELECT count(*) from t1 where num > 7000000;
count(*)
1847274
SELECT count(*) from t1 where num > 7000000;
count(*)
1847274
SELECT count(*) from t1 where num > 7000000;
count(*)
1847274
SELECT count(*) from t1 where num > 7000000;
count(*)
1847274
SELECT count(*) from t1 where num > 7000000;
count(*)
1847274
SELECT count(*) from t1 where num > 7000000;
count(*)
1847274
SELECT count(*) from t1 where num > 7000000;
count(*)
1847274
SELECT count(*) from t1 where num > 7000000;
count(*)
1847274
SELECT count(*) from t1 where num > 7000000;
count(*)
1847274
CREATE TABLE t2 AS SELECT count(*) from t1 where num > 7000000;
DROP TABLE t2;
CREATE TABLE t2 AS SELECT count(*) from t1 where num > 7000000;
DROP TABLE t2;
CREATE TABLE t2 AS SELECT count(*) from t1 where num > 7000000;
DROP TABLE t2;
CREATE TABLE t2 AS SELECT count(*) from t1 where num > 7000000;
DROP TABLE t2;
CREATE TABLE t2 AS SELECT count(*) from t1 where num > 7000000;
DROP TABLE t2;
CREATE TABLE t2 AS SELECT count(*) from t1 where num > 7000000;
DROP TABLE t2;
CREATE TABLE t2 AS SELECT count(*) from t1 where num > 7000000;
DROP TABLE t2;
CREATE TABLE t2 AS SELECT count(*) from t1 where num > 7000000;
DROP TABLE t2;
CREATE TABLE t2 AS SELECT count(*) from t1 where num > 7000000;
DROP TABLE t2;
CREATE TABLE t2 AS SELECT count(*) from t1 where num > 7000000;
DROP TABLE t2;
CREATE TABLE t2 AS SELECT count(*) from t1 where num > 7000000;
DROP TABLE t2;
CREATE TABLE t2 AS SELECT count(*) from t1 where num > 7000000;
DROP TABLE t2;
CREATE TABLE t2 AS SELECT count(*) from t1 where num > 7000000;
DROP TABLE t2;
CREATE TABLE t2 AS SELECT count(*) from t1 where num > 7000000;
DROP TABLE t2;
CREATE TABLE t2 AS SELECT count(*) from t1 where num > 7000000;
DROP TABLE t2;
CREATE TABLE t2 AS SELECT count(*) from t1 where num > 7000000;
DROP TABLE t2;
CREATE TABLE t2 AS SELECT count(*) from t1 where num > 7000000;
DROP TABLE t2;
CREATE TABLE t2 AS SELECT count(*) from t1 where num > 7000000;
DROP TABLE t2;
CREATE TABLE t2 AS SELECT count(*) from t1 where num > 7000000;
DROP TABLE t2;
CREATE TABLE t2 AS SELECT count(*) from t1 where num > 7000000;
DROP TABLE t2;
CREATE TABLE t2 AS SELECT count(*) from t1 where num > 7000000;
DROP TABLE t2;
CREATE TABLE t2 AS SELECT count(*) from t1 where num > 7000000;
DROP TABLE t2;
CREATE TABLE t2 AS SELECT count(*) from t1 where num > 7000000;
DROP TABLE t2;
CREATE TABLE t2 AS SELECT count(*) from t1 where num > 7000000;
DROP TABLE t2;
CREATE TABLE t2 AS SELECT count(*) from t1 where num > 7000000;
DROP TABLE t2;
CREATE TABLE t2 AS SELECT count(*) from t1 where num > 7000000;
DROP TABLE t2;
CREATE TABLE t2 AS SELECT count(*) from t1 where num > 7000000;
DROP TABLE t2;
CREATE TABLE t2 AS SELECT count(*) from t1 where num > 7000000;
DROP TABLE t2;
CREATE TABLE t2 AS SELECT count(*) from t1 where num > 7000000;
DROP TABLE t2;
CREATE TABLE t2 AS SELECT count(*) from t1 where num > 7000000;
DROP TABLE t2;
1
drop table t,t1;
