set default_storage_engine='tokudb';
set tokudb_prelock_empty=false;
drop table if exists t;
create table t (id int primary key);
select trx_id,trx_mysql_thread_id from information_schema.tokudb_trx;
trx_id	trx_mysql_thread_id
select * from information_schema.tokudb_locks;
locks_trx_id	locks_mysql_thread_id	locks_dname	locks_key_left	locks_key_right	locks_table_schema	locks_table_name	locks_table_dictionary_name
select * from information_schema.tokudb_lock_waits;
requesting_trx_id	blocking_trx_id	lock_waits_dname	lock_waits_key_left	lock_waits_key_right	lock_waits_start_time	lock_waits_table_schema	lock_waits_table_name	lock_waits_table_dictionary_name
connect  conn_a,localhost,root,,;
set autocommit=0;
set tokudb_prelock_empty=OFF;
insert into t values (1);
connect  conn_b,localhost,root,,;
set autocommit=0;
set tokudb_prelock_empty=OFF;
set tokudb_lock_timeout=60000;
replace into t values (1);
connection default;
select * from information_schema.tokudb_locks;
locks_trx_id	locks_mysql_thread_id	locks_dname	locks_key_left	locks_key_right	locks_table_schema	locks_table_name	locks_table_dictionary_name
TRX_ID	MYSQL_ID	./test/t-main	0001000000	0001000000	test	t	main
select * from information_schema.tokudb_lock_waits;
requesting_trx_id	blocking_trx_id	lock_waits_dname	lock_waits_key_left	lock_waits_key_right	lock_waits_start_time	lock_waits_table_schema	lock_waits_table_name	lock_waits_table_dictionary_name
REQUEST_TRX_ID	BLOCK_TRX_ID	./test/t-main	0001000000	0001000000	LOCK_WAITS_START_TIME	test	t	main
select trx_id,trx_mysql_thread_id from information_schema.tokudb_trx;
trx_id	trx_mysql_thread_id
TRX_ID	MYSQL_ID
TRX_ID	MYSQL_ID
connection conn_a;
commit;
select * from information_schema.tokudb_locks;
locks_trx_id	locks_mysql_thread_id	locks_dname	locks_key_left	locks_key_right	locks_table_schema	locks_table_name	locks_table_dictionary_name
select * from information_schema.tokudb_lock_waits;
requesting_trx_id	blocking_trx_id	lock_waits_dname	lock_waits_key_left	lock_waits_key_right	lock_waits_start_time	lock_waits_table_schema	lock_waits_table_name	lock_waits_table_dictionary_name
connection conn_b;
ERROR HY000: Lock wait timeout exceeded; try restarting transaction
commit;
connection default;
disconnect conn_a;
disconnect conn_b;
select trx_id,trx_mysql_thread_id from information_schema.tokudb_trx;
trx_id	trx_mysql_thread_id
select * from information_schema.tokudb_locks;
locks_trx_id	locks_mysql_thread_id	locks_dname	locks_key_left	locks_key_right	locks_table_schema	locks_table_name	locks_table_dictionary_name
select * from information_schema.tokudb_lock_waits;
requesting_trx_id	blocking_trx_id	lock_waits_dname	lock_waits_key_left	lock_waits_key_right	lock_waits_start_time	lock_waits_table_schema	lock_waits_table_name	lock_waits_table_dictionary_name
drop table t;
