create table t1 (a bigint);
lock tables t1 write;
insert into t1 values(0);
analyze table t1;
Table	Op	Msg_type	Msg_text
test.t1	analyze	status	Engine-independent statistics collected
test.t1	analyze	status	OK
unlock tables;
check table t1;
Table	Op	Msg_type	Msg_text
test.t1	check	status	OK
drop table t1;
create table t1 (a bigint);
insert into t1 values(0);
lock tables t1 write;
delete from t1;
analyze table t1;
Table	Op	Msg_type	Msg_text
test.t1	analyze	status	Engine-independent statistics collected
test.t1	analyze	status	OK
unlock tables;
check table t1;
Table	Op	Msg_type	Msg_text
test.t1	check	status	OK
drop table t1;
create table t1 (a bigint);
insert into t1 values(0);
analyze table t1;
Table	Op	Msg_type	Msg_text
test.t1	analyze	status	Engine-independent statistics collected
test.t1	analyze	status	OK
check table t1;
Table	Op	Msg_type	Msg_text
test.t1	check	status	OK
drop table t1;
create table t1 (a mediumtext, fulltext key key1(a)) charset utf8 collate utf8_general_ci engine myisam;
insert into t1 values ('hello');
analyze table t1;
Table	Op	Msg_type	Msg_text
test.t1	analyze	status	Engine-independent statistics collected
test.t1	analyze	Warning	Engine-independent statistics are not collected for column 'a'
test.t1	analyze	status	OK
analyze table t1;
Table	Op	Msg_type	Msg_text
test.t1	analyze	status	Engine-independent statistics collected
test.t1	analyze	Warning	Engine-independent statistics are not collected for column 'a'
test.t1	analyze	status	Table is already up to date
drop table t1;
CREATE TABLE t1 (a int);
prepare stmt1 from "SELECT * FROM t1 PROCEDURE ANALYSE()";
execute stmt1;
Field_name	Min_value	Max_value	Min_length	Max_length	Empties_or_zeros	Nulls	Avg_value_or_avg_length	Std	Optimal_fieldtype
execute stmt1;
Field_name	Min_value	Max_value	Min_length	Max_length	Empties_or_zeros	Nulls	Avg_value_or_avg_length	Std	Optimal_fieldtype
deallocate prepare stmt1;
drop table t1;
create temporary table t1(a int, index(a));
insert into t1 values('1'),('2'),('3'),('4'),('5');
analyze table t1;
Table	Op	Msg_type	Msg_text
test.t1	analyze	status	OK
show index from t1;
Table	Non_unique	Key_name	Seq_in_index	Column_name	Collation	Cardinality	Sub_part	Packed	Null	Index_type	Comment	Index_comment	Ignored
t1	1	a	1	a	A	5	NULL	NULL	YES	BTREE			NO
drop table t1;
End of 4.1 tests
create table t1(a int);
analyze table t1 extended;
ERROR 42000: You have an error in your SQL syntax; check the manual that corresponds to your MariaDB server version for the right syntax to use near 'extended' at line 1
optimize table t1 extended;
ERROR 42000: You have an error in your SQL syntax; check the manual that corresponds to your MariaDB server version for the right syntax to use near 'extended' at line 1
drop table t1;
End of 5.0 tests
#
# Test analyze of text column (not yet supported)
#
set optimizer_use_condition_selectivity=4;
set histogram_type='single_prec_hb';
set histogram_size=255;
create table t1 (a int not null, t tinytext, tx text);
insert into t1 select seq+1, repeat('X',seq*5), repeat('X',seq*10) from seq_0_to_50;
insert into t1 select seq+100, repeat('X',5), "" from seq_1_to_10;
analyze table t1;
Table	Op	Msg_type	Msg_text
test.t1	analyze	status	Engine-independent statistics collected
test.t1	analyze	Warning	Engine-independent statistics are not collected for column 't'
test.t1	analyze	Warning	Engine-independent statistics are not collected for column 'tx'
test.t1	analyze	status	OK
explain select count(*) from t1 where t='XXXXXX';
id	select_type	table	type	possible_keys	key	key_len	ref	rows	Extra
1	SIMPLE	t1	ALL	NULL	NULL	NULL	NULL	61	Using where
select column_name, min_value, max_value, hist_size from mysql.column_stats where table_name='t1';
column_name	min_value	max_value	hist_size
a	1	110	255
drop table t1;
set use_stat_tables=default;
set histogram_type=default;
set histogram_size=default;
#
# MDEV-31957 Concurrent ALTER and ANALYZE collecting statistics can
# result in stale statistical data
#
CREATE TABLE t1 (a INT, b VARCHAR(128));
INSERT INTO t1 SELECT seq, CONCAT('s',seq) FROM seq_1_to_100;
connect  con1,localhost,root,,;
ALTER TABLE t1 MODIFY b BLOB;
connection default;
ANALYZE TABLE t1 PERSISTENT FOR ALL;
connection con1;
ANALYZE TABLE t1 PERSISTENT FOR ALL;
connection default;
disconnect con1;
select db_name,table_name,column_name from mysql.column_stats;
db_name	table_name	column_name
test	t1	a
drop table t1;
#
# Testing swapping columns
#
create or replace table t1 (a int primary key, b varchar(100), c varchar(100), d varchar(100)) engine=myisam;
insert into t1 select seq, repeat('b',seq),repeat('c',mod(seq,5)), repeat('d',mod(seq,10))  from seq_1_to_100;
ANALYZE TABLE t1 PERSISTENT FOR ALL;
Table	Op	Msg_type	Msg_text
test.t1	analyze	status	Engine-independent statistics collected
test.t1	analyze	status	OK
select db_name,table_name,column_name,avg_length from mysql.column_stats order by column_name;
db_name	table_name	column_name	avg_length
test	t1	a	4.0000
test	t1	b	50.5000
test	t1	c	2.0000
test	t1	d	4.5000
alter table t1 change b c varchar(200), change c b varchar(200);
select db_name,table_name,column_name,avg_length from mysql.column_stats order by column_name;
db_name	table_name	column_name	avg_length
test	t1	a	4.0000
test	t1	b	2.0000
test	t1	c	50.5000
test	t1	d	4.5000
alter table t1 change b c varchar(200), change c d varchar(200), change d b varchar(200) ;
select db_name,table_name,column_name,avg_length from mysql.column_stats order by column_name;
db_name	table_name	column_name	avg_length
test	t1	a	4.0000
test	t1	b	4.5000
test	t1	c	2.0000
test	t1	d	50.5000
alter table t1 change b c varchar(200), change c d varchar(200), change d e varchar(200) ;
select db_name,table_name,column_name,avg_length from mysql.column_stats order by column_name;
db_name	table_name	column_name	avg_length
test	t1	a	4.0000
test	t1	c	4.5000
test	t1	d	2.0000
test	t1	e	50.5000
alter table t1 change e d varchar(200), drop column d;
select db_name,table_name,column_name,avg_length from mysql.column_stats order by column_name;
db_name	table_name	column_name	avg_length
test	t1	a	4.0000
test	t1	c	4.5000
test	t1	d	50.5000
# Test having non existing column in column_stats
insert into mysql.column_stats (db_name,table_name,column_name) values ("test","t1","b");
alter table t1 change c d varchar(200), change d b varchar(200);
select db_name,table_name,column_name,avg_length from mysql.column_stats order by column_name;
db_name	table_name	column_name	avg_length
test	t1	a	4.0000
test	t1	b	50.5000
test	t1	d	4.5000
# Test having a conflicting temporary name
insert into mysql.column_stats (db_name,table_name,column_name) values ("test","t1",concat("#sql_tmp_name#1",char(0)));
alter table t1 change d b varchar(200), change b d varchar(200);
select db_name,table_name,column_name,avg_length from mysql.column_stats order by column_name;
db_name	table_name	column_name	avg_length
test	t1	a	4.0000
test	t1	b	4.5000
test	t1	d	50.5000
drop table t1;
truncate table mysql.column_stats;
create table t1 (a int, b blob, unique(b)) engine= innodb;
analyze table t1 persistent for all;
Table	Op	Msg_type	Msg_text
test.t1	analyze	status	Engine-independent statistics collected
test.t1	analyze	Warning	Engine-independent statistics are not collected for column 'b'
test.t1	analyze	status	OK
select column_name from mysql.column_stats where table_name = 't1';
column_name
a
drop table t1;
create table t1 (a int, b blob, c int generated always as (length(b)) virtual) engine= innodb;
analyze table t1 persistent for all;
Table	Op	Msg_type	Msg_text
test.t1	analyze	status	Engine-independent statistics collected
test.t1	analyze	Warning	Engine-independent statistics are not collected for column 'b'
test.t1	analyze	status	OK
select column_name from mysql.column_stats where table_name = 't1';
column_name
a
c
drop table t1;
CREATE or replace TABLE t1 (a INT, b CHAR(8));
ANALYZE TABLE t1 PERSISTENT FOR ALL;
Table	Op	Msg_type	Msg_text
test.t1	analyze	status	Engine-independent statistics collected
test.t1	analyze	status	Table is already up to date
ALTER TABLE t1 CHANGE b c INT, ORDER BY b;
SELECT db_name, table_name, column_name FROM mysql.column_stats where table_name = 't1';
db_name	table_name	column_name
test	t1	a
test	t1	c
drop table t1;
CREATE or replace TABLE t1 (a INT, b CHAR(8));
ANALYZE TABLE t1 PERSISTENT FOR ALL;
Table	Op	Msg_type	Msg_text
test.t1	analyze	status	Engine-independent statistics collected
test.t1	analyze	status	Table is already up to date
ALTER TABLE t1 RENAME COLUMN b to c, ALGORITHM=COPY;
SELECT db_name, table_name, column_name FROM mysql.column_stats where table_name = 't1';
db_name	table_name	column_name
test	t1	a
test	t1	c
drop table t1;
#
# End of 10.6 tests
#
