drop table if exists t1;
drop table t1;
drop table t1;
ERROR 42S02: Unknown table 'test.t1'
set @my_max_allowed_packet= @@max_allowed_packet;
set global max_allowed_packet=64*@@max_allowed_packet;
set global max_allowed_packet=@my_max_allowed_packet;
drop table t1;
End of 5.1 tests
#
# Bug #11766306: 59393: HAVE_INNODB=YES WHEN MYSQLD 
#  STARTED WITH --SKIP-INNODB
#
SELECT 'bug' as '' FROM INFORMATION_SCHEMA.ENGINES WHERE engine='innodb'
 and SUPPORT='YES';

End of 5.5 tests
flush tables;
show create table t1;
Table	Create Table
t1	CREATE TABLE `t1` (
  `a` int(11) DEFAULT NULL
) ENGINE=MyISAM DEFAULT CHARSET=latin1
drop table t1;
select * from mysql.plugin;
name	dl
EXAMPLE	ha_example.so
truncate table mysql.plugin;
