drop table if exists con, aux, nul, lpt1, com1, `clock$`;
create table con (a int);
drop table con;
create table aux (a int);
drop table aux;
create table nul (a int);
drop table nul;
create table lpt1 (a int);
drop table lpt1;
create table com1 (a int);
drop table com1;
create table `clock$` (a int);
drop table `clock$`;
select convert(convert(',' using filename) using binary);
convert(convert(',' using filename) using binary)
@002c
#
# MDEV-7677 my_charset_handler_filename has a wrong "ismbchar" member
#
SET NAMES utf8;
SELECT @a:=CONVERT('aя' USING filename) AS `@a`, BINARY @a, REVERSE(@a), HEX(@a), HEX(REVERSE(@a));
@a	BINARY @a	REVERSE(@a)	HEX(@a)	HEX(REVERSE(@a))
aя	a@r1	яa	61407231	40723161
#
# MDEV-22022 Various mangled SQL statements will crash 10.3 to 10.5 debug builds
#
SET CHARACTER_SET_CLIENT=17;
SELECT doc.`Children`.0 FROM t1;
ERROR 42000: You have an error in your SQL syntax; check the manual that corresponds to your MariaDB server version for the right syntax to use near '?Children??0?FROM?t1' at line 1
SET NAMES latin1;
#
# Start of 10.5 tests
#
#
# MDEV-22043 Special character leads to assertion in my_wc_to_printable_generic on 10.5.2 (debug)
#
SET NAMES filename;
EXECUTE IMMEDIATE _latin1 0x01;
ERROR 42000: You@0020have@0020an@0020error@0020in@0020your@0020SQL@0020syntax@003b@0020check@0020the@0020manual@0020that@0020corresponds@0020to@0020your@0020MariaDB@0020server@0020version@0020for@0020the@0020right@0020syntax@0020to@0020use@0020near@0020@0027@005c0001@0027@0020at@0020line@00201
SET NAMES utf8;
#
# MDEV-23435 Functions do not convert numbers to character_set_results
#
SET NAMES utf8, character_set_results=filename;
CREATE TABLE t1 (a DATETIME(6));
INSERT INTO t1 VALUES ('2001-01-01 00:00:00.000000');
SELECT a, COALESCE(a) AS c FROM t1;
a	c
2001@002d01@002d01@002000@003a00@003a00@002e000000	2001@002d01@002d01@002000@003a00@003a00@002e000000
DROP TABLE t1;
CREATE TABLE t1 (a TIME(6));
INSERT INTO t1 VALUES ('00:00:00.000000');
SELECT a, COALESCE(a) AS c FROM t1;
a	c
00@003a00@003a00@002e000000	00@003a00@003a00@002e000000
DROP TABLE t1;
CREATE TABLE t1 (a DATE);
INSERT INTO t1 VALUES ('2001-01-01');
SELECT a, COALESCE(a) AS c FROM t1;
a	c
2001@002d01@002d01	2001@002d01@002d01
DROP TABLE t1;
CREATE TABLE t1 (a TINYINT);
INSERT INTO t1 VALUES (-1);
SELECT a, COALESCE(a) AS c FROM t1;
a	c
@002d1	@002d1
DROP TABLE t1;
CREATE TABLE t1 (a SMALLINT);
INSERT INTO t1 VALUES (-1);
SELECT a, COALESCE(a) AS c FROM t1;
a	c
@002d1	@002d1
DROP TABLE t1;
CREATE TABLE t1 (a MEDIUMINT);
INSERT INTO t1 VALUES (-1);
SELECT a, COALESCE(a) AS c FROM t1;
a	c
@002d1	@002d1
DROP TABLE t1;
CREATE TABLE t1 (a BIGINT);
INSERT INTO t1 VALUES (-1);
SELECT a, COALESCE(a) AS c FROM t1;
a	c
@002d1	@002d1
DROP TABLE t1;
CREATE TABLE t1 (a DECIMAL(10.2));
INSERT INTO t1 VALUES (-1);
SELECT a, COALESCE(a) AS c FROM t1;
a	c
@002d1	@002d1
DROP TABLE t1;
CREATE TABLE t1 (a FLOAT);
INSERT INTO t1 VALUES (-1);
SELECT a, COALESCE(a) AS c FROM t1;
a	c
@002d1	@002d1
DROP TABLE t1;
CREATE TABLE t1 (a DOUBLE);
INSERT INTO t1 VALUES (-1);
SELECT a, COALESCE(a) AS c FROM t1;
a	c
@002d1	@002d1
DROP TABLE t1;
SET NAMES utf8;
#
# End of 10.5 tests
#
