# Safety
set lock_wait_timeout= 0;
create table t1 (x int, t text) on commit preserve rows;
ERROR 42000: You have an error in your SQL syntax; check the manual that corresponds to your MariaDB server version for the right syntax to use near 'on commit preserve rows' at line 1
create global temporary table t1 (x int, t text) on commit preserve rows;
drop temporary table t1;
ERROR 42S02: Unknown table 'test.t1'
show create table t1;
Table	Create Table
t1	CREATE GLOBAL TEMPORARY TABLE `t1` (
  `x` int(11) DEFAULT NULL,
  `t` text DEFAULT NULL
) ENGINE=MyISAM DEFAULT CHARSET=utf8mb4 COLLATE=utf8mb4_uca1400_ai_ci ON COMMIT PRESERVE ROWS
flush tables;
show create table t1;
Table	Create Table
t1	CREATE GLOBAL TEMPORARY TABLE `t1` (
  `x` int(11) DEFAULT NULL,
  `t` text DEFAULT NULL
) ENGINE=MyISAM DEFAULT CHARSET=utf8mb4 COLLATE=utf8mb4_uca1400_ai_ci ON COMMIT PRESERVE ROWS
insert into t1 values(1, 'one');
select * from t1;
x	t
1	one
connect  con1,localhost,root,,;
select * from t1 join t1 as t2;
x	t	x	t
insert into t1 values(2, 'two');
select * from t1;
x	t
2	two
select * from t1 join t1 as t2;
x	t	x	t
2	two	2	two
connection default;
select * from t1;
x	t
1	one
select * from t1 join t1 as t2;
x	t	x	t
1	one	1	one
alter table t1 add y int;
ERROR HY000: Lock wait timeout exceeded; try restarting transaction
drop table t1;
ERROR HY000: Lock wait timeout exceeded; try restarting transaction
disconnect con1;
drop temporary table t1;
ERROR 42S02: Unknown table 't1'
select * from t1;
x	t
1	one
alter table t1 add j int;
ERROR HY000: Lock wait timeout exceeded; try restarting transaction
drop table t1;
ERROR HY000: Lock wait timeout exceeded; try restarting transaction
truncate table t1;
alter table t1 add j int;
show create table t1;
Table	Create Table
t1	CREATE GLOBAL TEMPORARY TABLE `t1` (
  `x` int(11) DEFAULT NULL,
  `t` text DEFAULT NULL,
  `j` int(11) DEFAULT NULL
) ENGINE=MyISAM DEFAULT CHARSET=utf8mb4 COLLATE=utf8mb4_uca1400_ai_ci ON COMMIT PRESERVE ROWS
drop table t1;
CREATE GLOBAL TEMPORARY TABLE `t1` (
  `x` int(11) DEFAULT NULL,
  `t` text DEFAULT NULL
) ENGINE=MyISAM DEFAULT CHARSET=utf8mb4 COLLATE=utf8mb4_uca1400_ai_ci ON COMMIT PRESERVE ROWS;
show create table t1;
Table	Create Table
t1	CREATE GLOBAL TEMPORARY TABLE `t1` (
  `x` int(11) DEFAULT NULL,
  `t` text DEFAULT NULL
) ENGINE=MyISAM DEFAULT CHARSET=utf8mb4 COLLATE=utf8mb4_uca1400_ai_ci ON COMMIT PRESERVE ROWS
drop table t1;
show create table t1;
ERROR 42S02: Table 'test.t1' doesn't exist
create global temporary table t1 (x int, t text) on commit preserve rows;
show create table t1;
Table	Create Table
t1	CREATE GLOBAL TEMPORARY TABLE `t1` (
  `x` int(11) DEFAULT NULL,
  `t` text DEFAULT NULL
) ENGINE=MyISAM DEFAULT CHARSET=utf8mb4 COLLATE=utf8mb4_uca1400_ai_ci ON COMMIT PRESERVE ROWS
drop table t1;
create global temporary table t (x int) on commit delete rows;
insert into t values (1);
select * from t;
x
begin;
insert into t values (1);
select * from t;
x
1
commit;
select * from t;
x
connect  con1,localhost,root,,;
select * from t;
x
insert into t values (1);
select * from t;
x
begin;
insert into t values (1);
select * from t;
x
1
commit;
select * from t;
x
disconnect con1;
connection default;
drop table t;
create global temporary table t (x int) on commit PRESERVE rows;
insert into t values (1);
select * from t;
x
1
begin;
insert into t values (1);
select * from t;
x
1
1
commit;
select * from t;
x
1
1
connect  con1,localhost,root,,;
select * from t;
x
insert into t values (1);
select * from t;
x
1
begin;
insert into t values (1);
select * from t;
x
1
1
commit;
select * from t;
x
1
1
disconnect con1;
connection default;
drop table t;
ERROR HY000: Lock wait timeout exceeded; try restarting transaction
delete from t;
drop table t;
