SHOW GRANTS FOR root@invalid_host;
ERROR 42000: There is no such grant defined for user 'root' on host 'invalid_host'
create user test;
create user foo;
create role foo;
grant foo to test;
connect  conn_1, localhost, test,,;
set role foo;
show grants for test;
Grants for test@%
GRANT `foo` TO `test`@`%`
GRANT USAGE ON *.* TO `test`@`%`
show grants for foo;
Grants for foo
GRANT USAGE ON *.* TO `foo`
show grants for foo@'%';
ERROR 42000: Access denied for user 'test'@'%' to database 'mysql'
connection default;
drop user test, foo;
drop role foo;
CREATE TABLE t1 (a INT);
LOCK TABLE t1 WRITE;
REVOKE EXECUTE ON PROCEDURE sp FROM u;
ERROR HY000: Table 'user' was not locked with LOCK TABLES
REVOKE PROCESS ON *.* FROM u;
ERROR HY000: Table 'user' was not locked with LOCK TABLES
DROP TABLE t1;
create database mysqltest1;
use mysqltest1;
create table t1(id int);
insert t1 values(2);
create user u1@localhost;
grant select on mysqltest1.t1 to u1@localhost;
grant update on mysqltest1.* to u1@localhost;
connect u1, localhost, u1;
update mysqltest1.t1 set id=1 where id=2;
connection default;
disconnect u1;
drop user u1@localhost;
drop database mysqltest1;
CREATE ROLE test_role;
CREATE USER test_user;
GRANT test_role TO test_user;
SET DEFAULT ROLE test_role FOR test_user;
SHOW GRANTS FOR test_user;
Grants for test_user@%
GRANT `test_role` TO `test_user`@`%`
GRANT USAGE ON *.* TO `test_user`@`%`
SET DEFAULT ROLE `test_role` FOR `test_user`@`%`
SET DEFAULT ROLE NONE for test_user;
SHOW GRANTS FOR test_user;
Grants for test_user@%
GRANT `test_role` TO `test_user`@`%`
GRANT USAGE ON *.* TO `test_user`@`%`
SET ROLE test_role;
SET DEFAULT ROLE test_role;
SHOW GRANTS;
Grants for root@localhost
GRANT `test_role` TO `root`@`localhost` WITH ADMIN OPTION
GRANT ALL PRIVILEGES ON *.* TO `root`@`localhost` WITH GRANT OPTION
GRANT PROXY ON ''@'%' TO 'root'@'localhost' WITH GRANT OPTION
GRANT USAGE ON *.* TO `test_role`
SET DEFAULT ROLE `test_role` FOR `root`@`localhost`
SET DEFAULT ROLE NONE;
SHOW GRANTS;
Grants for root@localhost
GRANT `test_role` TO `root`@`localhost` WITH ADMIN OPTION
GRANT ALL PRIVILEGES ON *.* TO `root`@`localhost` WITH GRANT OPTION
GRANT PROXY ON ''@'%' TO 'root'@'localhost' WITH GRANT OPTION
GRANT USAGE ON *.* TO `test_role`
DROP USER test_user;
DROP ROLE test_role;
#
# MDEV-20076: SHOW GRANTS does not quote role names properly
#
create role 'role1';
create role 'fetch';
create role 'role-1';
create role 'rock\'n\'roll';
create user 'user1'@'localhost';
create user 'fetch'@'localhost';
create user 'user-1'@'localhost';
create user 'O\'Brien'@'localhost';
grant select on mysql.user to role1;
grant select on mysql.user to 'fetch';
grant select on mysql.user to 'role-1';
grant select on mysql.user to 'rock\'n\'roll';
GRANT 'role1' TO 'user1'@'localhost';
GRANT 'fetch' TO 'fetch'@'localhost';
GRANT 'role-1' TO 'user-1'@'localhost';
GRANT 'rock\'n\'roll' TO 'O\'Brien'@'localhost';
show grants for 'role1';
Grants for role1
GRANT USAGE ON *.* TO `role1`
GRANT SELECT ON `mysql`.`user` TO `role1`
show grants for 'fetch';
Grants for fetch
GRANT USAGE ON *.* TO `fetch`
GRANT SELECT ON `mysql`.`user` TO `fetch`
show grants for 'role-1';
Grants for role-1
GRANT USAGE ON *.* TO `role-1`
GRANT SELECT ON `mysql`.`user` TO `role-1`
show grants for 'rock\'n\'roll';
Grants for rock'n'roll
GRANT USAGE ON *.* TO `rock'n'roll`
GRANT SELECT ON `mysql`.`user` TO `rock'n'roll`
show grants for 'user1'@'localhost';
Grants for user1@localhost
GRANT `role1` TO `user1`@`localhost`
GRANT USAGE ON *.* TO `user1`@`localhost`
show grants for 'fetch'@'localhost';
Grants for fetch@localhost
GRANT `fetch` TO `fetch`@`localhost`
GRANT USAGE ON *.* TO `fetch`@`localhost`
show grants for 'user-1'@'localhost';
Grants for user-1@localhost
GRANT `role-1` TO `user-1`@`localhost`
GRANT USAGE ON *.* TO `user-1`@`localhost`
show grants for 'O\'Brien'@'localhost';
Grants for O'Brien@localhost
GRANT `rock'n'roll` TO `O'Brien`@`localhost`
GRANT USAGE ON *.* TO `O'Brien`@`localhost`
set @save_sql_quote_show_create= @@sql_quote_show_create;
set @@sql_quote_show_create= OFF;
show grants for 'role1';
Grants for role1
GRANT USAGE ON *.* TO role1
GRANT SELECT ON `mysql`.`user` TO role1
show grants for 'fetch';
Grants for fetch
GRANT USAGE ON *.* TO `fetch`
GRANT SELECT ON `mysql`.`user` TO `fetch`
show grants for 'role-1';
Grants for role-1
GRANT USAGE ON *.* TO `role-1`
GRANT SELECT ON `mysql`.`user` TO `role-1`
show grants for 'rock\'n\'roll';
Grants for rock'n'roll
GRANT USAGE ON *.* TO `rock'n'roll`
GRANT SELECT ON `mysql`.`user` TO `rock'n'roll`
show grants for 'user1'@'localhost';
Grants for user1@localhost
GRANT role1 TO user1@localhost
GRANT USAGE ON *.* TO user1@localhost
show grants for 'fetch'@'localhost';
Grants for fetch@localhost
GRANT `fetch` TO `fetch`@localhost
GRANT USAGE ON *.* TO `fetch`@localhost
show grants for 'user-1'@'localhost';
Grants for user-1@localhost
GRANT `role-1` TO `user-1`@localhost
GRANT USAGE ON *.* TO `user-1`@localhost
show grants for 'O\'Brien'@'localhost';
Grants for O'Brien@localhost
GRANT `rock'n'roll` TO `O'Brien`@localhost
GRANT USAGE ON *.* TO `O'Brien`@localhost
set @@sql_quote_show_create= @save_sql_quote_show_create;
drop role 'role1';
drop role 'fetch';
drop role 'role-1';
drop role 'rock\'n\'roll';
drop user 'user1'@'localhost';
drop user 'fetch'@'localhost';
drop user 'user-1'@'localhost';
drop user 'O\'Brien'@'localhost';
#
# MDEV-26080 SHOW GRANTS does not quote role names properly for DEFAULT ROLE
#
CREATE USER 'test-user';
CREATE ROLE `r``o'l"e`;
select user from mysql.user where is_role='Y';
user
r`o'l"e
GRANT `r``o'l"e` TO 'test-user';
SET DEFAULT ROLE `r``o'l"e` FOR 'test-user';
SHOW GRANTS FOR 'test-user';
Grants for test-user@%
GRANT `r``o'l"e` TO `test-user`@`%`
GRANT USAGE ON *.* TO `test-user`@`%`
SET DEFAULT ROLE `r``o'l"e` FOR `test-user`@`%`
DROP ROLE `r``o'l"e`;
DROP USER 'test-user';
#
# MDEV-28548: ER_TABLEACCESS_DENIED_ERROR is missing information about DB
#
create database db1;
create user foo@localhost;
grant create on db1.* to foo@localhost;
connect  con1,localhost,foo,,db1;
create table t(t int);
show columns in t;
ERROR 42000: SELECT command denied to user 'foo'@'localhost' for table `db1`.`t`
show columns in db1.t;
ERROR 42000: SELECT command denied to user 'foo'@'localhost' for table `db1`.`t`
create view t_v as select * from t;
ERROR 42000: CREATE VIEW command denied to user 'foo'@'localhost' for table `db1`.`t_v`
show create view t_v;
ERROR 42000: SELECT command denied to user 'foo'@'localhost' for table `db1`.`t_v`
create table t2(id int primary key, b int);
create table t3(a int, b int,  CONSTRAINT `fk_db2_db1_t1`
                                  FOREIGN KEY (a)
REFERENCES `db1 `.t1 (a)
ON DELETE CASCADE
ON UPDATE RESTRICT);
ERROR 42000: Incorrect database name 'db1 '
create table t3(a int, b int,  CONSTRAINT `fk_db2_db3_t1`
                                  FOREIGN KEY (a)
REFERENCES db3.t1 (a)
ON DELETE CASCADE
ON UPDATE RESTRICT);
ERROR 42000: REFERENCES command denied to user 'foo'@'localhost' for table `db3`.`t1`
create table t1(a int, b int,  CONSTRAINT `fk_db2_db3_t1`
                                  FOREIGN KEY (a)
REFERENCES t2 (id)
ON DELETE CASCADE
ON UPDATE RESTRICT);
ERROR 42000: REFERENCES command denied to user 'foo'@'localhost' for table `db1`.`t2`
connection default;
disconnect con1;
grant create view, select on db1.* to foo@localhost;
connect  con1,localhost,foo,,db1;
create view t_v as select * from t;
show grants;
Grants for foo@localhost
GRANT USAGE ON *.* TO `foo`@`localhost`
GRANT SELECT, CREATE, CREATE VIEW ON `db1`.* TO `foo`@`localhost`
show create view t_v;
ERROR 42000: SHOW VIEW command denied to user 'foo'@'localhost' for table `db1`.`t_v`
connection default;
disconnect con1;
grant show view on db1.* to foo@localhost;
connect  con1,localhost,foo,,db1;
show grants;
Grants for foo@localhost
GRANT USAGE ON *.* TO `foo`@`localhost`
GRANT SELECT, CREATE, CREATE VIEW, SHOW VIEW ON `db1`.* TO `foo`@`localhost`
show create view t_v;
View	Create View	character_set_client	collation_connection
t_v	CREATE ALGORITHM=UNDEFINED DEFINER=`foo`@`localhost` SQL SECURITY DEFINER VIEW `t_v` AS select `t`.`t` AS `t` from `t`	latin1	latin1_swedish_ci
connection default;
disconnect con1;
drop database db1;
drop user foo@localhost;
#
# MDEV-28455: CREATE TEMPORARY TABLES privilege
#            is insufficient for SHOW COLUMNS
#
create database db;
create user foo@localhost;
create user bar@localhost;
create user buz@localhost;
grant create temporary tables on db.* to foo@localhost;
grant create temporary tables on db.* to bar@localhost;
connect  con1,localhost,foo,,db;
create temporary table tmp (a int, key(a));
show tables;
Tables_in_db
show full tables;
Tables_in_db	Table_type
show table status;
Name	Engine	Version	Row_format	Rows	Avg_row_length	Data_length	Max_data_length	Index_length	Data_free	Auto_increment	Create_time	Update_time	Check_time	Collation	Checksum	Create_options	Comment	Max_index_length	Temporary
show index in tmp;
Table	Non_unique	Key_name	Seq_in_index	Column_name	Collation	Cardinality	Sub_part	Packed	Null	Index_type	Comment	Index_comment
tmp	1	a	1	a	A	NULL	NULL	NULL	YES	BTREE		
show columns in tmp;
Field	Type	Null	Key	Default	Extra
a	int(11)	YES	MUL	NULL	
show full columns in tmp;
Field	Type	Collation	Null	Key	Default	Extra	Privileges	Comment
a	int(11)	NULL	YES	MUL	NULL		select,insert,update,references	
# we don't expect to show temporary tables in information_schema.columns
select * from information_schema.columns where table_schema='db';
TABLE_CATALOG	TABLE_SCHEMA	TABLE_NAME	COLUMN_NAME	ORDINAL_POSITION	COLUMN_DEFAULT	IS_NULLABLE	DATA_TYPE	CHARACTER_MAXIMUM_LENGTH	CHARACTER_OCTET_LENGTH	NUMERIC_PRECISION	NUMERIC_SCALE	DATETIME_PRECISION	CHARACTER_SET_NAME	COLLATION_NAME	COLUMN_TYPE	COLUMN_KEY	EXTRA	PRIVILEGES	COLUMN_COMMENT	IS_GENERATED	GENERATION_EXPRESSION
disconnect con1;
connect  con1,localhost,bar,,db;
show full columns in tmp;
ERROR 42000: SELECT command denied to user 'bar'@'localhost' for table `db`.`tmp`
disconnect con1;
connection default;
grant select on db.* to bar@localhost;
connect  con1,localhost,bar,,db;
show grants for current_user;
Grants for bar@localhost
GRANT USAGE ON *.* TO `bar`@`localhost`
GRANT SELECT, CREATE TEMPORARY TABLES ON `db`.* TO `bar`@`localhost`
show full columns in tmp;
ERROR 42S02: Table 'db.tmp' doesn't exist
disconnect con1;
connect  con1,localhost,buz,,;
show columns in db.tmp;
ERROR 42000: SELECT command denied to user 'buz'@'localhost' for table `db`.`tmp`
disconnect con1;
connection default;
drop database db;
drop user foo@localhost;
drop user bar@localhost;
drop user buz@localhost;
CREATE USER foo;
CREATE DATABASE db;
CREATE TABLE db.test_getcolpriv(col1 INT, col2 INT);
GRANT SELECT (col1,col2) ON db.test_getcolpriv TO foo;
GRANT INSERT (col1) ON db.test_getcolpriv TO foo;
SHOW GRANTS FOR foo;
Grants for foo@%
GRANT USAGE ON *.* TO `foo`@`%`
GRANT SELECT (`col2`, `col1`), INSERT (`col1`) ON `db`.`test_getcolpriv` TO `foo`@`%`
REVOKE SELECT (col1,col2) ON db.test_getcolpriv FROM foo;
SHOW GRANTS FOR foo;
Grants for foo@%
GRANT USAGE ON *.* TO `foo`@`%`
GRANT INSERT (`col1`) ON `db`.`test_getcolpriv` TO `foo`@`%`
REVOKE INSERT (col1) ON db.test_getcolpriv FROM foo;
SHOW GRANTS FOR foo;
Grants for foo@%
GRANT USAGE ON *.* TO `foo`@`%`
FLUSH PRIVILEGES;
SHOW GRANTS FOR foo;
Grants for foo@%
GRANT USAGE ON *.* TO `foo`@`%`
DROP USER foo;
DROP DATABASE db;
# End of 10.3 tests
