drop table if exists t1,t2;
CREATE TABLE t1(id1 INT,val1 VARCHAR(1));
CREATE TABLE t2(id2 INT,val2 VARCHAR(1));
CREATE TABLE ins_duplicate (id INT PRIMARY KEY, val VARCHAR(1));
INSERT INTO t1 VALUES(1,'a'),(2,'b'),(3,'c');
INSERT INTO t2(id2,val2) VALUES(1,'a') RETURNING id1;
ERROR 42S22: Unknown column 'id1' in 'field list'
INSERT INTO t2(id2,val2) values(2,'b') RETURNING MAX(id2);
ERROR HY000: Invalid use of group function
INSERT INTO t2(id2,val2) VALUES(3,'c') RETURNING (SELECT id1 FROM t1);
ERROR 21000: Subquery returns more than 1 row
INSERT INTO t2(id2,val2) VALUES(4,'d') RETURNING (SELECT * FROM t1);
ERROR 21000: Operand should contain 1 column(s)
INSERT INTO t2(id2,val2) VALUES(4,'d') RETURNING (SELECT * FROM t2);
ERROR 21000: Operand should contain 1 column(s)
INSERT INTO t2 VALUES(1,'a'),(2,'b') RETURNING id1;
ERROR 42S22: Unknown column 'id1' in 'field list'
INSERT INTO t2 VALUES(3,'c'),(4,'d') RETURNING MAX(id2);
ERROR HY000: Invalid use of group function
INSERT INTO t2 VALUES(5,'c'),(6,'f') RETURNING (SELECT id1 FROM t1);
ERROR 21000: Subquery returns more than 1 row
INSERT INTO t2 VALUES(7,'g'),(8,'h') RETURNING (SELECT * FROM t1);
ERROR 21000: Operand should contain 1 column(s)
INSERT INTO t2 VALUES(7,'g'),(8,'h') RETURNING (SELECT * FROM t2);
ERROR 21000: Operand should contain 1 column(s)
INSERT INTO t2 SET id2=1, val2='a' RETURNING id1;
ERROR 42S22: Unknown column 'id1' in 'field list'
INSERT INTO t2 SET id2=2, val2='b' RETURNING MAX(id2);
ERROR HY000: Invalid use of group function
INSERT INTO t2 SET id2=3, val2='c' RETURNING (SELECT id1 FROM t1);
ERROR 21000: Subquery returns more than 1 row
INSERT INTO t2 SET id2=4, val2='d' RETURNING (SELECT * FROM t1);
ERROR 21000: Operand should contain 1 column(s)
INSERT INTO t2 SET id2=4, val2='d' RETURNING (SELECT * FROM t2);
ERROR 21000: Operand should contain 1 column(s)
INSERT INTO ins_duplicate VALUES (2,'b') ON DUPLICATE KEY UPDATE val='b' RETURNING id1;
ERROR 42S22: Unknown column 'id1' in 'field list'
INSERT INTO ins_duplicate VALUES (2,'b') ON DUPLICATE KEY UPDATE val='b' RETURNING MAX(id);
ERROR HY000: Invalid use of group function
INSERT INTO ins_duplicate VALUES (2,'b') ON DUPLICATE KEY UPDATE val='b' RETURNING (SELECT id1 FROM t1);
ERROR 21000: Subquery returns more than 1 row
INSERT INTO ins_duplicate VALUES (2,'b') ON DUPLICATE KEY UPDATE val='b' RETURNING (SELECT * FROM t1);
ERROR 21000: Operand should contain 1 column(s)
INSERT INTO ins_duplicate VALUES (2,'b') ON DUPLICATE KEY UPDATE val='b' RETURNING (SELECT * FROM ins_duplicate);
ERROR 21000: Operand should contain 1 column(s)
INSERT INTO t2(id2, val2) SELECT * FROM t1 WHERE id1=1 RETURNING id1;
ERROR 42S22: Unknown column 'id1' in 'field list'
INSERT INTO t2(id2, val2) SELECT * FROM t1 WHERE id1=2 RETURNING MAX(id2);
ERROR HY000: Invalid use of group function
INSERT INTO t2(id2, val2) SELECT * FROM t1 WHERE id1=2 RETURNING (SELECT id1 FROM t1);
ERROR 21000: Subquery returns more than 1 row
INSERT INTO t2(id2, val2) SELECT * FROM t1 WHERE id1=2 RETURNING (SELECT * FROM t1);
ERROR 21000: Operand should contain 1 column(s)
INSERT INTO t2(id2, val2) SELECT * FROM t1 WHERE id1=2 RETURNING (SELECT * FROM t2);
ERROR 21000: Operand should contain 1 column(s)
DROP TABLE t1;
DROP TABLE t2;
DROP TABLE ins_duplicate;
