drop table if exists t1,t2;
CREATE TABLE t1(id1 INT, val1 VARCHAR(1));
Table t1 created successfully. Fields: id1 INT, val1 VARCHAR(1);
#Simple insert statement
INSERT INTO t1 (id1, val1) VALUES (1, 'a');
INSERT INTO t1 (id1, val1) VALUES (2, 'b') RETURNING *;
id1	val1
2	b
INSERT INTO t1 (id1, val1) VALUES (3, 'c') RETURNING id1, val1;
id1	val1
3	c
INSERT INTO t1 (id1, val1) VALUES (4, 'd') RETURNING val1;
val1
d
INSERT INTO t1 (id1, val1) VALUES (4, 'd') RETURNING id1 AS id;
id
4
SELECT * FROM t1;
id1	val1
1	a
2	b
3	c
4	d
4	d
TRUNCATE TABLE t1;
SELECT * FROM t1;
id1	val1
#multiple values in one insert statement
INSERT INTO t1 VALUES (1,'a'),(2,'b');
INSERT INTO t1 VALUES (3,'c'),(4,'d') RETURNING *;
id1	val1
3	c
4	d
INSERT INTO t1 VALUES (5,'e'),(6,'f') RETURNING id1, val1;
id1	val1
5	e
6	f
INSERT INTO t1 VALUES (7,'g'),(8,'h') RETURNING id1 AS id;
id
7
8
INSERT INTO t1 VALUES (9,'i'),(10,'j') RETURNING val1;
val1
i
j
# INSERT...ON DULPICATE KEY UPDATE
CREATE TABLE ins_duplicate (id INT PRIMARY KEY, val VARCHAR(1));
INSERT INTO ins_duplicate VALUES (1,'a');
INSERT INTO ins_duplicate VALUES (2,'b') ON DUPLICATE KEY UPDATE val='b' RETURNING id,val;
id	val
2	b
INSERT INTO ins_duplicate VALUES (3,'b') ON DUPLICATE KEY UPDATE val='c' RETURNING *;
id	val
3	b
INSERT INTO ins_duplicate VALUES (4,'b') ON DUPLICATE KEY UPDATE val='d' RETURNING id AS id1;
id1
4
INSERT INTO ins_duplicate VALUES (5,'e') ON DUPLICATE KEY UPDATE val='e' RETURNING val;
val
e
# INSERT...SET
INSERT INTO  t1 SET id1 = 1, val1 = 'a';
INSERT INTO  t1 SET id1 = 2, val1 = 'b' RETURNING *;
id1	val1
2	b
INSERT INTO  t1 SET id1 = 3, val1 = 'c' RETURNING id1,val1;
id1	val1
3	c
INSERT INTO  t1 SET id1 = 3, val1 = 'c' RETURNING id1 AS id;
id
3
INSERT INTO  t1 SET id1 = 3, val1 = 'c' RETURNING val1;
val1
c
DROP TABLE t1;
DROP TABLE ins_duplicate;
#End of test case 
