# 
# MDEV-12192: Shell-style alias/unalias commands for MariaDB client
#
alias: '=': not found
alias: '= =': not found
alias: '=a': not found
alias: '=a=b': not found
alias a = ''
alias a = ''
alias: '=x=y z='select 1'': not found
alias  x = 'select 1'
alias y = 'select 2'
alias x = 'select 1'
# Handle non existing alias
alias: 'abc': not found
alias: 'xyz': not found
alias: 'zxy': not found
# Handle alias NAME=VALUE
invalid value, space in select value
alias: 'select 1': invalid alias name
alias: 'as': not found
alias: 'sx'': invalid alias name
alias: 'in': not found
alias: 'select': not found
alias: 'value'': invalid alias name
alias: 'q)V': invalid alias name
alias: 'Wp)V': invalid alias name
alias sx = 'select 1 as sx'
sx
1
alias sx = 'select 1 as sx'
alias sy = 'select 2 as sy'
sy
2
# Handle unalias NAME=VALUE
alias sx = 'select 1 as sx'
alias sy = 'select 2 as sy'
alias sy = 'select 2 as sy'
# Handle chaining of valid alias
alias c = 'select 1'
alias  c = 'select 1'
alias  c = 'select 1'
alias  c = 'select 1'
alias  c = 'select 1'
alias  c = 'select 1'
alias  c = 'select 1'
alias  x = 'select 1'
alias: 'unknown': not found
alias  x = 'select 1'
alias  y = 'select 1'
alias  y = 'select 1'
alias: 'unknown': not found
# Use alias shortcut command
test command without spaces
test command with spaces
create alias
show alias
alias xy = 'select 3'
# Use unalias shortcut command
unalias empty argument
unalias: no alias specified
create alias
alias: 'select 3'': invalid alias name
show alias
alias xy = ''
unalias alias
unalias: no alias specified
show alias again
alias xy = ''
alias  xy = ''
