#
# MAX_EXECUTION_TIME hint testing
#
CREATE TABLE t1 (a INT, b VARCHAR(300));
INSERT INTO t1 VALUES (1, 'string');
INSERT INTO t1 SELECT * FROM t1;
INSERT INTO t1 SELECT * FROM t1;
INSERT INTO t1 SELECT * FROM t1;
INSERT INTO t1 SELECT * FROM t1;
INSERT INTO t1 SELECT * FROM t1;
INSERT INTO t1 SELECT * FROM t1;
INSERT INTO t1 SELECT * FROM t1;
INSERT INTO t1 SELECT * FROM t1;
INSERT INTO t1 SELECT * FROM t1;
# Correct hint usage
SELECT /*+ MAX_EXECUTION_TIME(10) */* FROM t1 a, t1 b;
ERROR 70100: Query execution was interrupted (max_statement_time exceeded)
EXPLAIN EXTENDED SELECT /*+ MAX_EXECUTION_TIME(000149) */* FROM t1;
id	select_type	table	type	possible_keys	key	key_len	ref	rows	filtered	Extra
1	SIMPLE	t1	ALL	NULL	NULL	NULL	NULL	512	100.00	
Warnings:
Note	1003	select /*+ MAX_EXECUTION_TIME(000149) */ `test`.`t1`.`a` AS `a`,`test`.`t1`.`b` AS `b` from `test`.`t1`
SELECT  /*+ MAX_EXECUTION_TIME(20) */ *, SLEEP(1) FROM t1 UNION SELECT 1, 2, 3;
ERROR 70100: Query execution was interrupted (max_statement_time exceeded)
(SELECT /*+ MAX_EXECUTION_TIME(30) */ *, SLEEP(1) FROM t1) UNION (SELECT 1, 2, 3);
ERROR 70100: Query execution was interrupted (max_statement_time exceeded)
((SELECT  /*+ MAX_EXECUTION_TIME(50) */ *, SLEEP(1) FROM t1));
ERROR 70100: Query execution was interrupted (max_statement_time exceeded)
# Hint duplication
SELECT /*+ MAX_EXECUTION_TIME(10) MAX_EXECUTION_TIME(100) */ count(*) FROM t1;
count(*)
512
Warnings:
Warning	4202	Hint MAX_EXECUTION_TIME(100) is ignored as conflicting/duplicated
# Wrong values
SELECT /*+ MAX_EXECUTION_TIME(0) */ count(*) FROM t1;
count(*)
512
Warnings:
Warning	1912	Incorrect value '0' for option 'MAX_EXECUTION_TIME'
SELECT /*+ MAX_EXECUTION_TIME(-1) */ count(*) FROM t1;
count(*)
512
Warnings:
Warning	1064	Optimizer hint syntax error near '-1) */ count(*) FROM t1' at line 1
SELECT /*+ MAX_EXECUTION_TIME(4294967296) */ count(*) FROM t1;
count(*)
512
Warnings:
Warning	1912	Incorrect value '4294967296' for option 'MAX_EXECUTION_TIME'
# Conflicting max_statement_time and hint (must issue a warning)
SET STATEMENT max_statement_time=1 FOR
SELECT /*+ MAX_EXECUTION_TIME(500) */ count(*) FROM t1 a;
count(*)
512
Warnings:
Warning	4202	Hint MAX_EXECUTION_TIME(500) is ignored as conflicting/duplicated

# only SELECT statements supports the MAX_EXECUTION_TIME hint (warning):

CREATE TABLE t2 (i INT);
INSERT /*+ MAX_EXECUTION_TIME(10) */ INTO t2 SELECT 1;
Warnings:
Warning	4172	'MAX_EXECUTION_TIME(10)' is not allowed in this context
REPLACE /*+ MAX_EXECUTION_TIME(15) */ INTO t2 SELECT 1;
Warnings:
Warning	4172	'MAX_EXECUTION_TIME(15)' is not allowed in this context
UPDATE /*+ MAX_EXECUTION_TIME(23) */ t2 SET i = 1;
Warnings:
Warning	4172	'MAX_EXECUTION_TIME(23)' is not allowed in this context
DELETE /*+ MAX_EXECUTION_TIME(5000) */ FROM t2 WHERE i = 1;
Warnings:
Warning	4172	'MAX_EXECUTION_TIME(5000)' is not allowed in this context
# Not supported inside stored procedures/functions
CREATE PROCEDURE p1() BEGIN SELECT /*+ MAX_EXECUTION_TIME(10) */ count(*) FROM t1 a, t1 b
INTO @a; END|
CALL p1();
Warnings:
Warning	4172	'MAX_EXECUTION_TIME(10)' is not allowed in this context
DROP PROCEDURE p1;
# Hint in a subquery is not allowed (warning):
SELECT 1 FROM (SELECT /*+ MAX_EXECUTION_TIME(10) */ 1) a;
1
1
Warnings:
Warning	4172	'MAX_EXECUTION_TIME(10)' is not allowed in this context
DROP TABLE t1, t2;
