CREATE TABLE t1 ( a double, key (a)) ;
INSERT INTO t1 VALUES (1),(2),(-3);
SELECT t1.a FROM ( SELECT a AS a1 FROM t1 ) dt
JOIN t1 ON a1  LIKE EXISTS ( SELECT a + RAND () FROM t1 UNION SELECT a FROM t1) ;
DROP TABLE t1;
CREATE TABLE t1 ( a VARCHAR(100), b bool) ;
INSERT INTO t1 VALUES ('-101',-87),('-95',59),(NULL,48);
SELECT
(SELECT 1 FROM  (SELECT 1 HAVING rand() ) dt1
UNION
SELECT a FROM t1  WHERE b IN  (SELECT a FROM t1) LIMIT 1)
FROM t1;
DROP TABLE t1;
