set optimizer_switch='materialization=on';
set optimizer_switch='mrr=on,mrr_sort_keys=on,index_condition_pushdown=on';
set @innodb_stats_persistent_save= @@innodb_stats_persistent;
set @innodb_stats_persistent_sample_pages_save=
@@innodb_stats_persistent_sample_pages;
set global innodb_stats_persistent= 1;
set global innodb_stats_persistent_sample_pages=100;
set @subselect_sj2_tmp= @@optimizer_switch;
set optimizer_switch='semijoin=on,firstmatch=on,loosescan=on';
set optimizer_switch='mrr=on,mrr_sort_keys=on,index_condition_pushdown=on';
SET optimizer_switch=ifnull(@optimizer_switch_for_subselect_sj2_test,'outer_join_with_cache=off');
SET optimizer_switch=ifnull(@optimizer_switch_for_subselect_sj2_test,'semijoin_with_cache=off');
set join_cache_level=1;
drop table if exists t0, t1, t2, t3, t4, t5;
drop view if exists v1;
create table t0 (a int);
insert into t0 values (0),(1),(2),(3),(4),(5),(6),(7),(8),(9);
create table t1 (
a int, 
b int
);
insert into t1 values (1,1),(1,1),(2,2);
create table t2 (
a int,
b int,
key(b)
);
insert into t2 select a, a/2 from t0;
insert into t2 select a+10, a+10/2 from t0;
select * from t1;
a	b
1	1
1	1
2	2
select * from t2;
a	b
0	0
1	1
2	1
3	2
4	2
5	3
6	3
7	4
8	4
9	5
10	5
11	6
12	7
13	8
14	9
15	10
16	11
17	12
18	13
19	14
explain select * from t2 where b in (select a from t1);
id	select_type	table	type	possible_keys	key	key_len	ref	rows	Extra
1	PRIMARY	t2	ALL	b	NULL	NULL	NULL	20	
1	PRIMARY	<subquery2>	eq_ref	distinct_key	distinct_key	4	func	1	
2	MATERIALIZED	t1	ALL	NULL	NULL	NULL	NULL	3	
select * from t2 where b in (select a from t1);
a	b
1	1
2	1
3	2
4	2
create table t3 (
a int, 
b int,
key(b),
pk1 char(200), pk2 char(200), pk3 char(200),
primary key(pk1, pk2, pk3)
) engine=innodb;
insert into t3 select a,a, a,a,a from t0;
insert into t3 select a,a, a+100,a+100,a+100 from t0;
analyze table t1,t2,t3;
Table	Op	Msg_type	Msg_text
test.t1	analyze	status	Engine-independent statistics collected
test.t1	analyze	status	OK
test.t2	analyze	status	Engine-independent statistics collected
test.t2	analyze	status	OK
test.t3	analyze	status	Engine-independent statistics collected
test.t3	analyze	status	OK
explain select * from t3 where b in (select a from t1);
id	select_type	table	type	possible_keys	key	key_len	ref	rows	Extra
1	PRIMARY	t3	ALL	b	NULL	NULL	NULL	20	
1	PRIMARY	<subquery2>	eq_ref	distinct_key	distinct_key	4	func	1	
2	MATERIALIZED	t1	ALL	NULL	NULL	NULL	NULL	3	
select * from t3 where b in (select a from t1);
a	b	pk1	pk2	pk3
1	1	1	1	1
1	1	101	101	101
2	2	102	102	102
2	2	2	2	2
set @save_max_heap_table_size= @@max_heap_table_size;
set max_heap_table_size=16384;
set @save_join_buffer_size = @@join_buffer_size;
set join_buffer_size= 8192;
drop table t3;
create table t3 (
a int, 
b int,
key(b),
pk1 char(200), pk2 char(200),
primary key(pk1, pk2)
) engine=innodb;
insert into t3 select 
A.a + 10*B.a, A.a + 10*B.a, A.a + 10*B.a, A.a + 10*B.a 
from t0 A, t0 B where B.a <5;
explain select * from t3 where b in (select a from t0);
id	select_type	table	type	possible_keys	key	key_len	ref	rows	Extra
1	PRIMARY	t3	ALL	b	NULL	NULL	NULL	#	
1	PRIMARY	<subquery2>	eq_ref	distinct_key	distinct_key	4	func	#	
2	MATERIALIZED	t0	ALL	NULL	NULL	NULL	NULL	#	
select * from t3 where b in (select A.a+B.a from t0 A, t0 B where B.a<5);
a	b	pk1	pk2
0	0	0	0
1	1	1	1
10	10	10	10
11	11	11	11
12	12	12	12
13	13	13	13
2	2	2	2
3	3	3	3
4	4	4	4
5	5	5	5
6	6	6	6
7	7	7	7
8	8	8	8
9	9	9	9
set join_buffer_size= @save_join_buffer_size;
set max_heap_table_size= @save_max_heap_table_size;
explain select * from t1 where a in (select b from t2);
id	select_type	table	type	possible_keys	key	key_len	ref	rows	Extra
1	PRIMARY	t1	ALL	NULL	NULL	NULL	NULL	3	
1	PRIMARY	<subquery2>	eq_ref	distinct_key	distinct_key	4	func	1	
2	MATERIALIZED	t2	index	b	b	5	NULL	20	Using index
select * from t1;
a	b
1	1
1	1
2	2
select * from t1 where a in (select b from t2);
a	b
1	1
1	1
2	2
drop table t1, t2, t3;
set @save_join_buffer_size = @@join_buffer_size;
set join_buffer_size= 8192;
create table t1 (a int, filler1 binary(200), filler2 binary(200));
insert into t1 select a, 'filler123456', 'filler123456' from t0;
insert into t1 select a+10, 'filler123456', 'filler123456' from t0;
create table t2 as select * from t1;
insert into t1 select a+20, 'filler123456', 'filler123456' from t0;
insert into t1 values (2, 'duplicate ok', 'duplicate ok');
insert into t1 values (18, 'duplicate ok', 'duplicate ok');
insert into t2 values (3, 'duplicate ok', 'duplicate ok');
insert into t2 values (19, 'duplicate ok', 'duplicate ok');
explain select 
a, mid(filler1, 1,10), length(filler1)=length(filler2) as Z 
from t1 ot where a in (select a from t2 it);
id	select_type	table	type	possible_keys	key	key_len	ref	rows	Extra
1	PRIMARY	ot	ALL	NULL	NULL	NULL	NULL	32	
1	PRIMARY	<subquery2>	eq_ref	distinct_key	distinct_key	4	func	1	
2	MATERIALIZED	it	ALL	NULL	NULL	NULL	NULL	22	
select 
a, mid(filler1, 1,10), length(filler1)=length(filler2) as Z 
from t1 ot where a in (select a from t2 it);
a	mid(filler1, 1,10)	Z
0	filler1234	1
1	filler1234	1
2	filler1234	1
3	filler1234	1
4	filler1234	1
5	filler1234	1
6	filler1234	1
7	filler1234	1
8	filler1234	1
9	filler1234	1
10	filler1234	1
11	filler1234	1
12	filler1234	1
13	filler1234	1
14	filler1234	1
15	filler1234	1
16	filler1234	1
17	filler1234	1
18	filler1234	1
19	filler1234	1
2	duplicate 	1
18	duplicate 	1
explain select 
a, mid(filler1, 1,10), length(filler1)=length(filler2) 
from t2 ot where a in (select a from t1 it);
id	select_type	table	type	possible_keys	key	key_len	ref	rows	Extra
1	PRIMARY	ot	ALL	NULL	NULL	NULL	NULL	22	
1	PRIMARY	<subquery2>	eq_ref	distinct_key	distinct_key	4	func	1	
2	MATERIALIZED	it	ALL	NULL	NULL	NULL	NULL	32	
select 
a, mid(filler1, 1,10), length(filler1)=length(filler2) 
from t2 ot where a in (select a from t1 it);
a	mid(filler1, 1,10)	length(filler1)=length(filler2)
0	filler1234	1
1	filler1234	1
2	filler1234	1
3	filler1234	1
4	filler1234	1
5	filler1234	1
6	filler1234	1
7	filler1234	1
8	filler1234	1
9	filler1234	1
10	filler1234	1
11	filler1234	1
12	filler1234	1
13	filler1234	1
14	filler1234	1
15	filler1234	1
16	filler1234	1
17	filler1234	1
18	filler1234	1
19	filler1234	1
3	duplicate 	1
19	duplicate 	1
insert into t1 select a+20, 'filler123456', 'filler123456' from t0;
insert into t1 select a+20, 'filler123456', 'filler123456' from t0;
explain select 
a, mid(filler1, 1,10), length(filler1)=length(filler2) as Z 
from t1 ot where a in (select a from t2 it);
id	select_type	table	type	possible_keys	key	key_len	ref	rows	Extra
1	PRIMARY	ot	ALL	NULL	NULL	NULL	NULL	52	
1	PRIMARY	<subquery2>	eq_ref	distinct_key	distinct_key	4	func	1	
2	MATERIALIZED	it	ALL	NULL	NULL	NULL	NULL	22	
select 
a, mid(filler1, 1,10), length(filler1)=length(filler2) as Z 
from t1 ot where a in (select a from t2 it);
a	mid(filler1, 1,10)	Z
0	filler1234	1
1	filler1234	1
2	filler1234	1
3	filler1234	1
4	filler1234	1
5	filler1234	1
6	filler1234	1
7	filler1234	1
8	filler1234	1
9	filler1234	1
10	filler1234	1
11	filler1234	1
12	filler1234	1
13	filler1234	1
14	filler1234	1
15	filler1234	1
16	filler1234	1
17	filler1234	1
18	filler1234	1
19	filler1234	1
2	duplicate 	1
18	duplicate 	1
explain select 
a, mid(filler1, 1,10), length(filler1)=length(filler2) 
from t2 ot where a in (select a from t1 it);
id	select_type	table	type	possible_keys	key	key_len	ref	rows	Extra
1	PRIMARY	ot	ALL	NULL	NULL	NULL	NULL	22	
1	PRIMARY	<subquery2>	eq_ref	distinct_key	distinct_key	4	func	1	
2	MATERIALIZED	it	ALL	NULL	NULL	NULL	NULL	52	
select 
a, mid(filler1, 1,10), length(filler1)=length(filler2) 
from t2 ot where a in (select a from t1 it);
a	mid(filler1, 1,10)	length(filler1)=length(filler2)
0	filler1234	1
1	filler1234	1
2	filler1234	1
3	filler1234	1
4	filler1234	1
5	filler1234	1
6	filler1234	1
7	filler1234	1
8	filler1234	1
9	filler1234	1
10	filler1234	1
11	filler1234	1
12	filler1234	1
13	filler1234	1
14	filler1234	1
15	filler1234	1
16	filler1234	1
17	filler1234	1
18	filler1234	1
19	filler1234	1
3	duplicate 	1
19	duplicate 	1
drop table t1, t2;
create table t1 (a int, b int, key(a));
create table t2 (a int, b int, key(a));
create table t3 (a int, b int, key(a));
insert into t1 select a,a from t0;
insert into t2 select a,a from t0;
insert into t3 select a,a from t0;
t2 and t3 must be use 'ref', not 'ALL':
explain select * 
from t0 where a in
(select t2.a+t3.a from t1 left join (t2 join t3) on t2.a=t1.a and t3.a=t1.a);
id	select_type	table	type	possible_keys	key	key_len	ref	rows	Extra
1	PRIMARY	t0	ALL	NULL	NULL	NULL	NULL	10	
1	PRIMARY	<subquery2>	eq_ref	distinct_key	distinct_key	8	func	1	Using where
2	MATERIALIZED	t1	index	a	a	5	NULL	10	Using where; Using index
2	MATERIALIZED	t2	ref	a	a	5	test.t1.a	1	Using index
2	MATERIALIZED	t3	ref	a	a	5	test.t1.a	1	Using index
drop table t0, t1,t2,t3;
CREATE TABLE t1 (
ID int(11) NOT NULL auto_increment,
Name char(35) NOT NULL default '',
Country char(3) NOT NULL default '',
Population int(11) NOT NULL default '0',
PRIMARY KEY  (ID),
INDEX (Population),
INDEX (Country) 
);
CREATE TABLE t2 (
Code char(3) NOT NULL default '',
Name char(52) NOT NULL default '',
SurfaceArea float(10,2) NOT NULL default '0.00',
Population int(11) NOT NULL default '0',
Capital int(11) default NULL,
PRIMARY KEY  (Code),
UNIQUE INDEX (Name),
INDEX (Population)
);
CREATE TABLE t3 (
Country char(3) NOT NULL default '',
Language char(30) NOT NULL default '',
Percentage float(3,1) NOT NULL default '0.0',
PRIMARY KEY  (Country, Language),
INDEX (Percentage)
);
set @bug35674_save_optimizer_switch=@@optimizer_switch;
set optimizer_switch='materialization=off';
EXPLAIN
SELECT Name FROM t2 
WHERE t2.Code IN (SELECT Country FROM t1 WHERE Population > 5000000)
AND
t2.Code IN (SELECT Country FROM t3 
WHERE Language='English' AND Percentage > 10 AND
t2.Population > 100000);
id	select_type	table	type	possible_keys	key	key_len	ref	rows	Extra
1	PRIMARY	t1	range	Population,Country	Population	4	NULL	1	Using index condition; Rowid-ordered scan; Start temporary
1	PRIMARY	t2	eq_ref	PRIMARY,Population	PRIMARY	3	test.t1.Country	1	Using where; End temporary
1	PRIMARY	t3	eq_ref	PRIMARY,Percentage	PRIMARY	33	test.t1.Country,const	1	Using index condition; Using where
set optimizer_switch=@bug35674_save_optimizer_switch;
DROP TABLE t1,t2,t3;
CREATE TABLE t1 (
Code char(3) NOT NULL DEFAULT '',
Name char(52) NOT NULL DEFAULT '',
Continent enum('Asia','Europe','North America','Africa','Oceania','Antarctica','South America') NOT NULL DEFAULT 'Asia',
Region char(26) NOT NULL DEFAULT '',
SurfaceArea float(10,2) NOT NULL DEFAULT '0.00',
IndepYear smallint(6) DEFAULT NULL,
Population int(11) NOT NULL DEFAULT '0',
LifeExpectancy float(3,1) DEFAULT NULL,
GNP float(10,2) DEFAULT NULL,
GNPOld float(10,2) DEFAULT NULL,
LocalName char(45) NOT NULL DEFAULT '',
GovernmentForm char(45) NOT NULL DEFAULT '',
HeadOfState char(60) DEFAULT NULL,
Capital int(11) DEFAULT NULL,
Code2 char(2) NOT NULL DEFAULT '',
PRIMARY KEY (Code)
);
CREATE TABLE t2 (
ID int(11) NOT NULL AUTO_INCREMENT,
Name char(35) NOT NULL DEFAULT '',
CountryCode char(3) NOT NULL DEFAULT '',
District char(20) NOT NULL DEFAULT '',
Population int(11) NOT NULL DEFAULT '0',
PRIMARY KEY (ID),
KEY CountryCode (CountryCode)
);
Fill the table with test data
This must not use LooseScan:
EXPLAIN SELECT Name FROM t1 
WHERE t1.Code IN (
SELECT t2.CountryCode FROM t2 WHERE Population > 5000000);
id	select_type	table	type	possible_keys	key	key_len	ref	rows	Extra
1	PRIMARY	t1	ALL	PRIMARY	NULL	NULL	NULL	31	
1	PRIMARY	<subquery2>	eq_ref	distinct_key	distinct_key	3	func	1	
2	MATERIALIZED	t2	ALL	CountryCode	NULL	NULL	NULL	545	Using where
SELECT Name FROM t1 
WHERE t1.Code IN (
SELECT t2.CountryCode FROM t2 WHERE Population > 5000000);
Name
Austria
Canada
China
Czech Republic
drop table t1, t2;
drop procedure if exists p1;
drop procedure if exists p2;
drop procedure if exists p3;
drop procedure if exists p4;
CREATE TABLE t1(a INT);
CREATE TABLE t2(c INT);
CREATE PROCEDURE p1(v1 int)
BEGIN
SELECT 1 FROM t1 WHERE a = v1 AND a IN (SELECT c FROM t2);
END
//
CREATE PROCEDURE p2(v1 int)
BEGIN
SELECT 1 FROM t1 WHERE a IN (SELECT c FROM t2);
END
//
CREATE PROCEDURE p3(v1 int)
BEGIN
SELECT 1 
FROM 
t1 t01,t1 t02,t1 t03,t1 t04,t1 t05,t1 t06,t1 t07,t1 t08,
t1 t09,t1 t10,t1 t11,t1 t12,t1 t13,t1 t14,t1 t15,t1 t16,
t1 t17,t1 t18,t1 t19,t1 t20,t1 t21,t1 t22,t1 t23,t1 t24,
t1 t25,t1 t26,t1 t27,t1 t28,t1 t29,t1 t30,t1 t31,t1 t32,
t1 t33,t1 t34,t1 t35,t1 t36,t1 t37,t1 t38,t1 t39,t1 t40,
t1 t41,t1 t42,t1 t43,t1 t44,t1 t45,t1 t46,t1 t47,t1 t48,
t1 t49,t1 t50,t1 t51,t1 t52,t1 t53,t1 t54,t1 t55,t1 t56,
t1 t57,t1 t58,t1 t59,t1 t60
WHERE t01.a IN (SELECT c FROM t2);
END
//
CREATE PROCEDURE p4(v1 int)
BEGIN
SELECT 1 
FROM 
t1 t01,t1 t02,t1 t03,t1 t04,t1 t05,t1 t06,t1 t07,t1 t08,
t1 t09,t1 t10,t1 t11,t1 t12,t1 t13,t1 t14,t1 t15,t1 t16,
t1 t17,t1 t18,t1 t19,t1 t20,t1 t21,t1 t22,t1 t23,t1 t24,
t1 t25,t1 t26,t1 t27,t1 t28,t1 t29,t1 t30,t1 t31,t1 t32,
t1 t33,t1 t34,t1 t35,t1 t36,t1 t37,t1 t38,t1 t39,t1 t40,
t1 t41,t1 t42,t1 t43,t1 t44,t1 t45,t1 t46,t1 t47,t1 t48,
t1 t49,t1 t50,t1 t51,t1 t52,t1 t53,t1 t54,t1 t55,t1 t56,
t1 t57,t1 t58,t1 t59,t1 t60
WHERE t01.a = v1 AND t01.a IN (SELECT c FROM t2);
END
//
CALL p1(1);
1
CALL p2(1);
1
CALL p3(1);
1
CALL p4(1);
1
DROP TABLE t1, t2;
DROP PROCEDURE p1;
DROP PROCEDURE p2;
DROP PROCEDURE p3;
DROP PROCEDURE p4;
create table t0 (a int);
insert into t0 values (0),(1),(2),(3),(4);
create table t1 (a int, b int, key(a));
insert into t1 select a,a from t0;
insert into t1 select a+5,a from t0;
create table t2 (a int, b int, primary key(a));
insert into t2 select * from t1;
Table t2, unlike table t1, should be displayed as pulled out
explain extended select * from t0
where t0.a in ( select t1.a from t1,t2 where t2.a=t0.a and
t1.b=t2.b);
id	select_type	table	type	possible_keys	key	key_len	ref	rows	filtered	Extra
1	PRIMARY	t0	ALL	NULL	NULL	NULL	NULL	5	100.00	Using where
1	PRIMARY	t2	eq_ref	PRIMARY	PRIMARY	4	test.t0.a	1	100.00	
1	PRIMARY	t1	ref	a	a	5	test.t0.a	1	100.00	Using where; FirstMatch(t2)
Warnings:
Note	1276	Field or reference 'test.t0.a' of SELECT #2 was resolved in SELECT #1
Note	1003	select `test`.`t0`.`a` AS `a` from `test`.`t2` semi join (`test`.`t1`) join `test`.`t0` where `test`.`t2`.`a` = `test`.`t0`.`a` and `test`.`t1`.`a` = `test`.`t0`.`a` and `test`.`t1`.`b` = `test`.`t2`.`b`
update t1 set a=3, b=11 where a=4;
update t2 set b=11 where a=3;
select * from t0 where t0.a in 
(select t1.a from t1, t2 where t2.a=t0.a and t1.b=t2.b);
a
0
1
2
3
drop table t0, t1, t2;
CREATE TABLE t1 (
id int(11) NOT NULL,
PRIMARY KEY (id));
CREATE TABLE t2 (
id int(11) NOT NULL,
fid int(11) NOT NULL,
PRIMARY KEY (id));
insert into t1 values(1);
insert into t2 values(1,7503),(2,1);
explain select count(*) 
from t1 
where fid IN (select fid from t2 where (id between 7502 and 8420) order by fid );
ERROR 42S22: Unknown column 'fid' in 'IN/ALL/ANY subquery'
drop table t1, t2;
create table t1 (a int, b int, key (a), key (b));
insert into t1 values (2,4),(2,4),(2,4);
select t1.a from t1 
where 
t1.a in (select 1 from t1 where t1.a in (select 1 from t1) group by  t1.a);
a
drop table t1;
create table t1(a int,b int,key(a),key(b));
insert into t1 values (1,1),(2,2),(3,3);
select 1 from t1 
where t1.a not in (select 1 from t1 
where t1.a in (select 1 from t1) 
group by  t1.b);
1
1
1
drop table t1;
CREATE TABLE t1
(EMPNUM   CHAR(3) NOT NULL,
EMPNAME  CHAR(20),
GRADE    DECIMAL(4),
CITY     CHAR(15));
CREATE TABLE t2
(PNUM     CHAR(3) NOT NULL,
PNAME    CHAR(20),
PTYPE    CHAR(6),
BUDGET   DECIMAL(9),
CITY     CHAR(15));
CREATE TABLE t3
(EMPNUM   CHAR(3) NOT NULL,
PNUM     CHAR(3) NOT NULL,
HOURS    DECIMAL(5));
INSERT INTO t1 VALUES ('E1','Alice',12,'Deale');
INSERT INTO t1 VALUES ('E2','Betty',10,'Vienna');
INSERT INTO t1 VALUES ('E3','Carmen',13,'Vienna');
INSERT INTO t1 VALUES ('E4','Don',12,'Deale');
INSERT INTO t1 VALUES ('E5','Ed',13,'Akron');
INSERT INTO t2 VALUES ('P1','MXSS','Design',10000,'Deale');
INSERT INTO t2 VALUES ('P2','CALM','Code',30000,'Vienna');
INSERT INTO t2 VALUES ('P3','SDP','Test',30000,'Tampa');
INSERT INTO t2 VALUES ('P4','SDP','Design',20000,'Deale');
INSERT INTO t2 VALUES ('P5','IRM','Test',10000,'Vienna');
INSERT INTO t2 VALUES ('P6','PAYR','Design',50000,'Deale');
INSERT INTO t3 VALUES  ('E1','P1',40);
INSERT INTO t3 VALUES  ('E1','P2',20);
INSERT INTO t3 VALUES  ('E1','P3',80);
INSERT INTO t3 VALUES  ('E1','P4',20);
INSERT INTO t3 VALUES  ('E1','P5',12);
INSERT INTO t3 VALUES  ('E1','P6',12);
INSERT INTO t3 VALUES  ('E2','P1',40);
INSERT INTO t3 VALUES  ('E2','P2',80);
INSERT INTO t3 VALUES  ('E3','P2',20);
INSERT INTO t3 VALUES  ('E4','P2',20);
INSERT INTO t3 VALUES  ('E4','P4',40);
INSERT INTO t3 VALUES  ('E4','P5',80);
SELECT * FROM t1;
EMPNUM	EMPNAME	GRADE	CITY
E1	Alice	12	Deale
E2	Betty	10	Vienna
E3	Carmen	13	Vienna
E4	Don	12	Deale
E5	Ed	13	Akron
CREATE UNIQUE INDEX t1_IDX ON t1(EMPNUM);
SELECT EMPNAME
FROM t1
WHERE EMPNUM IN
(SELECT EMPNUM
FROM t3
WHERE PNUM IN
(SELECT PNUM
FROM t2
WHERE PTYPE = 'Design'));
EMPNAME
Alice
Betty
Don
DROP INDEX t1_IDX ON t1;
CREATE INDEX t1_IDX ON t1(EMPNUM);
SELECT EMPNAME
FROM t1
WHERE EMPNUM IN
(SELECT EMPNUM
FROM t3
WHERE PNUM IN
(SELECT PNUM
FROM t2
WHERE PTYPE = 'Design'));
EMPNAME
Alice
Betty
Don
DROP INDEX t1_IDX ON t1;
SELECT EMPNAME
FROM t1
WHERE EMPNUM IN
(SELECT EMPNUM
FROM t3
WHERE PNUM IN
(SELECT PNUM
FROM t2
WHERE PTYPE = 'Design'));
EMPNAME
Alice
Betty
Don
DROP TABLE t1, t2, t3;
CREATE TABLE t1 (f1 INT NOT NULL);
CREATE VIEW v1 (a) AS SELECT f1 IN (SELECT f1 FROM t1) FROM t1;
SELECT * FROM v1;
a
drop view v1;
drop table t1;
create table t0 (a int);
insert into t0 values (0),(1),(2),(3),(4),(5),(6),(7),(8),(9);
create table t1(a int, b int);
insert into t1 values (0,0),(1,1),(2,2);
create table t2 as select * from t1;
create table t3 (pk int, a int, primary key(pk));
insert into t3 select a,a from t0;
explain 
select * from t1 left join t2 on (t2.a= t1.a and t2.a in (select pk from t3));
id	select_type	table	type	possible_keys	key	key_len	ref	rows	Extra
1	PRIMARY	t1	ALL	NULL	NULL	NULL	NULL	3	
1	PRIMARY	t2	ALL	NULL	NULL	NULL	NULL	3	Using where
2	MATERIALIZED	t3	index	PRIMARY	PRIMARY	4	NULL	10	Using index
drop table t0, t1, t2, t3;
create table t1 (a int);
insert into t1 values (0),(1),(2),(3),(4),(5),(6),(7),(8),(9);
create table t2 (a char(200), b char(200), c char(200), primary key (a,b,c)) engine=innodb;
insert into t2 select concat(a, repeat('X',198)),repeat('B',200),repeat('B',200) from t1;
insert into t2 select concat(a, repeat('Y',198)),repeat('B',200),repeat('B',200) from t1;
alter table t2 add filler1 int;
insert into t1 select A.a + 10*(B.a + 10*C.a) from t1 A, t1 B, t1 C;
set @save_join_buffer_size=@@join_buffer_size;
set join_buffer_size=1;
select * from t2 where filler1 in ( select a from t1);
a	b	c	filler1
set join_buffer_size=@save_join_buffer_size;
drop table t1, t2;
create table t1 (a int not null);
drop procedure if exists p1;
CREATE PROCEDURE p1()
BEGIN
DECLARE EXIT HANDLER FOR SQLEXCEPTION select a from t1;
prepare s1 from '
  select a from t1 where a in ( 
  select a from t1 where a in ( 
  select a from t1 where a in ( 
  select a from t1 where a in ( 
  select a from t1 where a in ( 
  select a from t1 where a in ( 
  select a from t1 where a in ( 
  select a from t1 where a in ( 
  select a from t1 where a in ( 
  select a from t1 where a in ( 
  select a from t1 where a in ( 
  select a from t1 where a in ( 
  select a from t1 where a in ( 
  select a from t1 where a in ( 
  select a from t1 where a in ( 
  select a from t1 where a in ( 
  select a from t1 where a in ( 
  select a from t1 where a in ( 
  select a from t1 where a in ( 
  select a from t1 where a in ( 
  select a from t1 where a in ( 
  select a from t1 where a in ( 
  select a from t1 where a in ( 
  select a from t1 where a in ( 
  select a from t1 where a in ( 
  select a from t1 where a in ( 
  select a from t1 where a in ( 
  select a from t1 where a in ( 
  select a from t1 where a in ( 
  select a from t1 where a in ( 
  select a from t1 where a in ( 
  select a from t1 where a in ( 
  select a from t1 where a in ( 
  select a from t1 where a in ( 
  select a from t1 where a in ( 
  select a from t1 where a in ( 
  select a from t1 where a in ( 
  select a from t1 where a in ( 
  select a from t1 where a in ( 
  select a from t1 where a in ( 
  select a from t1 where a in ( 
  select a from t1 where a in ( 
  select a from t1 where a in ( 
  select a from t1 where a in ( 
  select a from t1 where a in ( 
  select a from t1 where a in ( 
  select a from t1 where a in ( 
  select a from t1 where a in ( 
  select a from t1 where a in ( 
  select a from t1 where a in ( 
  select a from t1 where a in ( 
  select a from t1 where a in ( 
  select a from t1 where a in ( 
  select a from t1 where a in ( 
  select a from t1 where a in ( 
  select a from t1 where a in ( 
  select a from t1 where a in ( 
  select a from t1 where a in ( 
  select a from t1 where a in ( 
  select a from t1 where a in ( 
  select a from t1 where a in ( 
  select a from t1 where a in ( select a from t1) 
  )))))))))))))))))))))))))))))))))))))))))))))))))))))))))))))';
execute s1;
END;
|
call p1();
a
drop procedure p1;
drop table t1;
create table t0 (a int);
insert into t0 values (0),(1),(2),(3),(4),(5),(6),(7),(8),(9);
create table t1 (a int) as select A.a + 10 *(B.a + 10*C.a) as a  from t0 A, t0 B, t0 C;
create table t2 (id int, a int, primary key(id), key(a)) as select a as id, a as a  from t1;
show create table t2;
Table	Create Table
t2	CREATE TABLE `t2` (
  `id` int(11) NOT NULL,
  `a` int(11) DEFAULT NULL,
  PRIMARY KEY (`id`),
  KEY `a` (`a`)
) ENGINE=MyISAM DEFAULT CHARSET=latin1
set @a=0;
create table t3 as select * from t2 limit 0;
insert into t3 select @a:=@a+1, t2.a from t2, t0;
insert into t3 select @a:=@a+1, t2.a from t2, t0;
insert into t3 select @a:=@a+1, t2.a from t2, t0;
alter table t3 add primary key(id), add key(a);
The following must use loose index scan over t3, key a:
explain select count(a) from t2 where a in ( SELECT  a FROM t3);
id	select_type	table	type	possible_keys	key	key_len	ref	rows	Extra
1	PRIMARY	t2	index	a	a	5	NULL	1000	Using index
1	PRIMARY	<subquery2>	eq_ref	distinct_key	distinct_key	4	func	1	
2	MATERIALIZED	t3	index	a	a	5	NULL	30000	Using index
select count(a) from t2 where a in ( SELECT  a FROM t3);
count(a)
1000
drop table t0,t1,t2,t3;

BUG#42740: crash in optimize_semijoin_nests

create table t1 (c6 timestamp,key (c6)) engine=innodb;
create table t2 (c2 double) engine=innodb;
explain select 1 from t2 where c2 = any (select log10(null) from t1 where c6 <null)  ;
id	select_type	table	type	possible_keys	key	key_len	ref	rows	Extra
1	PRIMARY	NULL	NULL	NULL	NULL	NULL	NULL	NULL	Impossible WHERE noticed after reading const tables
drop table t1, t2;
# 
# BUG#42742: crash in setup_sj_materialization, Copy_field::set
# 
create table t3 ( c1 year) engine=innodb;
insert into t3 values (2135),(2142);
create table t2 (c1 tinytext,c2 text,c6 timestamp) engine=innodb;
# The following must not crash, EXPLAIN should show one SJ strategy, not a mix:
explain select 1 from t2 where 
c2 in (select 1 from t3, t2) and
c1 in (select convert(c6,char(1)) from t2);
id	select_type	table	type	possible_keys	key	key_len	ref	rows	Extra
1	PRIMARY	t2	ALL	NULL	NULL	NULL	NULL	1	Using where
1	PRIMARY	<subquery3>	eq_ref	distinct_key	distinct_key	4	func	1	Using where
1	PRIMARY	t2	ALL	NULL	NULL	NULL	NULL	1	
1	PRIMARY	t3	ALL	NULL	NULL	NULL	NULL	2	FirstMatch((sj-nest))
3	MATERIALIZED	t2	ALL	NULL	NULL	NULL	NULL	1	
drop table t2, t3;
#
# BUG#761598: InnoDB: Error: row_search_for_mysql() is called without ha_innobase::external_lock() in maria-5.3
#
CREATE TABLE t1 ( f1 int NOT NULL , f10 int) ;
INSERT IGNORE INTO t1 VALUES (25,0),(29,0);
CREATE TABLE t2 ( f10 int) ENGINE=InnoDB;
CREATE TABLE t3 ( f11 int) ;
INSERT IGNORE INTO t3 VALUES (0);
SELECT alias1.f10 AS field2
FROM t2 AS alias1
JOIN (
t3 AS alias2
JOIN t1 AS alias3
ON alias3.f10
) ON alias3.f1
WHERE alias2.f11 IN (
SELECT SQ4_alias1.f10
FROM t1 AS SQ4_alias1
LEFT JOIN t2 AS SQ4_alias3 ON SQ4_alias3.f10
)
GROUP BY field2;
field2
drop table t1, t2, t3;
#
# BUG#849763: Wrong result with second execution of prepared statement with semijoin + view
#
CREATE TABLE t1 ( c varchar(1)) engine=innodb;
INSERT INTO t1 VALUES ('r');
CREATE TABLE t2 ( a integer, b varchar(1), c varchar(1)) engine=innodb;
INSERT INTO t2 VALUES (1,'r','r');
CREATE OR REPLACE VIEW v1 AS SELECT * FROM t1;
PREPARE st1 FROM 'SELECT * FROM t2 WHERE a = SOME (SELECT a FROM v1 WHERE v1.c = t2.c)';
EXECUTE st1;
a	b	c
1	r	r
EXECUTE st1;
a	b	c
1	r	r
DROP VIEW v1;
DROP TABLE t1, t2;
#
# BUG#858732: Wrong result with semijoin + loosescan + comma join
#
CREATE TABLE t1 (f13 int(11) NOT NULL , PRIMARY KEY (f13)) ENGINE=InnoDB;
INSERT INTO t1 VALUES (16),(24);
CREATE TABLE t2 (f14 int(11) NOT NULL, f12 varchar(1) NOT NULL, KEY (f12,f14)) ENGINE=InnoDB;
INSERT INTO t2 VALUES (6,'y');
CREATE TABLE t3 (f12 varchar(1) NOT NULL) ENGINE=InnoDB;
INSERT INTO t3 VALUES ('r'),('s'),('t'),('v'),('w'),('x'),('y');
analyze table t1,t2,t3 persistent for all;
Table	Op	Msg_type	Msg_text
test.t1	analyze	status	Engine-independent statistics collected
test.t1	analyze	status	OK
test.t2	analyze	status	Engine-independent statistics collected
test.t2	analyze	status	OK
test.t3	analyze	status	Engine-independent statistics collected
test.t3	analyze	status	OK
# The following must use LooseScan but not join buffering
explain
SELECT * FROM t3 
WHERE f12 IN (SELECT alias2.f12 FROM t1 AS alias1, t2 AS alias2, t1 WHERE alias1.f13 = 24);
id	select_type	table	type	possible_keys	key	key_len	ref	rows	Extra
1	PRIMARY	alias1	const	PRIMARY	PRIMARY	4	const	#	Using index
1	PRIMARY	alias2	index	f12	f12	7	NULL	#	Using index; LooseScan
1	PRIMARY	t1	index	NULL	PRIMARY	4	NULL	#	Using index; FirstMatch(alias2)
1	PRIMARY	t3	ALL	NULL	NULL	NULL	NULL	#	Using where; Using join buffer (flat, BNL join)
SELECT * FROM t3 
WHERE f12 IN (SELECT alias2.f12 FROM t1 AS alias1, t2 AS alias2, t1 WHERE alias1.f13 = 24);
f12
y
DROP TABLE t1,t2,t3;
#
# BUG#869012: Wrong result with semijoin + materialization + AND in WHERE
#
CREATE TABLE t1 (f3 varchar(1) , f4 varchar(1) ) engine=InnoDB;
INSERT IGNORE INTO t1 VALUES ('x','x'),('x','x');
CREATE TABLE t2 ( f4 varchar(1) ) ;
INSERT IGNORE INTO t2 VALUES ('g');
CREATE TABLE t3 (f4 varchar(1) ) Engine=InnoDB;
INSERT IGNORE INTO t3 VALUES ('x');
set @tmp_869012=@@optimizer_switch;
SET optimizer_switch='semijoin=on,materialization=on';
SELECT *
FROM t1 , t2
WHERE ( t1.f4 ) IN ( SELECT f4 FROM t3 )
AND t2.f4 != t1.f3 ;
f3	f4	f4
x	x	g
x	x	g
set optimizer_switch= @tmp_869012;
DROP TABLE t1,t2,t3;
#
# BUG#869001: Wrong result with semijoin + materialization + firstmatch + multipart key
#
set @tmp869001_jcl= @@join_cache_level;
set @tmp869001_os= @@optimizer_switch;
SET join_cache_level=0;
SET optimizer_switch='materialization=on,semijoin=on,firstmatch=on,loosescan=off';
CREATE TABLE t1 ( f2 int, f3 varchar(1), KEY (f3,f2)) engine=innodb;
INSERT INTO t1 VALUES (8,'x'),(NULL,'x'),(8,'c');
CREATE TABLE t2 ( f4 varchar(1)) engine=innodb;
INSERT INTO t2 VALUES ('x');
CREATE TABLE t3 ( f1 int) engine=innodb;
INSERT INTO t3 VALUES (8),(6),(2),(9),(6);
CREATE TABLE t4 ( f3 varchar(1)) engine=innodb;
INSERT INTO t4 VALUES ('p'),('j'),('c');
SELECT *
FROM t1 JOIN t2 ON (t2.f4 = t1.f3 )
WHERE ( 8 ) IN (
SELECT t3.f1 FROM t3 , t4
);
f2	f3	f4
NULL	x	x
8	x	x
DROP TABLE t1, t2, t3, t4;
set join_cache_level= @tmp869001_jcl;
set optimizer_switch= @tmp869001_os;
# 
# Bug #881318: join cache + duplicate elimination + left join
#              with empty materialized derived inner table
#
CREATE TABLE t1 (b varchar(1)) ENGINE=InnoDB;
CREATE TABLE t2 (a varchar(1)) ENGINE=InnoDB;
INSERT INTO t2 VALUES ('a');
CREATE TABLE t3 (a varchar(1), b varchar(1)) ENGINE=InnoDB;
INSERT INTO t3 VALUES ('c','c');
CREATE TABLE t4 (b varchar(1)) ENGINE=InnoDB;
INSERT INTO t4 VALUES ('c'), ('b');
CREATE ALGORITHM=TEMPTABLE VIEW v1 AS SELECT * FROM t1;
EXPLAIN
SELECT * FROM t3 LEFT JOIN (v1,t2) ON t3.a = t2.a
WHERE t3.b IN (SELECT b FROM t4);
id	select_type	table	type	possible_keys	key	key_len	ref	rows	Extra
1	PRIMARY	t3	ALL	NULL	NULL	NULL	NULL	1	
1	PRIMARY	<subquery2>	eq_ref	distinct_key	distinct_key	4	func	1	
1	PRIMARY	t2	ALL	NULL	NULL	NULL	NULL	1	Using where
1	PRIMARY	<derived3>	ALL	NULL	NULL	NULL	NULL	2	
2	MATERIALIZED	t4	ALL	NULL	NULL	NULL	NULL	2	
3	DERIVED	t1	ALL	NULL	NULL	NULL	NULL	1	
SELECT * FROM t3 LEFT JOIN (v1,t2) ON t3.a = t2.a
WHERE t3.b IN (SELECT b FROM t4);
a	b	b	a
c	c	NULL	NULL
DROP VIEW v1;
DROP TABLE t1,t2,t3,t4;
#
# BUG#912538: Wrong result (missing rows) with semijoin=on, firstmatch=on, ...
#
CREATE TABLE t1 ( a INT NOT NULL, UNIQUE KEY(a) );
INSERT INTO t1 VALUES (1),(2),(3),(4);
CREATE TABLE t2 ( b INT, c INT ) ENGINE=InnoDB;
INSERT INTO t2 VALUES (1,1);
SELECT * FROM t1, t2 WHERE c IN (SELECT c FROM t1, t2 WHERE a = b);
a	b	c
1	1	1
2	1	1
3	1	1
4	1	1
DROP TABLE t1,t2;
# 
# BUG#962667: Assertion `0' failed in QUICK_INDEX_SORT_SELECT::need_sorted_output() 
#   with index_merge+index_merge_sort_union+loosescan+semijoin
#
CREATE TABLE t1 (
a INT, b VARCHAR(1), c INT,
KEY(a), KEY(b)
) ENGINE=InnoDB;
INSERT INTO t1 VALUES
(1,'v',9),(2,'v',8),(3,'c',7),(4,'m',6),(5,'x',5),
(6,'i',4),(7,'e',3),(8,'p',2),(9,'s',1),(10,'j',9),
(11,'z',8),(12,'c',7),(13,'a',6),(14,'q',5),(15,'y',4),
(16,'n',3),(17,'r',2),(18,'v',1),(19,'p',0);
CREATE TABLE t2 (
pk INT, d VARCHAR(1), e INT,
PRIMARY KEY(pk), KEY(d,e)
) ENGINE=InnoDB;
INSERT INTO t2 VALUES
(1,'x',1),(2,'d',2),(3,'r',3),(4,'f',4),(5,'y',5),
(6,'u',6),(7,'m',7),(8,'k',8),(9,'o',9),(10,'w',1),
(11,'m',2),(12,'q',3),(13,'m',4),(14,'d',5),
(15,'g',6),(16,'x',7),(17,'f',8);
analyze table t1,t2;
Table	Op	Msg_type	Msg_text
test.t1	analyze	status	Engine-independent statistics collected
test.t1	analyze	status	OK
test.t2	analyze	status	Engine-independent statistics collected
test.t2	analyze	status	OK
explain
SELECT * FROM t1 WHERE b IN (
SELECT d FROM t2, t1
WHERE a = d AND ( pk < 2 OR d = 'z' )
);
id	select_type	table	type	possible_keys	key	key_len	ref	rows	Extra
1	PRIMARY	t1	ALL	b	NULL	NULL	NULL	19	
1	PRIMARY	<subquery2>	eq_ref	distinct_key	distinct_key	4	func	1	
2	MATERIALIZED	t2	index	PRIMARY,d	d	9	NULL	17	Using where; Using index
2	MATERIALIZED	t1	ref	a	a	5	test.t2.d	1	Using where; Using index
SELECT * FROM t1 WHERE b IN (
SELECT d FROM t2, t1
WHERE a = d AND ( pk < 2 OR d = 'z' )
);
a	b	c
Warnings:
Warning	1292	Truncated incorrect INTEGER value: 'x'
DROP TABLE t1, t2;
#
# BUG#951937: Wrong result (missing rows) with semijoin+materialization, IN subquery, InnoDB, TEMPTABLE view
#
CREATE TABLE t1 (
a VARCHAR(1),
b VARCHAR(1) NOT NULL,
KEY(a)
) ENGINE=InnoDB;
INSERT INTO t1 VALUES
('j','j'),('v','v'),('c','c'),('m','m'),('d','d'),
('y','y'),('t','t'),('d','d'),('s','s'),('r','r'),
('m','m'),('b','b'),('x','x'),('g','g'),('p','p'),
('q','q'),('w','w'),('d','d'),('e','e');
ANALYZE TABLE t1;
Table	Op	Msg_type	Msg_text
test.t1	analyze	status	Engine-independent statistics collected
test.t1	analyze	status	OK
CREATE ALGORITHM=TEMPTABLE VIEW v1 AS SELECT * FROM t1;
# This query returned 6 rows instead of 19
SELECT * FROM v1
WHERE ( a, a ) IN (
SELECT alias2.b, alias2.a
FROM t1 AS alias1, t1 AS alias2
WHERE alias2.b = alias1.a
AND ( alias1.b >= alias1.a OR alias2.b = 'z' )
);
a	b
b	b
c	c
d	d
d	d
d	d
e	e
g	g
j	j
m	m
m	m
p	p
q	q
r	r
s	s
t	t
v	v
w	w
x	x
y	y
# Another testcase, without the VIEW:
CREATE TABLE t2 (a VARCHAR(1), b VARCHAR(1) NOT NULL, KEY(a)) ENGINE=InnoDB;
INSERT INTO t2 SELECT * FROM t1;
INSERT INTO t2 SELECT * FROM t1;
ANALYZE TABLE t2;
Table	Op	Msg_type	Msg_text
test.t2	analyze	status	Engine-independent statistics collected
test.t2	analyze	status	OK
EXPLAIN 
SELECT * FROM t2 
WHERE (a, a) IN (SELECT alias2.b, alias2.a FROM t1 AS alias1, t1 AS alias2 
WHERE 
alias2.b = alias1.a AND 
(alias1.b >= alias1.a OR alias2.b = 'z'));
id	select_type	table	type	possible_keys	key	key_len	ref	rows	Extra
1	PRIMARY	t2	ALL	a	NULL	NULL	NULL	38	
1	PRIMARY	<subquery2>	eq_ref	distinct_key	distinct_key	8	func,func	1	
2	MATERIALIZED	alias1	ALL	a	NULL	NULL	NULL	19	Using where
2	MATERIALIZED	alias2	ref	a	a	4	test.alias1.a	1	Using where
SELECT * FROM t2 
WHERE (a, a) IN (SELECT alias2.b, alias2.a FROM t1 AS alias1, t1 AS alias2 
WHERE 
alias2.b = alias1.a AND 
(alias1.b >= alias1.a OR alias2.b = 'z'));
a	b
b	b
b	b
c	c
c	c
d	d
d	d
d	d
d	d
d	d
d	d
e	e
e	e
g	g
g	g
j	j
j	j
m	m
m	m
m	m
m	m
p	p
p	p
q	q
q	q
r	r
r	r
s	s
s	s
t	t
t	t
v	v
v	v
w	w
w	w
x	x
x	x
y	y
y	y
DROP VIEW v1;
DROP TABLE t1, t2;
# 
# BUG#965872: Server crashes in embedding_sjm on a simple 1-table select with AND and OR  
#  (this is a regression caused by the fix for BUG#951937)
CREATE TABLE t1 ( a INT, b INT, c INT, d INT );
INSERT INTO t1 VALUES (4,2,8,9),(4,2,7,8);
SELECT * FROM t1
WHERE a = d AND ( b = 50 AND b = d OR a = c );
a	b	c	d
DROP TABLE t1;
#
# BUG#951283: Wrong result (missing rows) with semijoin+firstmatch, IN/ANY subquery
#
set @tmp_951283=@@optimizer_prune_level;
SET optimizer_prune_level=0;
CREATE TABLE t1 ( a INT ) ENGINE=InnoDB;
INSERT INTO t1 VALUES
(10),(11),(12),(13),(14),(15),(16),
(17),(18),(19),(20),(21),(22),(23);
CREATE TABLE t2 (
b INT PRIMARY KEY,
c VARCHAR(1),
d VARCHAR(1),
KEY(c)
) ENGINE=InnoDB;
INSERT INTO t2 VALUES
(1,'j','j'),(2,'v','v'),(3,'c','c'),(4,'m','m'),
(5,'d','d'),(6,'d','d'),(7,'y','y'),(8,'t','t'),
(9,'d','d'),(10,'s','s'),(11,'r','r'),(12,'m','m'),
(13,'b','b'),(14,'x','x'),(15,'g','g'),(16,'p','p'),
(17,'q','q'),(18,'w','w'),(19,'d','d');
analyze table t1 persistent for all;
Table	Op	Msg_type	Msg_text
test.t1	analyze	status	Engine-independent statistics collected
test.t1	analyze	status	OK
analyze table t2 persistent for all;
Table	Op	Msg_type	Msg_text
test.t2	analyze	status	Engine-independent statistics collected
test.t2	analyze	status	OK
EXPLAIN
SELECT COUNT(*) FROM t1 AS alias1, t1 AS alias2, t2 AS alias3
WHERE alias3.d IN (
SELECT alias4.c FROM t2 AS alias4, t2 AS alias5
WHERE alias5.b = alias4.b
AND ( alias5.b >= alias3.b OR alias5.c != alias3.c )
);
id	select_type	table	type	possible_keys	key	key_len	ref	rows	Extra
1	PRIMARY	alias3	ALL	PRIMARY	NULL	NULL	NULL	#	Using where
1	PRIMARY	alias4	ref	PRIMARY,c	c	4	test.alias3.d	#	Using index
1	PRIMARY	alias5	eq_ref	PRIMARY	PRIMARY	4	test.alias4.b	#	Using where; FirstMatch(alias3)
1	PRIMARY	alias2	ALL	NULL	NULL	NULL	NULL	#	Using join buffer (flat, BNL join)
1	PRIMARY	alias1	ALL	NULL	NULL	NULL	NULL	#	Using join buffer (flat, BNL join)
SELECT COUNT(*) FROM t1 AS alias1, t1 AS alias2, t2 AS alias3
WHERE alias3.d IN (
SELECT alias4.c FROM t2 AS alias4, t2 AS alias5
WHERE alias5.b = alias4.b
AND ( alias5.b >= alias3.b OR alias5.c != alias3.c )
);
COUNT(*)
3724
EXPLAIN
SELECT COUNT(*) FROM t1 AS alias1, t1 AS alias2, t2 AS alias3
WHERE alias3.d IN (
SELECT alias4.c FROM t2 AS alias4, t2 AS alias5
WHERE alias5.b = alias4.b
AND ( alias5.b >= alias3.b OR alias3.c != alias5.c )
);
id	select_type	table	type	possible_keys	key	key_len	ref	rows	Extra
1	PRIMARY	alias3	ALL	PRIMARY	NULL	NULL	NULL	#	Using where
1	PRIMARY	alias4	ref	PRIMARY,c	c	4	test.alias3.d	#	Using index
1	PRIMARY	alias5	eq_ref	PRIMARY	PRIMARY	4	test.alias4.b	#	Using where; FirstMatch(alias3)
1	PRIMARY	alias2	ALL	NULL	NULL	NULL	NULL	#	Using join buffer (flat, BNL join)
1	PRIMARY	alias1	ALL	NULL	NULL	NULL	NULL	#	Using join buffer (flat, BNL join)
SELECT COUNT(*) FROM t1 AS alias1, t1 AS alias2, t2 AS alias3
WHERE alias3.d IN (
SELECT alias4.c FROM t2 AS alias4, t2 AS alias5
WHERE alias5.b = alias4.b
AND ( alias5.b >= alias3.b OR alias3.c != alias5.c )
);
COUNT(*)
3724
set optimizer_prune_level=@tmp_951283;
DROP TABLE t1,t2;
#
# Bug mdev-5135: crash on semijoin with nested outer joins
#
CREATE TABLE t1 (i1 int) ENGINE=MyISAM;
INSERT INTO t1 VALUES (1),(2);
CREATE TABLE t2 (i2 int, INDEX(i2)) ENGINE=MyISAM;
CREATE TABLE t3 (i3 int, c varchar(1), INDEX(i3), INDEX(c)) ENGINE=MyISAM;
INSERT INTO t3 VALUES (3,'x'),(4,'y');
SELECT * FROM t1 WHERE ( 1, 1 ) IN ( 
SELECT i2, i2 FROM t2 LEFT OUTER JOIN ( 
t3 AS t3a INNER JOIN t3 AS t3b ON ( t3a.i3 = t3b.i3 ) 
) ON ( t3a.c = t3b.c ) 
);
i1
DROP TABLE t1,t2,t3;
#
# MDEV-5582: Plugin 'MEMORY' has ref_count=1 after shutdown with materialization+semijoin
#
CREATE TABLE t1 (a INT) engine=innodb;
INSERT INTO t1 VALUES (8),(9);
CREATE TABLE t2 (b INT) engine=innodb;
INSERT INTO t2 VALUES (2),(3);
CREATE TABLE t3 (c INT, INDEX(c)) engine=innodb;
INSERT INTO t2 VALUES (4),(5);
explain
SELECT * FROM t1 WHERE 9 IN ( SELECT b FROM t2 WHERE 1 IN ( SELECT MIN(c) FROM t3 ) );
id	select_type	table	type	possible_keys	key	key_len	ref	rows	Extra
1	PRIMARY	NULL	NULL	NULL	NULL	NULL	NULL	NULL	Impossible WHERE
3	MATERIALIZED	NULL	NULL	NULL	NULL	NULL	NULL	NULL	No matching min/max row
SELECT * FROM t1 WHERE 9 IN ( SELECT b FROM t2 WHERE 1 IN ( SELECT MIN(c) FROM t3 ) );
a
DROP TABLE t1,t2,t3;
DROP TABLE IF EXISTS t1,t2,t3,t4;
#
# MDEV-4782: Valgrind warnings (Conditional jump or move depends on uninitialised value) with InnoDB, semijoin
#
CREATE TABLE t1 ( t1_pk1 varchar(3), t1_pk2 varchar(52), PRIMARY KEY (t1_pk1,t1_pk2)) ENGINE=InnoDB;
INSERT INTO t1 VALUES ('CHN','Chinese'),('USA','English');
CREATE TABLE t2 ( t2_i int(11), t2_c varchar(52)) ENGINE=InnoDB;
INSERT INTO t2 VALUES (86,'English');
CREATE TABLE t3 ( t3_i int(11), t3_c varchar(35)) ENGINE=InnoDB;
INSERT INTO t3 VALUES (3989,'Abilene'),(3873,'Akron');
create table t4 like t1;
insert into t4 select * from t1;
SELECT * FROM t1, t3 WHERE t3_c IN ( SELECT t1_pk2 FROM t4, t2 WHERE t2_c = t1_pk2 AND t2_i >= t3_i ) AND ( t1_pk1 = 'POL' );
t1_pk1	t1_pk2	t3_i	t3_c
explain
SELECT * FROM t1, t3 WHERE t3_c IN ( SELECT t1_pk2 FROM t4, t2 WHERE t2_c = t1_pk2 AND t2_i >= t3_i ) AND ( t1_pk1 = 'POL' );
id	select_type	table	type	possible_keys	key	key_len	ref	rows	Extra
1	PRIMARY	t1	ref	PRIMARY	PRIMARY	5	const	1	Using where; Using index
1	PRIMARY	t2	ALL	NULL	NULL	NULL	NULL	1	Start temporary
1	PRIMARY	t3	ALL	NULL	NULL	NULL	NULL	2	Using where; Using join buffer (flat, BNL join)
1	PRIMARY	t4	index	NULL	PRIMARY	59	NULL	2	Using where; Using index; End temporary
DROP TABLE t1,t2,t3,t4;
#
# MDEV-6263: Wrong result when using IN subquery with order by
#
CREATE TABLE t1 (
id int(11) NOT NULL,
nombre varchar(255) NOT NULL,
PRIMARY KEY (id)
) ENGINE=InnoDB DEFAULT CHARSET=latin1;
INSERT INTO t1 (id, nombre) VALUES
(1, 'row 1'),(2, 'row 2'),(3, 'row 3'),
(4, 'row 4'),(5, 'row 5'),(6, 'row 6');
CREATE TABLE t2 (
id_algo int(11) NOT NULL,
id_agente int(11) NOT NULL,
PRIMARY KEY (id_algo,id_agente), 
KEY another_data (id_agente)
) ENGINE=InnoDB DEFAULT CHARSET=latin1;
INSERT INTO t2 (id_algo, id_agente) VALUES
(1, 1),(1, 2),(2, 1),(2, 2),(2, 3),(3, 1);
SELECT * FROM t1 WHERE id in (select distinct id_agente from t2) ORDER BY nombre ASC;
id	nombre
1	row 1
2	row 2
3	row 3
SELECT * FROM t1 WHERE id in (select distinct id_agente from t2);
id	nombre
1	row 1
2	row 2
3	row 3
DROP TABLE t1, t2;
#
# MDEV-7474: Semi-Join's DuplicateWeedout strategy skipped for some values of optimizer_search_depth
#
CREATE TABLE t1 (
t1id BIGINT(20) NOT NULL,
code VARCHAR(20),
PRIMARY KEY (t1id)
) COLLATE='utf8mb4_bin' ENGINE=InnoDB;
CREATE TABLE t2 (
t2id BIGINT(20) NOT NULL,
t1idref BIGINT(20) NOT NULL,
code VARCHAR(20),
PRIMARY KEY (t2id),
INDEX FK_T2_T1Id (t1idref),
CONSTRAINT FK_T2_T1Id FOREIGN KEY (t1idref) REFERENCES t1 (t1id)
) COLLATE='utf8mb4_bin' ENGINE=InnoDB;
CREATE TABLE t3 (
t3idref BIGINT(20) NOT NULL,
t2idref BIGINT(20) NOT NULL,
sequencenumber INT(10) NOT NULL,
PRIMARY KEY (t3idref, t2idref),
INDEX FK_T3_T2Id (t2idref),
CONSTRAINT FK_T3_T2Id FOREIGN KEY (t2idref) REFERENCES t2 (t2id)
) COLLATE='utf8mb4_bin' ENGINE=InnoDB;
INSERT INTO t1 (t1id) VALUES (100001),(100017),(100018),(100026),(100027),(100028),(100029),(100030),
(100031),(100032),(100033),(100034),(100035),(100036),(100037),(100038),(100040),(100041),(100042),
(100043),(100044),(100045),(100046),(100047);
INSERT IGNORE INTO t2 (t2id, t1idref) SELECT t1id, t1id FROM t1;
INSERT IGNORE INTO t1 VALUES (200001, 'a');
INSERT IGNORE INTO t2 (t2id, t1idref) VALUES (200011, 200001),(200012, 200001),(200013, 200001);
INSERT IGNORE INTO t3 VALUES (1, 200011, 1),  (1, 200012, 2), (1, 200013, 3);
ANALYZE TABLE t1,t2,t3;
Table	Op	Msg_type	Msg_text
test.t1	analyze	status	Engine-independent statistics collected
test.t1	analyze	status	OK
test.t2	analyze	status	Engine-independent statistics collected
test.t2	analyze	status	OK
test.t3	analyze	status	Engine-independent statistics collected
test.t3	analyze	status	OK
set @tmp7474= @@optimizer_search_depth;
SET SESSION optimizer_search_depth = 1;
SELECT SQL_NO_CACHE 
T2_0_.t1idref,
T2_0_.t2id
FROM
t2 T2_0_ 
WHERE
T2_0_.t1idref IN (
SELECT
T1_1_.t1id 
FROM
t3 T3_0_ 
INNER JOIN
t2 T2_1_ 
ON T3_0_.t2idref=T2_1_.t2id 
INNER JOIN
t1 T1_1_ 
ON T2_1_.t1idref=T1_1_.t1id            
WHERE
T3_0_.t3idref= 1
);
t1idref	t2id
200001	200011
200001	200012
200001	200013
explain SELECT SQL_NO_CACHE 
T2_0_.t1idref,
T2_0_.t2id
FROM
t2 T2_0_ 
WHERE
T2_0_.t1idref IN (
SELECT
T1_1_.t1id 
FROM
t3 T3_0_ 
INNER JOIN
t2 T2_1_ 
ON T3_0_.t2idref=T2_1_.t2id 
INNER JOIN
t1 T1_1_ 
ON T2_1_.t1idref=T1_1_.t1id            
WHERE
T3_0_.t3idref= 1
);
id	select_type	table	type	possible_keys	key	key_len	ref	rows	Extra
1	PRIMARY	T3_0_	ref	PRIMARY,FK_T3_T2Id	PRIMARY	8	const	3	Using index; Start temporary
1	PRIMARY	T2_1_	eq_ref	PRIMARY,FK_T2_T1Id	PRIMARY	8	test.T3_0_.t2idref	1	
1	PRIMARY	T1_1_	eq_ref	PRIMARY	PRIMARY	8	test.T2_1_.t1idref	1	Using index
1	PRIMARY	T2_0_	ref	FK_T2_T1Id	FK_T2_T1Id	8	test.T2_1_.t1idref	1	Using index; End temporary
drop table t3,t2,t1;
set optimizer_search_depth=@tmp7474;
#
#
#
CREATE TABLE t1 (
id int(16) NOT NULL AUTO_INCREMENT,
PRIMARY KEY (id)
) ENGINE=InnoDB DEFAULT CHARSET=utf8;
CREATE TABLE t2 (
id int(16) NOT NULL AUTO_INCREMENT,
t3_id int(16) NOT NULL DEFAULT '0',
t1_id int(16) NOT NULL DEFAULT '0',
PRIMARY KEY (id),
KEY t3_idx (t3_id),
KEY t1_idx (t1_id)
) ENGINE=MyISAM DEFAULT CHARSET=utf8;
CREATE TABLE t3 (
id int(16) NOT NULL AUTO_INCREMENT,
PRIMARY KEY (id)
) ENGINE=MyISAM DEFAULT CHARSET=utf8;
INSERT INTO t3 VALUES (1);
INSERT INTO t2 VALUES (1, 1, 1);
INSERT INTO t2 VALUES (2, 1, 2);
INSERT INTO t2 VALUES (3, 1, 2);
INSERT INTO t2 VALUES (4, 1, 1);
INSERT INTO t1 VALUES (1);
INSERT INTO t1 VALUES (2);
SELECT * FROM t1 WHERE t1.id IN (             
SELECT t2.t1_id FROM t3 JOIN t2 ON t3.id = t2.t3_id WHERE t3.id = 1
);
id
1
2
drop table t1,t2,t3;
#
# MDEV-11108: Assertion `uniq_tuple_length_arg <= table->file->max_key_length()' failed in SJ_TMP_TABLE::create_sj_weedout_tmp_table
#
CREATE TABLE t1 (a INT) ENGINE=InnoDB;
CREATE TABLE t2 (pk BLOB, b INT, PRIMARY KEY(pk(1000))) ENGINE=InnoDB;
CREATE TABLE t3 (c INT) ENGINE=InnoDB;
CREATE OR REPLACE ALGORITHM=MERGE VIEW v3 AS SELECT * FROM t3;
INSERT INTO t3 VALUES (1),(2),(3),(4),(5),(6),(7),(8);
SELECT * FROM t1, t2
WHERE a IN ( SELECT b FROM t2 LEFT JOIN v3 ON ( c = b ) ) ;
a	pk	b
DROP TABLE t1,t2,t3;
DROP VIEW v3;
# This must be the last in the file:
set global innodb_stats_persistent= @innodb_stats_persistent_save;
set global innodb_stats_persistent_sample_pages=
@innodb_stats_persistent_sample_pages_save;
set optimizer_switch=@subselect_sj2_tmp;
set @innodb_stats_persistent_save= @@innodb_stats_persistent;
set @innodb_stats_persistent_sample_pages_save=
@@innodb_stats_persistent_sample_pages;
set global innodb_stats_persistent= 1;
set global innodb_stats_persistent_sample_pages=100;
set optimizer_switch=default;
select @@optimizer_switch like '%materialization=on%';
@@optimizer_switch like '%materialization=on%'
1
#
# BUG#906385: EXPLAIN EXTENDED crashes in TABLE_LIST::print with limited max_join_size
#
CREATE TABLE t1 ( a INT );
CREATE TABLE t2 ( b INT );
INSERT INTO t1 VALUES (1),(2);
INSERT INTO t2 VALUES
(1),(2),(3),(4),(5),
(6),(7),(8),(9),(10),
(11),(12),(13),(14),(15),
(16),(17),(18),(19),(20);
set @tmp_906385=@@max_join_size;
SET max_join_size = 80;
EXPLAIN EXTENDED
SELECT COUNT(*) FROM t1
WHERE a IN
( SELECT b FROM t2 GROUP BY b )
AND ( 6 ) IN
( SELECT MIN( t2.b ) FROM t2 alias1, t2 );
ERROR 42000: The SELECT would examine more than MAX_JOIN_SIZE rows; check your WHERE and use SET SQL_BIG_SELECTS=1 or SET MAX_JOIN_SIZE=# if the SELECT is okay
DROP TABLE t1, t2;
set max_join_size= @tmp_906385;
# 
# mdev-3995: Wrong result for semijoin with materialization  
# 
set @save_optimizer_switch=@@optimizer_switch;
CREATE TABLE t1 (
cat_id int(10) unsigned NOT NULL,
PRIMARY KEY (cat_id)
) ENGINE=MyISAM;
INSERT INTO t1 VALUES
(709411),(709412),(709413),(709414),(709416),(709417),(709418),(709419),(709421),(709422),
(709424),(709425),(709427),(709428),(709429),(709431),(709432),(709433),(709434),(709435),
(709438),(709439),(709441),(709442),(709443),(709444),(709445),(709446),(709447),(709450),
(709451),(709454),(709455),(709456),(709457),(709459),(709460),(709461),(709462),(709463),
(709464),(709465),(709467),(709469),(709470),(709471),(709472),(709473),(709474),(709475),
(709476),(709477),(709478),(709479),(709480),(709481),(709483),(709484),(709485),(709487),
(709490),(709491),(709492),(709493),(709494),(709495),(709496),(709497),(709498),(709499),
(709500),(709501),(709502),(709503),(709504),(709505),(709506),(709507),(709509),(709510),
(709511),(709512),(709513),(709514),(709515),(709516),(709517),(709518),(709519),(709520),
(709521),(709522),(709523),(709524),(709525),(709526),(709527),(709528),(709529),(709530),
(709531),(709532),(709533),(709534),(709535),(709536),(709537),(709538),(709539),(709540),
(709541),(709542),(709543),(709544),(709545),(709546),(709548),(709549),(709551),(709552),
(709553),(709555),(709556),(709557),(709558),(709559),(709560),(709561),(709562),(709563),
(709564),(709565),(709566),(709567),(709568),(709569),(709570),(709571),(709572),(709573),
(709574),(709575),(709576),(709577),(709578),(709579),(709580),(709581),(709582),(709583),
(709584),(709585),(709586),(709587),(709588),(709590),(709591),(709592),(709593),(709594),
(709595),(709596),(709597),(709598),(709600),(709601),(709602),(709603),(709604),(709605),
(709606),(709608),(709609),(709610),(709611),(709612),(709613),(709614),(709615),(709616),
(709617),(709618),(709619),(709620),(709621),(709622),(709623),(709624),(709625),(709626),
(709627),(709628),(709629),(709630),(709631),(709632),(709633),(709634),(709635),(709637),
(709638),(709639),(709640),(709641),(709642),(709643),(709644),(709645),(709646),(709649),
(709650),(709651),(709652),(709653),(709654),(709655),(709656),(709657),(709658),(709659);
CREATE TABLE t2 (
cat_id int(10) NOT NULL,
KEY cat_id (cat_id)
) ENGINE=MyISAM;
INSERT INTO t2 VALUES
(708742),(708755),(708759),(708761),(708766),(708769),(708796),(708798),(708824),(708825),
(708838),(708844),(708861),(708882),(708887),(708889),(708890),(709586),(709626);
CREATE TABLE t3 (
sack_id int(10) unsigned NOT NULL,
kit_id tinyint(3) unsigned NOT NULL DEFAULT '0',
cat_id int(10) unsigned NOT NULL,
PRIMARY KEY (sack_id,kit_id,cat_id)
) ENGINE=MyISAM;
INSERT INTO t3 VALUES
(33479,6,708523),(33479,6,708632),(33479,6,709085),(33479,6,709586),(33479,6,709626);
CREATE TABLE t4 (
cat_id int(10) unsigned NOT NULL,
KEY cat_id (cat_id)
) ENGINE=MyISAM;
INSERT INTO t4 (cat_id) SELECT cat_id from t2;
set optimizer_switch='materialization=off';
EXPLAIN
SELECT count(*) FROM t1, t3 
WHERE  t1.cat_id = t3.cat_id AND 
t3.cat_id IN (SELECT cat_id FROM t2) AND 
t3.sack_id = 33479 AND t3.kit_id = 6;
id	select_type	table	type	possible_keys	key	key_len	ref	rows	Extra
1	PRIMARY	t3	ref	PRIMARY	PRIMARY	5	const,const	5	Using index
1	PRIMARY	t2	ref	cat_id	cat_id	4	test.t3.cat_id	2	Using where; Using index; FirstMatch(t3)
1	PRIMARY	t1	eq_ref	PRIMARY	PRIMARY	4	test.t2.cat_id	1	Using where; Using index
SELECT count(*) FROM t1, t3 
WHERE  t1.cat_id = t3.cat_id AND 
t3.cat_id IN (SELECT cat_id FROM t2) AND 
t3.sack_id = 33479 AND t3.kit_id = 6;
count(*)
2
set optimizer_switch='materialization=on';
EXPLAIN
SELECT count(*) FROM t1, t3 
WHERE  t1.cat_id = t3.cat_id AND 
t3.cat_id IN (SELECT cat_id FROM t4) AND 
t3.sack_id = 33479 AND t3.kit_id = 6;
id	select_type	table	type	possible_keys	key	key_len	ref	rows	Extra
1	PRIMARY	t3	ref	PRIMARY	PRIMARY	5	const,const	5	Using index
1	PRIMARY	<subquery2>	eq_ref	distinct_key	distinct_key	4	func	1	
1	PRIMARY	t1	eq_ref	PRIMARY	PRIMARY	4	test.t3.cat_id	1	Using index
2	MATERIALIZED	t4	index	cat_id	cat_id	4	NULL	19	Using index
SELECT count(*) FROM t1, t3 
WHERE  t1.cat_id = t3.cat_id AND 
t3.cat_id IN (SELECT cat_id FROM t4) AND 
t3.sack_id = 33479 AND t3.kit_id = 6;
count(*)
2
EXPLAIN
SELECT count(*) FROM t1, t3 
WHERE  t1.cat_id = t3.cat_id AND 
t3.cat_id IN (SELECT cat_id FROM t2) AND 
t3.sack_id = 33479 AND t3.kit_id = 6;
id	select_type	table	type	possible_keys	key	key_len	ref	rows	Extra
1	PRIMARY	t3	ref	PRIMARY	PRIMARY	5	const,const	5	Using index
1	PRIMARY	<subquery2>	eq_ref	distinct_key	distinct_key	4	func	1	Using where
1	PRIMARY	t1	eq_ref	PRIMARY	PRIMARY	4	test.t3.cat_id	1	Using index
2	MATERIALIZED	t2	index	cat_id	cat_id	4	NULL	19	Using index
SELECT count(*) FROM t1, t3 
WHERE  t1.cat_id = t3.cat_id AND 
t3.cat_id IN (SELECT cat_id FROM t2) AND 
t3.sack_id = 33479 AND t3.kit_id = 6;
count(*)
2
DROP TABLE t1,t2,t3,t4;
set optimizer_switch=@save_optimizer_switch;
#
# mdev-3913: LEFT JOIN with materialized multi-table IN subquery in WHERE
#
set @save_optimizer_switch=@@optimizer_switch;
CREATE TABLE t1 (a1 char(1), b1 char(1), index idx(b1,a1));
INSERT INTO t1 VALUES ('f','c'),('d','m'),('g','y');
INSERT INTO t1 VALUES ('f','c'),('d','m'),('g','y');
CREATE TABLE t2 (a2 char(1), b2 char(1));
INSERT INTO t2 VALUES ('y','y'),('y','y'),('w','w');
CREATE TABLE t3 (a3 int);
INSERT INTO t3 VALUES (8),(6);
CREATE TABLE t4 (a4 char(1), b4 char(1));
INSERT INTO t4 VALUES ('y','y'),('y','y'),('w','w');
set optimizer_switch='materialization=off';
EXPLAIN EXTENDED
SELECT * FROM t1 LEFT JOIN t2 ON ( b1 = a2 ) 
WHERE ( b1, b1 )  IN ( SELECT a4, b4 FROM t3, t4);
id	select_type	table	type	possible_keys	key	key_len	ref	rows	filtered	Extra
1	PRIMARY	t3	ALL	NULL	NULL	NULL	NULL	2	100.00	Start temporary
1	PRIMARY	t4	ALL	NULL	NULL	NULL	NULL	3	100.00	Using where; Using join buffer (flat, BNL join)
1	PRIMARY	t1	ref	idx	idx	2	test.t4.a4	1	100.00	Using index; End temporary
1	PRIMARY	t2	ALL	NULL	NULL	NULL	NULL	3	100.00	Using where; Using join buffer (flat, BNL join)
Warnings:
Note	1003	select `test`.`t1`.`a1` AS `a1`,`test`.`t1`.`b1` AS `b1`,`test`.`t2`.`a2` AS `a2`,`test`.`t2`.`b2` AS `b2` from `test`.`t1` semi join (`test`.`t3` join `test`.`t4`) left join `test`.`t2` on(`test`.`t2`.`a2` = `test`.`t4`.`a4`) where `test`.`t4`.`b4` = `test`.`t4`.`a4` and `test`.`t1`.`b1` = `test`.`t4`.`a4`
SELECT * FROM t1 LEFT JOIN t2 ON ( b1 = a2 ) 
WHERE ( b1, b1 )  IN ( SELECT a4, b4 FROM t3, t4);
a1	b1	a2	b2
g	y	y	y
g	y	y	y
g	y	y	y
g	y	y	y
set optimizer_switch='materialization=on';
EXPLAIN EXTENDED
SELECT * FROM t1 LEFT JOIN t2 ON ( b1 = a2 ) 
WHERE ( b1, b1 )  IN ( SELECT a4, b4 FROM t3, t4);
id	select_type	table	type	possible_keys	key	key_len	ref	rows	filtered	Extra
1	PRIMARY	<subquery2>	ALL	distinct_key	NULL	NULL	NULL	3	100.00	
1	PRIMARY	t1	ref	idx	idx	2	test.t4.a4	1	100.00	Using index
1	PRIMARY	t2	ALL	NULL	NULL	NULL	NULL	3	100.00	Using where; Using join buffer (flat, BNL join)
2	MATERIALIZED	t3	ALL	NULL	NULL	NULL	NULL	2	100.00	
2	MATERIALIZED	t4	ALL	NULL	NULL	NULL	NULL	3	100.00	Using where; Using join buffer (flat, BNL join)
Warnings:
Note	1003	select `test`.`t1`.`a1` AS `a1`,`test`.`t1`.`b1` AS `b1`,`test`.`t2`.`a2` AS `a2`,`test`.`t2`.`b2` AS `b2` from `test`.`t1` semi join (`test`.`t3` join `test`.`t4`) left join `test`.`t2` on(`test`.`t1`.`b1` = `test`.`t4`.`a4` and `test`.`t2`.`a2` = `test`.`t4`.`a4`) where `test`.`t4`.`b4` = `test`.`t4`.`a4` and `test`.`t1`.`b1` = `test`.`t4`.`a4`
SELECT * FROM t1 LEFT JOIN t2 ON ( b1 = a2 ) 
WHERE ( b1, b1 )  IN ( SELECT a4, b4 FROM t3, t4);
a1	b1	a2	b2
g	y	y	y
g	y	y	y
g	y	y	y
g	y	y	y
DROP TABLE t1,t2,t3,t4;
set optimizer_switch=@save_optimizer_switch;
#
# mdev-4172: LEFT JOIN with materialized multi-table IN subquery in WHERE
#            and OR in ON condition
#
set @save_optimizer_switch=@@optimizer_switch;
CREATE TABLE t1 (a1 int, c1 varchar(1));
INSERT t1 VALUES (7,'v'), (3,'y');
CREATE TABLE t2 (c2 varchar(1));
INSERT INTO t2 VALUES ('y'), ('y');
CREATE TABLE t3 (c3 varchar(1));
INSERT INTO t3 VALUES
('j'), ('v'), ('c'), ('m'), ('d'),
('d'), ('y'), ('t'), ('d'), ('s');
CREATE TABLE t4 (a4 int, c4 varchar(1));
INSERT INTO t4 SELECT * FROM t1;
set optimizer_switch='materialization=off';
EXPLAIN EXTENDED
SELECT * FROM t1 LEFT JOIN t2 ON (c2 = c1 OR c1 > 'z')
WHERE c1 IN ( SELECT c4 FROM t3,t4 WHERE c3 = c4);
id	select_type	table	type	possible_keys	key	key_len	ref	rows	filtered	Extra
1	PRIMARY	t1	ALL	NULL	NULL	NULL	NULL	2	100.00	
1	PRIMARY	t4	ALL	NULL	NULL	NULL	NULL	2	100.00	Using where; Start temporary; Using join buffer (flat, BNL join)
1	PRIMARY	t3	ALL	NULL	NULL	NULL	NULL	10	100.00	Using where; End temporary; Using join buffer (flat, BNL join)
1	PRIMARY	t2	ALL	NULL	NULL	NULL	NULL	2	100.00	Using where; Using join buffer (flat, BNL join)
Warnings:
Note	1003	select `test`.`t1`.`a1` AS `a1`,`test`.`t1`.`c1` AS `c1`,`test`.`t2`.`c2` AS `c2` from `test`.`t1` semi join (`test`.`t3` join `test`.`t4`) left join `test`.`t2` on(`test`.`t2`.`c2` = `test`.`t1`.`c1` or `test`.`t1`.`c1` > 'z') where `test`.`t4`.`c4` = `test`.`t1`.`c1` and `test`.`t3`.`c3` = `test`.`t1`.`c1`
SELECT * FROM t1 LEFT JOIN t2 ON (c2 = c1 OR c1 > 'z')
WHERE c1 IN ( SELECT c4 FROM t3,t4 WHERE c3 = c4);
a1	c1	c2
3	y	y
3	y	y
7	v	NULL
set optimizer_switch='materialization=on';
EXPLAIN EXTENDED
SELECT * FROM t1 LEFT JOIN t2 ON (c2 = c1 OR c1 > 'z')
WHERE c1 IN ( SELECT c4 FROM t3,t4 WHERE c3 = c4);
id	select_type	table	type	possible_keys	key	key_len	ref	rows	filtered	Extra
1	PRIMARY	t1	ALL	NULL	NULL	NULL	NULL	2	100.00	
1	PRIMARY	<subquery2>	eq_ref	distinct_key	distinct_key	4	func	1	100.00	
1	PRIMARY	t2	ALL	NULL	NULL	NULL	NULL	2	100.00	Using where; Using join buffer (flat, BNL join)
2	MATERIALIZED	t4	ALL	NULL	NULL	NULL	NULL	2	100.00	
2	MATERIALIZED	t3	ALL	NULL	NULL	NULL	NULL	10	100.00	Using where; Using join buffer (flat, BNL join)
Warnings:
Note	1003	select `test`.`t1`.`a1` AS `a1`,`test`.`t1`.`c1` AS `c1`,`test`.`t2`.`c2` AS `c2` from `test`.`t1` semi join (`test`.`t3` join `test`.`t4`) left join `test`.`t2` on(`test`.`t2`.`c2` = `test`.`t1`.`c1` or `test`.`t1`.`c1` > 'z') where `test`.`t3`.`c3` = `test`.`t4`.`c4`
SELECT * FROM t1 LEFT JOIN t2 ON (c2 = c1 OR c1 > 'z')
WHERE c1 IN ( SELECT c4 FROM t3,t4 WHERE c3 = c4);
a1	c1	c2
3	y	y
3	y	y
7	v	NULL
DROP TABLE t1,t2,t3,t4;
set optimizer_switch=@save_optimizer_switch;
#
# mdev-4177: materialization of a subquery whose WHERE condition is OR
# formula with two disjucts such that the second one is always false
#
set @save_optimizer_switch=@@optimizer_switch;
set @save_join_cache_level=@@join_cache_level;
CREATE TABLE t1 (i1 int) ENGINE=MyISAM;
INSERT INTO t1 VALUES (1), (7), (4), (8), (4);
CREATE TABLE t2 (i2 int) ENGINE=MyISAM;
INSERT INTO t2 VALUES (7), (5);
CREATE TABLE t3 (i3 int) ENGINE=MyISAM;
INSERT INTO t3 VALUES (7), (2), (9);
set join_cache_level=3;
set optimizer_switch='materialization=off,semijoin=off';
EXPLAIN EXTENDED 
SELECT * FROM t1 WHERE i1 IN (SELECT i3 FROM t2, t3 WHERE i3 = i2 OR 1=2);
id	select_type	table	type	possible_keys	key	key_len	ref	rows	filtered	Extra
1	PRIMARY	t1	ALL	NULL	NULL	NULL	NULL	5	100.00	Using where
2	DEPENDENT SUBQUERY	t2	ALL	NULL	NULL	NULL	NULL	2	100.00	
2	DEPENDENT SUBQUERY	t3	hash_ALL	NULL	#hash#$hj	5	func	3	100.00	Using where; Using join buffer (flat, BNLH join)
Warnings:
Note	1003	/* select#1 */ select `test`.`t1`.`i1` AS `i1` from `test`.`t1` where <expr_cache><`test`.`t1`.`i1`>(<in_optimizer>(`test`.`t1`.`i1`,<exists>(/* select#2 */ select `test`.`t3`.`i3` from `test`.`t2` join `test`.`t3` where `test`.`t3`.`i3` = `test`.`t2`.`i2` and <cache>(`test`.`t1`.`i1`) = `test`.`t3`.`i3`)))
SELECT * FROM t1 WHERE i1 IN (SELECT i3 FROM t2, t3 WHERE i3 = i2 OR 1=2);
i1
7
set optimizer_switch='materialization=on,semijoin=on';
EXPLAIN EXTENDED 
SELECT * FROM t1 WHERE i1 IN (SELECT i3 FROM t2, t3 WHERE i3 = i2 OR 1=2);
id	select_type	table	type	possible_keys	key	key_len	ref	rows	filtered	Extra
1	PRIMARY	t1	ALL	NULL	NULL	NULL	NULL	5	100.00	
1	PRIMARY	<subquery2>	eq_ref	distinct_key	distinct_key	4	func	1	100.00	
2	MATERIALIZED	t2	ALL	NULL	NULL	NULL	NULL	2	100.00	Using where
2	MATERIALIZED	t3	hash_ALL	NULL	#hash#$hj	5	test.t2.i2	3	100.00	Using where; Using join buffer (flat, BNLH join)
Warnings:
Note	1003	select `test`.`t1`.`i1` AS `i1` from `test`.`t1` semi join (`test`.`t2` join `test`.`t3`) where `test`.`t3`.`i3` = `test`.`t2`.`i2`
SELECT * FROM t1 WHERE i1 IN (SELECT i3 FROM t2, t3 WHERE i3 = i2 OR 1=2);
i1
7
EXPLAIN EXTENDED 
SELECT * FROM t1 
WHERE i1 IN (SELECT i3 FROM t2, t3 WHERE i3 > 0 AND i3 = i2 OR 1=2);
id	select_type	table	type	possible_keys	key	key_len	ref	rows	filtered	Extra
1	PRIMARY	t1	ALL	NULL	NULL	NULL	NULL	5	100.00	
1	PRIMARY	<subquery2>	eq_ref	distinct_key	distinct_key	4	func	1	100.00	
2	MATERIALIZED	t2	ALL	NULL	NULL	NULL	NULL	2	100.00	Using where
2	MATERIALIZED	t3	hash_ALL	NULL	#hash#$hj	5	test.t2.i2	3	100.00	Using where; Using join buffer (flat, BNLH join)
Warnings:
Note	1003	select `test`.`t1`.`i1` AS `i1` from `test`.`t1` semi join (`test`.`t2` join `test`.`t3`) where `test`.`t3`.`i3` = `test`.`t2`.`i2` and `test`.`t3`.`i3` > 0
SELECT * FROM t1 
WHERE i1 IN (SELECT i3 FROM t2, t3 WHERE i3 > 0 AND i3 = i2 OR 1=2);
i1
7
SELECT * FROM t1 
WHERE i1 IN (SELECT i3 FROM t2, t3 WHERE i3 > 7 AND i3 = i2 OR 1=2);
i1
DROP TABLE t1,t2,t3;
set join_cache_level= @save_join_cache_level;
set optimizer_switch=@save_optimizer_switch;
#
# mdev-7791: materialization of a semi-join subquery +
#            RAND() in WHERE
#            (materialized table is accessed last)
#
set @save_optimizer_switch=@@optimizer_switch;
set optimizer_switch='materialization=on';
create table t1(i int);
insert into t1 values (1), (2), (3), (7), (9), (10);
create table t2(i int);
insert into t2 values (1), (2), (3), (4), (5), (6), (7), (8), (9), (10);
select * from t1 where (rand() < 0) and i in (select i from t2);
i
explain extended
select * from t1 where (rand() < 0) and i in (select i from t2);
id	select_type	table	type	possible_keys	key	key_len	ref	rows	filtered	Extra
1	PRIMARY	t1	ALL	NULL	NULL	NULL	NULL	6	100.00	Using where
1	PRIMARY	<subquery2>	eq_ref	distinct_key	distinct_key	4	func	1	100.00	
2	MATERIALIZED	t2	ALL	NULL	NULL	NULL	NULL	10	100.00	
Warnings:
Note	1003	select `test`.`t1`.`i` AS `i` from `test`.`t1` semi join (`test`.`t2`) where rand() < 0
drop table t1,t2;
set optimizer_switch=@save_optimizer_switch;
#
# mdev-12855: materialization of a semi-join subquery + ORDER BY 
#
CREATE TABLE t1 (f1 varchar(8), KEY(f1)) ENGINE=InnoDB;
INSERT INTO t1 VALUES ('qux'),('foo');
CREATE TABLE t2 (f2 varchar(8)) ENGINE=InnoDB;
INSERT INTO t2 VALUES ('bar'),('foo'),('qux');
SELECT f1 FROM t1 
WHERE f1 IN ( SELECT f2 FROM t2 WHERE f2 > 'bar' )
HAVING f1 != 'foo'
ORDER BY f1;
f1
qux
explain SELECT f1 FROM t1 
WHERE f1 IN ( SELECT f2 FROM t2 WHERE f2 > 'bar' )
HAVING f1 != 'foo'
ORDER BY f1;
id	select_type	table	type	possible_keys	key	key_len	ref	rows	Extra
1	PRIMARY	t1	index	f1	f1	11	NULL	2	Using where; Using index
1	PRIMARY	<subquery2>	eq_ref	distinct_key	distinct_key	11	func	1	
2	MATERIALIZED	t2	ALL	NULL	NULL	NULL	NULL	3	Using where
DROP TABLE t1,t2;
#
# MDEV-16225: wrong resultset from query with semijoin=on
#
CREATE TABLE t1 (
`id` int(10)  NOT NULL AUTO_INCREMENT,
`local_name` varchar(64) NOT NULL,
PRIMARY KEY (`id`)
) ENGINE=InnoDB AUTO_INCREMENT=14 DEFAULT CHARSET=latin1;
insert  into t1(`id`,`local_name`) values
(1,'Cash Advance'),
(2,'Cash Advance'),
(3,'Rollover'),
(4,'AL Installment'),
(5,'AL Installment'),
(6,'AL Installment'),
(7,'AL Installment'),
(8,'AL Installment'),
(9,'AL Installment'),
(10,'Internet Payday'),
(11,'Rollover - Internet Payday'),
(12,'AL Monthly Installment'),
(13,'AL Semi-Monthly Installment');
ANALYZE TABLE t1;
Table	Op	Msg_type	Msg_text
test.t1	analyze	status	Engine-independent statistics collected
test.t1	analyze	status	OK
explain
SELECT SQL_NO_CACHE t.id
FROM t1 t
WHERE (
t.id IN (SELECT A.id FROM t1 AS A WHERE A.local_name IN (SELECT B.local_name FROM t1 AS B WHERE B.id IN (0,4,12,13,1,10,3,11)))
OR
(t.id IN (0,4,12,13,1,10,3,11))
);
id	select_type	table	type	possible_keys	key	key_len	ref	rows	Extra
1	PRIMARY	t	index	PRIMARY	PRIMARY	4	NULL	13	Using where; Using index
2	MATERIALIZED	A	ALL	PRIMARY	NULL	NULL	NULL	13	
2	MATERIALIZED	<subquery3>	eq_ref	distinct_key	distinct_key	67	func	1	
3	MATERIALIZED	B	range	PRIMARY	PRIMARY	4	NULL	8	Using where
SELECT SQL_NO_CACHE t.id
FROM t1 t
WHERE (
t.id IN (SELECT A.id FROM t1 AS A WHERE A.local_name IN (SELECT B.local_name FROM t1 AS B WHERE B.id IN (0,4,12,13,1,10,3,11)))
OR
(t.id IN (0,4,12,13,1,10,3,11))
);
id
1
2
3
4
5
6
7
8
9
10
11
12
13
drop table t1;
#
# MDEV-15982: Incorrect results when subquery is materialized
#
CREATE TABLE `t1` (`id` int(32)  NOT NULL  primary key);
INSERT INTO `t1` VALUES
(45), (46), (47), (48), (49), (50), (51), (52), (53), (54), (55), (56), (57), (58), (59), (60), (61), (62),
(63), (64), (65), (66), (67), (68), (69), (70), (71), (72), (73), (74), (75), (76), (77), (78), (79), (80),
(81), (82), (83), (84), (85), (86), (87), (88), (89), (90), (91), (92),(93),(94),(95),(96), (97), (98),
(99), (100), (101), (102), (103), (104), (105), (106), (107), (108), (109), (110), (111), (112), (113),
(114), (115), (116), (117), (118), (119), (120), (121), (122), (123), (124), (125), (126), (127), (128),
(129), (130), (131), (132), (133), (134), (135), (136), (137), (138), (139), (140), (141), (142), (143), (144), (145), (146),
(147), (148), (149), (150), (151), (152), (153), (154), (155), (156), (157), (158), (159), (160), (161),
(162), (163), (164), (165), (166), (167), (168), (169), (170), (171), (172), (173),
(174), (175), (176), (177), (178), (179), (180), (181), (182), (183), (2), (3), (4), (5), (6), (19), (35),
(7), (20), (8), (36), (219), (22), (10), (23), (37), (11), (24);
CREATE TABLE `t2` (`type` int , `id` int(32) NOT NULL  primary key);
INSERT INTO `t2` VALUES
(2,2),(2,3),(1,4),(2,5),(1,6),(1,19),(5,7),(1,20),(1,8),(1,21),(1,9),
(1,22),(2,10),(1,23),(2,11),(1,24),(1,12),(1,25),(2,13),(2,26),(2,14),
(2,27),(1,15),(1,28),(3,16),(1,29),(2,17),(1,30),(5,18),(2,1);
CREATE TABLE `t3` (`ref_id`  int(32) unsigned ,`type` varchar(80),`id` int(32) NOT NULL );
INSERT INTO `t3` VALUES
(1,'incident',31),(2,'faux pas',32),
(5,'oopsies',33),(3,'deniable',34),
(11,'wasntme',35),(10,'wasntme',36),
(17,'faux pas',37),(13,'unlikely',38),
(13,'improbable',39),(14,'incident',40),
(26,'problem',41),(14,'problem',42),
(26,'incident',43),(27,'incident',44);
explain
SELECT t2.id FROM t2,t1
WHERE  t2.id IN (SELECT t3.ref_id FROM t3,t1 where t3.id = t1.id) and t2.id = t1.id;
id	select_type	table	type	possible_keys	key	key_len	ref	rows	Extra
1	PRIMARY	t2	index	PRIMARY	PRIMARY	4	NULL	30	Using index
1	PRIMARY	<subquery2>	eq_ref	distinct_key	distinct_key	4	func	1	Using where
1	PRIMARY	t1	eq_ref	PRIMARY	PRIMARY	4	test.t2.id	1	Using index
2	MATERIALIZED	t3	ALL	NULL	NULL	NULL	NULL	14	
2	MATERIALIZED	t1	eq_ref	PRIMARY	PRIMARY	4	test.t3.id	1	Using index
SELECT t2.id FROM t2,t1
WHERE  t2.id IN (SELECT t3.ref_id FROM t3,t1 where t3.id = t1.id) and t2.id = t1.id;
id
10
11
set optimizer_switch='materialization=off';
SELECT t2.id FROM t2,t1
WHERE  t2.id IN (SELECT t3.ref_id FROM t3,t1 where t3.id = t1.id) and t2.id = t1.id;
id
11
10
set optimizer_switch='materialization=on';
DROP TABLE t1,t2,t3;
#
# MDEV-15247: Crash when SET NAMES 'utf8' is set
#
CREATE TABLE t1 (
id_category int unsigned,
id_product int unsigned,
PRIMARY KEY (id_category,id_product)
) ENGINE=MyISAM;
INSERT INTO `t1` VALUES (31,216), (31,215), (31,214), (31,213), (31,212), (32,211), (32,210), (32,209), (32,208), (29,207), (30,315372), (2,161), (2,132), (33,315380), (31,315371), (29,315370), (29,315373), (29,315369), (29,315374), (29,315368), (29,315375), (29,315367), (29,183), (29,182), (30,177), (29,315376), (13,315365), (2,167), (2,315357), (2,164), (2,159), (2,131), (2,127), (14,315364), (27,315363), (29,205), (29,204), (29,203), (29,202), (29,201), (29,200), (29,199), (29,198), (29,197), (29,196), (29,195), (29,194), (29,193), (29,192), (29,191), (29,190), (29,189), (14,188), (29,187), (29,186), (29,185), (29,184), (29,315377), (29,315378), (29,181), (33,315379), (29,179), (30,178), (29,180), (30,176), (30,175), (30,174), (30,173), (30,172), (11,171), (27,315357), (23,108), (23,102);
CREATE TABLE t2 (
id_product int,
id_t2 int,
KEY id_t2 (id_t2),
KEY id_product (id_product)
) ENGINE=MyISAM;
INSERT INTO `t2` VALUES (11,31), (11,31), (11,31), (11,32), (11,32),
(11,32), (10,26), (11,32), (10,28), (11,32), (10,29), (11,33), (10,26),
(11,33), (10,27), (9,23), (11,32), (10,26), (8,18), (7,15), (11,32),
(10,28), (11,32), (10,28), (11,32), (10,29), (11,32), (10,29), (8,19),
(7,16), (8,18), (7,16), (8,20), (7,16), (11,32), (10,28), (8,19),
(7,16), (8,20), (7,16), (11,32), (10,29), (8,19), (7,16), (8,20),
(7,16), (10,27), (9,23), (10,27), (9,23), (10,27), (9,23), (11,32),
(10,27), (11,32), (10,27), (8,18), (7,15), (10,26), (9,24), (8,19),
(7,16), (10,26), (9,23), (8,19), (7,16), (8,18), (7,16), (8,18), (7,16),
(9,23), (8,18), (9,23), (8,19), (7,16), (7,16), (8,19), (7,16), (11,31),
(10,27), (9,24), (11,31), (10,27), (9,23), (8,19), (11,31), (10,26), (9,24),
(8,19), (11,31), (10,26), (9,25), (8,18), (11,31), (10,26), (9,23), (8,19),
(11,31), (10,26), (9,23), (8,18), (11,31), (10,30), (9,23), (8,18), (11,31),
(10,30), (9,23), (8,19), (11,31), (10,26), (9,25), (8,19), (8,21), (11,32),
(10,26), (9,22), (8,19), (11,32), (10,26), (9,22), (8,18), (11,32), (10,26),
(9,22), (8,20), (11,33), (10,26), (9,22), (8,19), (11,33), (10,26), (9,22),
(8,18), (11,33), (10,26), (9,22), (8,20), (11,32), (10,26), (9,24), (8,19),
(11,32), (10,26), (9,25), (8,19), (11,32), (10,26), (9,25), (8,18), (11,32),
(10,26), (9,23), (8,18), (11,32), (10,30), (9,23), (8,18), (11,32), (10,30),
(9,23), (8,19), (11,32), (10,26), (9,23), (8,19), (11,32), (10,27), (9,23),
(11,32), (10,27), (9,23), (11,32), (10,27), (9,23), (10,26), (9,22), (8,19),
(7,15), (10,26), (9,22), (8,20), (7,15), (10,26), (9,22), (8,18), (7,15),
(8,19), (10,26), (10,26), (11,33), (10,26), (11,33), (10,26), (11,33),
(10,27), (11,33), (10,27), (11,31), (10,26), (11,31), (10,26), (8,18),
(7,15), (9,23), (9,23), (9,24), (8,21), (7,15), (7,15), (7,15), (7,15),
(7,15), (7,15), (7,15), (7,15), (7,15), (8,18), (7,17), (8,18), (7,17), (8,19), (8,19);
CREATE TABLE t3 (
id_product int unsigned,
PRIMARY KEY (id_product)
) ENGINE=MyISAM;
INSERT INTO t3 VALUES 
(102),(103),(104),(105),(106),(107),(108),(109),(110),
(315371),(315373),(315374),(315375),(315376),(315377),
(315378),(315379),(315380);
CREATE TABLE t4 (
id_product int  not null,
id_shop int,
PRIMARY KEY (id_product,id_shop)
) ENGINE=MyISAM ;
INSERT INTO t4 VALUES 
(202,1),(201,1),(200,1),(199,1),(198,1),(197,1),(196,1),(195,1),
(194,1),(193,1),(192,1),(191,1),(190,1),(189,1),(188,1),(187,1),
(186,1),(185,1),(184,1),(183,1),(182,1),(181,1),(179,1),(178,1),
(177,1),(176,1),(126,1),(315380,1);
CREATE TABLE t5 (id_product int) ENGINE=MyISAM;
INSERT INTO `t5` VALUES 
(652),(668),(669),(670),(671),(673),(674),(675),(676),
(677),(679),(680),(681),(682),(683),(684),(685),(686);
ANALYZE TABLE t1,t2,t3,t,t5;
Table	Op	Msg_type	Msg_text
test.t1	analyze	status	Engine-independent statistics collected
test.t1	analyze	status	OK
test.t2	analyze	status	Engine-independent statistics collected
test.t2	analyze	status	Table is already up to date
test.t3	analyze	status	Engine-independent statistics collected
test.t3	analyze	status	OK
test.t	analyze	Error	Table 'test.t' doesn't exist
test.t	analyze	status	Operation failed
test.t5	analyze	status	Engine-independent statistics collected
test.t5	analyze	status	OK
set optimizer_switch='rowid_filter=off';
explain
SELECT * FROM t3 
JOIN t4 ON (t4.id_product = t3.id_product AND t4.id_shop = 1)
JOIN t1 ON (t1.id_product = t3.id_product)
LEFT JOIN t5 ON (t5.id_product = t3.id_product)
WHERE 1=1
AND t3.id_product IN (SELECT id_product FROM t2 t2_1 WHERE t2_1.id_t2 = 32) 
AND t3.id_product IN (SELECT id_product FROM t2 t2_2 WHERE t2_2.id_t2 = 15)  
AND t3.id_product IN (SELECT id_product FROM t2 t2_3 WHERE t2_3.id_t2 = 18 OR t2_3.id_t2 = 19)
AND t3.id_product IN (SELECT id_product FROM t2 t2_4 WHERE t2_4.id_t2 = 34 OR t2_4.id_t2 = 23) 
AND t3.id_product IN (SELECT id_product FROM t2 t2_5 WHERE t2_5.id_t2 = 29 OR t2_5.id_t2 = 28 OR t2_5.id_t2 = 26);
id	select_type	table	type	possible_keys	key	key_len	ref	rows	Extra
1	PRIMARY	<subquery3>	ALL	distinct_key	NULL	NULL	NULL	12	
1	PRIMARY	t3	eq_ref	PRIMARY	PRIMARY	4	test.t2_2.id_product	1	Using where; Using index
1	PRIMARY	<subquery5>	eq_ref	distinct_key	distinct_key	4	func	1	Using where
1	PRIMARY	t5	ALL	NULL	NULL	NULL	NULL	18	Using where; Using join buffer (flat, BNL join)
1	PRIMARY	<subquery6>	eq_ref	distinct_key	distinct_key	4	func	1	Using where
1	PRIMARY	t4	eq_ref	PRIMARY	PRIMARY	8	test.t3.id_product,const	1	Using where; Using index
1	PRIMARY	<subquery2>	eq_ref	distinct_key	distinct_key	4	func	1	Using where
1	PRIMARY	<subquery4>	eq_ref	distinct_key	distinct_key	4	func	1	Using where
1	PRIMARY	t1	index	NULL	PRIMARY	8	NULL	73	Using where; Using index; Using join buffer (flat, BNL join)
3	MATERIALIZED	t2_2	ref	id_t2,id_product	id_t2	5	const	12	Using where
5	MATERIALIZED	t2_4	range	id_t2,id_product	id_t2	5	NULL	18	Using index condition; Using where
6	MATERIALIZED	t2_5	range	id_t2,id_product	id_t2	5	NULL	31	Using index condition; Using where
2	MATERIALIZED	t2_1	ref	id_t2,id_product	id_t2	5	const	51	
4	MATERIALIZED	t2_3	range	id_t2,id_product	id_t2	5	NULL	33	Using index condition; Using where
set optimizer_switch='rowid_filter=default';
drop table t1,t2,t3,t4,t5;
set global innodb_stats_persistent= @innodb_stats_persistent_save;
set global innodb_stats_persistent_sample_pages=
@innodb_stats_persistent_sample_pages_save;
