select from_unixtime(0);
from_unixtime(0)
NULL
Warnings:
Warning	1292	Truncated incorrect unixtime value: '0.0'
select from_unixtime(0.000001);
from_unixtime(0.000001)
1969-12-31 14:00:00.000001
select from_unixtime(1);
from_unixtime(1)
1969-12-31 14:00:01
select unix_timestamp('1969-12-31 14:00:00');
unix_timestamp('1969-12-31 14:00:00')
NULL
select unix_timestamp('1969-12-31 14:00:00.000001');
unix_timestamp('1969-12-31 14:00:00.000001')
0.000001
select unix_timestamp('1969-12-31 14:00:01');
unix_timestamp('1969-12-31 14:00:01')
1
