#
# Start of 10.5 tests
#
#
# MDEV-34295 CAST(char_col AS DOUBLE) prints redundant spaces in a warning
#
CREATE TABLE t1 (a CHAR(5) CHARACTER SET utf8mb4 COLLATE utf8mb4_general_ci);
INSERT INTO t1 VALUES ('1x'), ('x');
SELECT a, CAST(a AS DOUBLE) FROM t1 ORDER BY a;
a	CAST(a AS DOUBLE)
1x	1
x	0
Warnings:
Warning	1292	Truncated incorrect DOUBLE value: '1x'
Warning	1292	Truncated incorrect DOUBLE value: 'x'
SELECT a, CAST(a AS DECIMAL(20,2)) FROM t1 ORDER BY a;
a	CAST(a AS DECIMAL(20,2))
1x	1.00
x	0.00
Warnings:
Warning	1292	Truncated incorrect DECIMAL value: '1x'
Warning	1292	Truncated incorrect DECIMAL value: 'x'
SELECT a, CAST(a AS SIGNED) FROM t1 ORDER BY a;
a	CAST(a AS SIGNED)
1x	1
x	0
Warnings:
Warning	1292	Truncated incorrect INTEGER value: '1x'
Warning	1292	Truncated incorrect INTEGER value: 'x'
SELECT a, CAST(a AS UNSIGNED) FROM t1 ORDER BY a;
a	CAST(a AS UNSIGNED)
1x	1
x	0
Warnings:
Warning	1292	Truncated incorrect INTEGER value: '1x'
Warning	1292	Truncated incorrect INTEGER value: 'x'
DROP TABLE t1;
#
# End of 10.5 tests
#
