#
# Start of 10.5 tests
#
#
# MDEV-20175 Move Type_handler_row from Type_collection_std to Type_collection_row
#
SELECT LEAST(ROW(1,1), ROW(1,1));
ERROR HY000: Illegal parameter data types row and row for operation 'least'
SELECT GREATEST(ROW(1,1), ROW(1,1));
ERROR HY000: Illegal parameter data types row and row for operation 'greatest'
SELECT LEAST(ROW(1,1), 1);
ERROR HY000: Illegal parameter data types row and int for operation 'least'
SELECT GREATEST(ROW(1,1), 1);
ERROR HY000: Illegal parameter data types row and int for operation 'greatest'
SELECT LEAST(1, ROW(1,1));
ERROR HY000: Illegal parameter data types int and row for operation 'least'
SELECT GREATEST(1, ROW(1,1));
ERROR HY000: Illegal parameter data types int and row for operation 'greatest'
SELECT ROW(1,1) + ROW(1,1);
ERROR HY000: Illegal parameter data types row and row for operation '+'
SELECT 1 + ROW(1,1);
ERROR HY000: Illegal parameter data types int and row for operation '+'
SELECT ROW(1,1) + 1;
ERROR HY000: Illegal parameter data types row and int for operation '+'
SELECT ROW(1,1) - ROW(1,1);
ERROR HY000: Illegal parameter data types row and row for operation '-'
SELECT 1 - ROW(1,1);
ERROR HY000: Illegal parameter data types int and row for operation '-'
SELECT ROW(1,1) - 1;
ERROR HY000: Illegal parameter data types row and int for operation '-'
SELECT ROW(1,1) * ROW(1,1);
ERROR HY000: Illegal parameter data types row and row for operation '*'
SELECT 1 * ROW(1,1);
ERROR HY000: Illegal parameter data types int and row for operation '*'
SELECT ROW(1,1) * 1;
ERROR HY000: Illegal parameter data types row and int for operation '*'
SELECT ROW(1,1) / ROW(1,1);
ERROR HY000: Illegal parameter data types row and row for operation '/'
SELECT 1 / ROW(1,1);
ERROR HY000: Illegal parameter data types int and row for operation '/'
SELECT ROW(1,1) / 1;
ERROR HY000: Illegal parameter data types row and int for operation '/'
SELECT ROW(1,1) % ROW(1,1);
ERROR HY000: Illegal parameter data types row and row for operation 'MOD'
SELECT 1 % ROW(1,1);
ERROR HY000: Illegal parameter data types int and row for operation 'MOD'
SELECT ROW(1,1) % 1;
ERROR HY000: Illegal parameter data types row and int for operation 'MOD'
#
# End of 10.5 tests
#
#
# Start of 10.7 tests
#
#
# MDEV-29356 Assertion `0' failed in Type_handler_row::Item_save_in_field on INSERT
#
SET sql_mode='';
CREATE TABLE t1 (c1 INT,c2 INT);
CREATE TRIGGER t BEFORE INSERT ON t1 FOR EACH ROW SET NEW.c1=(SELECT * FROM t1);
INSERT INTO t1 VALUES (0,0);
ERROR HY000: Cannot cast 'row' as 'int' in assignment of `test`.`t1`.`c1`
DROP TABLE t1;
SET sql_mode=DEFAULT;
SET sql_mode='';
CREATE TABLE t1 (c1 INT,c2 INT) ENGINE=MyISAM;
CREATE TRIGGER t BEFORE INSERT ON t1 FOR EACH ROW SET NEW.c1=ROW(1,1);
INSERT INTO t1 VALUES (0,0);
ERROR HY000: Cannot cast 'row' as 'int' in assignment of `test`.`t1`.`c1`
DROP TABLE t1;
SET sql_mode=DEFAULT;
#
# End of 10.7 tests
#
#
# Start of 11.8 tests
#
#
# MDEV-35913 Assertion `m_comparator.cmp_type() != ROW_RESULT'
#
CREATE TABLE t1 (a TEXT UNIQUE);
INSERT INTO t1 VALUES('1');
SELECT 1 FROM t1 WHERE ROW(a, (a,a)) IN ((1, (1,1)),(2, (2,1)));
1
1
DROP TABLE t1;
CREATE TABLE t1 (a INT KEY,b INT,vb DATE AS (b) VIRTUAL,KEY(vb));
SELECT * FROM t1 WHERE b<7 AND (a,b) NOT IN ((1,2),(8,9),(5,1));
a	b	vb
DROP TABLE t1;
# End of 11.8 tests
