#
# Start of 10.4 tests
#
#
# MDEV-17776 CAST(x AS INTERVAL DAY_SECOND(N))
#
CREATE TABLE t1 (a VARCHAR(128));
INSERT INTO t1 VALUES
('00:00:00'),
('+00:00:01'),
('-00:00:01'),
('838:59:59'),
('839:00:00'),
('2018:01:02'),
('87649415:59:59'),
('3652058 23:59:59'),
('87649416:00:00'),
('3652059 00:00:00');
SELECT
EXTRACT(DAY FROM a) AS d,
EXTRACT(HOUR FROM a) AS h,
a,
CAST(a AS INTERVAL DAY_SECOND(6)) AS cast_itds
FROM t1;
d	h	a	cast_itds
0	0	00:00:00	00:00:00.000000
0	0	+00:00:01	00:00:01.000000
0	0	-00:00:01	-00:00:01.000000
34	22	838:59:59	34 22:59:59.000000
34	23	839:00:00	34 23:00:00.000000
84	2	2018:01:02	84 02:01:02.000000
3652058	23	87649415:59:59	3652058 23:59:59.000000
3652058	23	3652058 23:59:59	3652058 23:59:59.000000
NULL	NULL	87649416:00:00	NULL
NULL	NULL	3652059 00:00:00	NULL
Warnings:
Warning	1292	Incorrect interval value: '87649416:00:00'
Warning	1292	Incorrect interval value: '87649416:00:00'
Warning	1292	Incorrect INTERVAL DAY TO SECOND value: '87649416:00:00'
Warning	1292	Incorrect interval value: '3652059 00:00:00'
Warning	1292	Incorrect interval value: '3652059 00:00:00'
Warning	1292	Incorrect INTERVAL DAY TO SECOND value: '3652059 00:00:00'
DROP TABLE t1;
CREATE TABLE t1 (a DECIMAL(32,9));
INSERT INTO t1 VALUES
(0),
(1),
(-1),
(8385959),
(8390000),
(20180102),
(876494155959),
(876494160000);
SELECT
EXTRACT(DAY FROM a) AS d,
EXTRACT(HOUR FROM a) AS h,
a,
CAST(a AS INTERVAL DAY_SECOND(6)) AS cast_itds
FROM t1;
d	h	a	cast_itds
0	0	0.000000000	00:00:00.000000
0	0	1.000000000	00:00:01.000000
0	0	-1.000000000	-00:00:01.000000
34	22	8385959.000000000	34 22:59:59.000000
34	23	8390000.000000000	34 23:00:00.000000
84	2	20180102.000000000	84 02:01:02.000000
3652058	23	876494155959.000000000	3652058 23:59:59.000000
NULL	NULL	876494160000.000000000	NULL
Warnings:
Note	1292	Truncated incorrect INTERVAL DAY TO SECOND value: '0.000000000'
Note	1292	Truncated incorrect INTERVAL DAY TO SECOND value: '1.000000000'
Note	1292	Truncated incorrect INTERVAL DAY TO SECOND value: '-1.000000000'
Note	1292	Truncated incorrect INTERVAL DAY TO SECOND value: '8385959.000000000'
Note	1292	Truncated incorrect INTERVAL DAY TO SECOND value: '8390000.000000000'
Note	1292	Truncated incorrect INTERVAL DAY TO SECOND value: '20180102.000000000'
Note	1292	Truncated incorrect INTERVAL DAY TO SECOND value: '876494155959.000000000'
Warning	1292	Incorrect interval value: '876494160000.000000000' for column `test`.`t1`.`a` at row 8
Warning	1292	Incorrect interval value: '876494160000.000000000' for column `test`.`t1`.`a` at row 8
Warning	1292	Incorrect INTERVAL DAY TO SECOND value: '876494160000.000000000'
DROP TABLE t1;
#
# MDEV-12513: Support for INTERVAL data types in MariaDB
#
CREATE TABLE t2 (a INTERVAL YEAR );
CREATE TABLE t4 (a INTERVAL YEAR TO MONTH );
CREATE TABLE t5 (a INTERVAL DAY(5) );
CREATE TABLE t6 (a INTERVAL HOUR(3) );
CREATE TABLE t7 (a INTERVAL MINUTE(2) );
CREATE TABLE t9 (a INTERVAL DAY TO HOUR );
CREATE TABLE t10 (a INTERVAL DAY TO MINUTE );
CREATE TABLE t11 (a INTERVAL DAY(4) TO SECOND(3) );
CREATE TABLE t12 (a INTERVAL HOUR TO MINUTE );
CREATE TABLE t13 (a INTERVAL HOUR(3) TO SECOND(2) );
CREATE TABLE t14 (a INTERVAL MINUTE TO SECOND(4) );
SHOW CREATE TABLE t2;
Table	Create Table
t2	CREATE TABLE `t2` (
  `a` longtext DEFAULT NULL
) ENGINE=MyISAM DEFAULT CHARSET=utf8mb4 COLLATE=utf8mb4_uca1400_ai_ci
SHOW CREATE TABLE t4;
Table	Create Table
t4	CREATE TABLE `t4` (
  `a` longtext DEFAULT NULL
) ENGINE=MyISAM DEFAULT CHARSET=utf8mb4 COLLATE=utf8mb4_uca1400_ai_ci
SHOW CREATE TABLE t5;
Table	Create Table
t5	CREATE TABLE `t5` (
  `a` longtext DEFAULT NULL
) ENGINE=MyISAM DEFAULT CHARSET=utf8mb4 COLLATE=utf8mb4_uca1400_ai_ci
SHOW CREATE TABLE t6;
Table	Create Table
t6	CREATE TABLE `t6` (
  `a` longtext DEFAULT NULL
) ENGINE=MyISAM DEFAULT CHARSET=utf8mb4 COLLATE=utf8mb4_uca1400_ai_ci
SHOW CREATE TABLE t7;
Table	Create Table
t7	CREATE TABLE `t7` (
  `a` longtext DEFAULT NULL
) ENGINE=MyISAM DEFAULT CHARSET=utf8mb4 COLLATE=utf8mb4_uca1400_ai_ci
SHOW CREATE TABLE t9;
Table	Create Table
t9	CREATE TABLE `t9` (
  `a` longtext DEFAULT NULL
) ENGINE=MyISAM DEFAULT CHARSET=utf8mb4 COLLATE=utf8mb4_uca1400_ai_ci
SHOW CREATE TABLE t10;
Table	Create Table
t10	CREATE TABLE `t10` (
  `a` longtext DEFAULT NULL
) ENGINE=MyISAM DEFAULT CHARSET=utf8mb4 COLLATE=utf8mb4_uca1400_ai_ci
SHOW CREATE TABLE t11;
Table	Create Table
t11	CREATE TABLE `t11` (
  `a` longtext DEFAULT NULL
) ENGINE=MyISAM DEFAULT CHARSET=utf8mb4 COLLATE=utf8mb4_uca1400_ai_ci
SHOW CREATE TABLE t12;
Table	Create Table
t12	CREATE TABLE `t12` (
  `a` longtext DEFAULT NULL
) ENGINE=MyISAM DEFAULT CHARSET=utf8mb4 COLLATE=utf8mb4_uca1400_ai_ci
SHOW CREATE TABLE t13;
Table	Create Table
t13	CREATE TABLE `t13` (
  `a` longtext DEFAULT NULL
) ENGINE=MyISAM DEFAULT CHARSET=utf8mb4 COLLATE=utf8mb4_uca1400_ai_ci
SHOW CREATE TABLE t14;
Table	Create Table
t14	CREATE TABLE `t14` (
  `a` longtext DEFAULT NULL
) ENGINE=MyISAM DEFAULT CHARSET=utf8mb4 COLLATE=utf8mb4_uca1400_ai_ci
DROP TABLE t2, t4, t5, t6, t7, t9, t10, t11, t12, t13, t14;
#
# End of 10.4 tests
#
