create temporary table t1 (id int auto_increment primary key, v blob not null, vector index (v));
ERROR HY000: Cannot create VECTOR index on temporary MyISAM table
create table t1 (id int auto_increment primary key,
u blob not null, vector index (u),
v blob not null, vector index (v));
ERROR 42000: This version of MariaDB doesn't yet support 'multiple VECTOR indexes'
create table t1 (id int auto_increment primary key, v blob not null, vector index (v));
show create table t1;
Table	Create Table
t1	CREATE TABLE `t1` (
  `id` int(11) NOT NULL AUTO_INCREMENT,
  `v` blob NOT NULL,
  PRIMARY KEY (`id`),
  VECTOR KEY `v` (`v`)
) ENGINE=MyISAM DEFAULT CHARSET=latin1 COLLATE=latin1_swedish_ci
show keys from t1;
Table	Non_unique	Key_name	Seq_in_index	Column_name	Collation	Cardinality	Sub_part	Packed	Null	Index_type	Comment	Index_comment	Ignored
t1	0	PRIMARY	1	id	A	0	NULL	NULL		BTREE			NO
t1	1	v	1	v	A	NULL	1	NULL		VECTOR			NO
select * from information_schema.statistics where table_name='t1';
TABLE_CATALOG	def
TABLE_SCHEMA	test
TABLE_NAME	t1
NON_UNIQUE	0
INDEX_SCHEMA	test
INDEX_NAME	PRIMARY
SEQ_IN_INDEX	1
COLUMN_NAME	id
COLLATION	A
CARDINALITY	0
SUB_PART	NULL
PACKED	NULL
NULLABLE	
INDEX_TYPE	BTREE
COMMENT	
INDEX_COMMENT	
IGNORED	NO
TABLE_CATALOG	def
TABLE_SCHEMA	test
TABLE_NAME	t1
NON_UNIQUE	1
INDEX_SCHEMA	test
INDEX_NAME	v
SEQ_IN_INDEX	1
COLUMN_NAME	v
COLLATION	A
CARDINALITY	NULL
SUB_PART	1
PACKED	NULL
NULLABLE	
INDEX_TYPE	VECTOR
COMMENT	
INDEX_COMMENT	
IGNORED	NO
insert t1 (v) values (x'e360d63ebe554f3fcdbc523f4522193f5236083d'),
(x'f511303f72224a3fdd05fe3eb22a133ffae86a3f'),
(x'f09baa3ea172763f123def3e0c7fe53e288bf33e'),
(x'b97a523f2a193e3eb4f62e3f2d23583e9dd60d3f'),
(x'f7c5df3e984b2b3e65e59d3d7376db3eac63773e'),
(x'de01453ffa486d3f10aa4d3fdd66813c71cb163f'),
(x'76edfc3e4b57243f10f8423fb158713f020bda3e'),
(x'56926c3fdf098d3e2c8c5e3d1ad4953daa9d0b3e'),
(x'7b713f3e5258323f80d1113d673b2b3f66e3583f'),
(x'6ca1d43e9df91b3fe580da3e1c247d3f147cf33e');
select id, hex(v) from t1;
id	hex(v)
1	E360D63EBE554F3FCDBC523F4522193F5236083D
2	F511303F72224A3FDD05FE3EB22A133FFAE86A3F
3	F09BAA3EA172763F123DEF3E0C7FE53E288BF33E
4	B97A523F2A193E3EB4F62E3F2D23583E9DD60D3F
5	F7C5DF3E984B2B3E65E59D3D7376DB3EAC63773E
6	DE01453FFA486D3F10AA4D3FDD66813C71CB163F
7	76EDFC3E4B57243F10F8423FB158713F020BDA3E
8	56926C3FDF098D3E2C8C5E3D1AD4953DAA9D0B3E
9	7B713F3E5258323F80D1113D673B2B3F66E3583F
10	6CA1D43E9DF91B3FE580DA3E1C247D3F147CF33E
flush tables;
select id,vec_distance(v, x'b047263c9f87233fcfd27e3eae493e3f0329f43e') d from t1 order by d limit 3;
id	d
9	0.22278176178224385
10	0.256948729687565
3	0.344061212052452
select t1.id as id1, t2.id as id2, vec_distance(t1.v, t2.v) from t1, t1 as t2 order by 3,1,2;
id1	id2	vec_distance(t1.v, t2.v)
1	1	0
2	2	0
3	3	0
4	4	0
5	5	0
6	6	0
7	7	0
8	8	0
9	9	0
10	10	0
7	10	0.12396744079887867
10	7	0.12396744079887867
1	7	0.31054688012227416
7	1	0.31054688012227416
2	3	0.367857878212817
3	2	0.367857878212817
1	3	0.37555301235988736
3	1	0.37555301235988736
5	8	0.3868834706954658
8	5	0.3868834706954658
3	10	0.4255195118806938
10	3	0.4255195118806938
9	10	0.45328998332843184
10	9	0.45328998332843184
3	7	0.4623853687662631
7	3	0.4623853687662631
3	9	0.4652266185730696
9	3	0.4652266185730696
2	10	0.4783527944236994
10	2	0.4783527944236994
2	9	0.48534219339489937
9	2	0.48534219339489937
3	6	0.5045010282192379
6	3	0.5045010282192379
2	7	0.5069749839603901
7	2	0.5069749839603901
2	6	0.5404628878459334
6	2	0.5404628878459334
1	10	0.54565767017084
10	1	0.54565767017084
4	6	0.6059622673783451
6	4	0.6059622673783451
4	8	0.6077508088201284
8	4	0.6077508088201284
4	5	0.6612954348674975
5	4	0.6612954348674975
2	4	0.6824288554489613
4	2	0.6824288554489613
5	10	0.6866589883284178
10	5	0.6866589883284178
5	9	0.7690152280265465
9	5	0.7690152280265465
1	6	0.7852460269641597
6	1	0.7852460269641597
3	5	0.850858983467333
5	3	0.850858983467333
4	7	0.8738353815861046
7	4	0.8738353815861046
7	9	0.8768924188334495
9	7	0.8768924188334495
3	4	0.9520111442543566
4	3	0.9520111442543566
1	2	0.9624144533590879
2	1	0.9624144533590879
1	4	0.9931070283055305
4	1	0.9931070283055305
5	7	0.9953781084623188
7	5	0.9953781084623188
4	10	1.0219887541607022
10	4	1.0219887541607022
1	5	1.0421060165972449
5	1	1.0421060165972449
6	7	1.0447564153000712
7	6	1.0447564153000712
2	5	1.1041161566972733
5	2	1.1041161566972733
6	8	1.2175365379080176
8	6	1.2175365379080176
3	8	1.2477562054991722
8	3	1.2477562054991722
6	10	1.327899457886815
10	6	1.327899457886815
1	9	1.3543723821640015
9	1	1.3543723821640015
2	8	1.3774709925055504
8	2	1.3774709925055504
4	9	1.3798951730132103
9	4	1.3798951730132103
1	8	1.418471465818584
8	1	1.418471465818584
8	10	1.4625506848096848
10	8	1.4625506848096848
6	9	1.475082814693451
9	6	1.475082814693451
5	6	1.5062125325202942
6	5	1.5062125325202942
8	9	1.5813712995150127
9	8	1.5813712995150127
7	8	1.6595615148544312
8	7	1.6595615148544312
drop table t1;
db.opt
