#
# MDEV-33410 VECTOR data type
#
create table t1 (a int, b vector);
ERROR 42000: You have an error in your SQL syntax; check the manual that corresponds to your MariaDB server version for the right syntax to use near ')' at line 1
create table t1 (a int, b vector(0));
ERROR 42000: Incorrect column specifier for column 'b'
create table t1 (a int, b vector(10) collate utf8mb3_general_ci);
ERROR 42000: Incorrect column specifier for column 'b'
create table t1 (a int, b vector(10));
show create table t1;
Table	Create Table
t1	CREATE TABLE `t1` (
  `a` int(11) DEFAULT NULL,
  `b` vector(10) DEFAULT NULL
) ENGINE=MyISAM DEFAULT CHARSET=utf8mb4 COLLATE=utf8mb4_uca1400_ai_ci
insert t1 values (1, 1);
ERROR HY000: Cannot cast 'int' as 'vector' in assignment of `test`.`t1`.`b`
insert t1 values (1, 1.1);
ERROR HY000: Cannot cast 'decimal' as 'vector' in assignment of `test`.`t1`.`b`
insert t1 values (1, 1e1);
ERROR HY000: Cannot cast 'double' as 'vector' in assignment of `test`.`t1`.`b`
insert t1 values (1, now());
ERROR HY000: Cannot cast 'timestamp' as 'vector' in assignment of `test`.`t1`.`b`
insert t1 values (1, repeat(x'56', 10));
ERROR 22007: Incorrect vector value: 'VVVVVVVVVV' for column `test`.`t1`.`b` at row 1
insert t1 values (1, repeat(x'66', 40));
ERROR 22007: Incorrect vector value: 'ffffffffffffffffffffffffffffffffffffffff' for column `test`.`t1`.`b` at row 1
insert t1 values (1, repeat(x'56', 40));
select * from t1;
a	b
1	VVVVVVVVVVVVVVVVVVVVVVVVVVVVVVVVVVVVVVVV
select cast(b as char) from t1;
ERROR HY000: Illegal parameter data type vector for operation 'cast_as_char'
create table t2 as select b, cast(b as binary) from t1;
show create table t2;
Table	Create Table
t2	CREATE TABLE `t2` (
  `b` vector(10) DEFAULT NULL,
  `cast(b as binary)` varbinary(40) DEFAULT NULL
) ENGINE=MyISAM DEFAULT CHARSET=utf8mb4 COLLATE=utf8mb4_uca1400_ai_ci
drop table t1, t2;
create table t1 (a int, b vector(1) not null);
insert into t1 values (1,x'00000000');
alter table t1 modify b vector(2) not null;
insert into t1 values (1,x'0000000000000000');
select a, vec_totext(b) from t1;
a	vec_totext(b)
1	[0.000000,0.000000]
1	[0.000000,0.000000]
drop table t1;
create table t1(v blob not null, vector index(v));
ERROR HY000: Incorrect arguments to VECTOR INDEX
create table t1(v varbinary(100) not null, vector index(v));
ERROR HY000: Incorrect arguments to VECTOR INDEX
create table t1(v binary not null, vector index(v));
ERROR HY000: Incorrect arguments to VECTOR INDEX
create table t1 (a int, b vector(1536) not null, vector index(b));
show create table t1;
Table	Create Table
t1	CREATE TABLE `t1` (
  `a` int(11) DEFAULT NULL,
  `b` vector(1536) NOT NULL,
  VECTOR KEY `b` (`b`)
) ENGINE=MyISAM DEFAULT CHARSET=utf8mb4 COLLATE=utf8mb4_uca1400_ai_ci
drop table t1;
#
# MDEV-34919 Aria crashes with high-level (vector) indexes
#
# Aria doesn't support VECTOR yet
create table t1(v vector(10) not null, vector index(v)) engine=aria;
ERROR HY000: Table storage engine 'Aria' does not support the create option 'VECTOR'
#
# MDEV-35038 Server crash in Index_statistics::get_avg_frequency upon EITS collection for vector index
#
create table t (a int, v vector(10) not null, vector index (v));
analyze table t persistent for columns() indexes (v);
Table	Op	Msg_type	Msg_text
test.t	analyze	status	Engine-independent statistics collected
test.t	analyze	status	Table is already up to date
drop table t;
#
# MDEV-35029 ASAN errors in Lex_ident<Compare_ident_ci>::is_valid_ident upon DDL on table with vector index
#
create table t (a int, v vector(10) not null, vector key (v) distance_function=euclidean);
show create table t;
Table	Create Table
t	CREATE TABLE `t` (
  `a` int(11) DEFAULT NULL,
  `v` vector(10) NOT NULL,
  VECTOR KEY `v` (`v`) `distance_function`=euclidean
) ENGINE=MyISAM DEFAULT CHARSET=utf8mb4 COLLATE=utf8mb4_uca1400_ai_ci
set session mhnsw_max_edges_per_node = @@mhnsw_max_edges_per_node + 1;
create table t2 like t;
alter table t force;
drop table t, t2;
#
# MDEV-35043 Unsuitable error upon an attempt to create MEMORY table with vector key
#
create table t (v vector(31) not null, vector index(v)) engine=memory;
ERROR HY000: Table storage engine 'MEMORY' does not support the create option 'VECTOR'
#
# MDEV-35042 Vector indexes are allowed for MERGE tables, but do not
#
create table t (a int, v vector(10) not null, vector index(v)) engine=myisam;
create table tm (a int, v vector(10) not null, vector index(v)) engine=merge union=(t);
ERROR HY000: Table storage engine 'MERGE' does not support the create option 'VECTOR'
drop table t;
#
# MDEV-35078 Server crash or ASAN errors in mhnsw_insert
#
set session mhnsw_max_edges_per_node = 4;
create table t (a int, v vector(1) not null);
insert into t select seq, x'00000000' from seq_1_to_10;
alter table t add vector(v);
show create table t;
Table	Create Table
t	CREATE TABLE `t` (
  `a` int(11) DEFAULT NULL,
  `v` vector(1) NOT NULL,
  VECTOR KEY `v` (`v`) `max_edges_per_node`=4
) ENGINE=MyISAM DEFAULT CHARSET=utf8mb4 COLLATE=utf8mb4_uca1400_ai_ci
create table x like t;
show create table x;
Table	Create Table
x	CREATE TABLE `x` (
  `a` int(11) DEFAULT NULL,
  `v` vector(1) NOT NULL,
  VECTOR KEY `v` (`v`) `max_edges_per_node`=4
) ENGINE=MyISAM DEFAULT CHARSET=utf8mb4 COLLATE=utf8mb4_uca1400_ai_ci
insert into t values (11,x'00000000');
drop table t, x;
set session mhnsw_max_edges_per_node = default;
#
# MDEV-35092 Server crash, hang or ASAN errors in mysql_create_frm_image upon using non-default table options and system variables
#
set mhnsw_distance_function= cosine;
create table t (a int, v vector(10) not null);
prepare stmt from 'alter table t drop index if exists v, add vector (v) max_edges_per_node=10';
execute stmt;
Warnings:
Note	1091	Can't DROP INDEX `v`; check that it exists
execute stmt;
show create table t;
Table	Create Table
t	CREATE TABLE `t` (
  `a` int(11) DEFAULT NULL,
  `v` vector(10) NOT NULL,
  VECTOR KEY `v` (`v`) `max_edges_per_node`=10 `distance_function`='cosine'
) ENGINE=MyISAM DEFAULT CHARSET=utf8mb4 COLLATE=utf8mb4_uca1400_ai_ci
drop table t;
set mhnsw_distance_function= default;
#
# MDEV-35105 Assertion `tab->join->order' fails upon vector search with DISTINCT
#
create table t (a int, v vector(1) not null, vector(v));
insert into t values(1,x'00000000'),(2,x'00000000');
select distinct a from t order by vec_distance_euclidean(v,vec_fromtext('[1]')) limit 1;
a
#
drop table t;
#
# MDEV-35141 Server crashes in Field_vector::report_wrong_value upon statistic collection
#
create table t1 (v vector(64) not null);
insert into t1 select vec_fromtext(concat('[',group_concat(1),']')) from seq_1_to_64;
analyze table t1 persistent for all;
Table	Op	Msg_type	Msg_text
test.t1	analyze	status	Engine-independent statistics collected
test.t1	analyze	status	OK
drop table t1;
#
# MDEV-35147 Inconsistent NULL handling in vector type
#
create table t1 (a vector(1));
show create table t1;
Table	Create Table
t1	CREATE TABLE `t1` (
  `a` vector(1) DEFAULT NULL
) ENGINE=MyISAM DEFAULT CHARSET=utf8mb4 COLLATE=utf8mb4_uca1400_ai_ci
insert into t1 values ();
insert into t1 values (default);
insert into t1 values (default(a));
select * from t1;
a
NULL
NULL
NULL
insert into t1 values (null);
select * from t1;
a
NULL
NULL
NULL
NULL
drop table t1;
#
# MDEV-35150 Column containing non-vector tables can be modified to VECTOR type without warnings
#
create table t1 (a blob);
insert t1 values (1);
alter table t1 modify a vector(2);
ERROR 22007: Incorrect vector value: '1' for column `test`.`t1`.`a` at row 1
update t1 set a=x'5555555555555555';
alter table t1 modify a vector(2);
select hex(a) from t1;
hex(a)
5555555555555555
select vec_totext(a) from t1;
vec_totext(a)
[14660154687488.000000,14660154687488.000000]
drop table t1;
