#
# SELECT using ror_merged scan fails with s3 tables
#
DROP TABLE IF EXISTS t1;
Warnings:
Note	1051	Unknown table 'test.t1'
CREATE TABLE t1 (a INT, b INT, KEY(a), KEY(b)) ENGINE=Aria;
INSERT INTO t1 VALUES (0,0),(0,10),(3,10);
ALTER TABLE t1 ENGINE=S3;
SELECT * FROM t1 WHERE a = 99 OR b = 2;
a	b
DROP TABLE t1;
