include/master-slave.inc
[connection master]
call mtr.add_suppression("Timeout waiting for reply of binlog");
call mtr.add_suppression("Semi-sync master .* waiting for slave reply");
call mtr.add_suppression("Read semi-sync reply");
call mtr.add_suppression("Unsafe statement written to the binary log using statement format since BINLOG_FORMAT = STATEMENT.");
call mtr.add_suppression("Master server does not support semi-sync");
call mtr.add_suppression("Semi-sync slave .* reply");
call mtr.add_suppression("Slave SQL.*Request to stop slave SQL Thread received while applying a group that has non-transactional changes; waiting for completion of the group");
set global rpl_semi_sync_master_enabled = 1;
include/stop_slave.inc
set global rpl_semi_sync_slave_enabled = 1;
include/start_slave.inc
SET GLOBAL event_scheduler = ON;
CREATE TABLE t1 (i INT NOT NULL AUTO_INCREMENT PRIMARY KEY, f varchar(8)) ENGINE=ENGINE_TYPE;
INSERT INTO t1 (f) VALUES ('a'),('a'),('a'),('a'),('a');
INSERT INTO t1 SELECT i+5, f FROM t1;
INSERT INTO t1 SELECT i+10, f FROM t1;
CREATE EVENT ev1 ON SCHEDULE EVERY 1 SECOND
DO INSERT INTO t1 VALUES (SLEEP(5),CONCAT('ev1_',CONNECTION_ID()));
CREATE EVENT ev2 ON SCHEDULE EVERY 1 SECOND
DO INSERT INTO t1 VALUES (SLEEP(5),CONCAT('ev2_',CONNECTION_ID()));
STOP SLAVE IO_THREAD;
UPDATE t1 SET f = CONCAT('up_',CONNECTION_ID()) WHERE i = 20;
UPDATE t1 SET f = CONCAT('up_',CONNECTION_ID()) WHERE i = 19;
UPDATE t1 SET f = CONCAT('up_',CONNECTION_ID()) WHERE i = 18;
UPDATE t1 SET f = CONCAT('up_',CONNECTION_ID()) WHERE i = 17;
UPDATE t1 SET f = CONCAT('up_',CONNECTION_ID()) WHERE i = 16;
UPDATE t1 SET f = CONCAT('up_',CONNECTION_ID()) WHERE i = 15;
UPDATE t1 SET f = CONCAT('up_',CONNECTION_ID()) WHERE i = 14;
UPDATE t1 SET f = CONCAT('up_',CONNECTION_ID()) WHERE i = 13;
UPDATE t1 SET f = CONCAT('up_',CONNECTION_ID()) WHERE i = 12;
UPDATE t1 SET f = CONCAT('up_',CONNECTION_ID()) WHERE i = 11;
UPDATE t1 SET f = CONCAT('up_',CONNECTION_ID()) WHERE i = 10;
UPDATE t1 SET f = CONCAT('up_',CONNECTION_ID()) WHERE i = 9;
UPDATE t1 SET f = CONCAT('up_',CONNECTION_ID()) WHERE i = 8;
UPDATE t1 SET f = CONCAT('up_',CONNECTION_ID()) WHERE i = 7;
UPDATE t1 SET f = CONCAT('up_',CONNECTION_ID()) WHERE i = 6;
UPDATE t1 SET f = CONCAT('up_',CONNECTION_ID()) WHERE i = 5;
UPDATE t1 SET f = CONCAT('up_',CONNECTION_ID()) WHERE i = 4;
UPDATE t1 SET f = CONCAT('up_',CONNECTION_ID()) WHERE i = 3;
UPDATE t1 SET f = CONCAT('up_',CONNECTION_ID()) WHERE i = 2;
UPDATE t1 SET f = CONCAT('up_',CONNECTION_ID()) WHERE i = 1;
SET GLOBAL event_scheduler = OFF;
include/stop_slave.inc
set global rpl_semi_sync_slave_enabled = 0;
set global rpl_semi_sync_master_enabled = 0;
include/start_slave.inc
DROP EVENT ev1;
DROP EVENT ev2;
DROP TABLE t1;
include/rpl_end.inc
