include/master-slave.inc
[connection master]
connection slave;
include/stop_slave.inc
include/wait_for_slave_to_stop.inc
reset master;
reset slave;
start slave;
include/wait_for_slave_to_start.inc
connection slave;
set @save_slave_ddl_exec_mode=@@global.slave_ddl_exec_mode;
set @@global.slave_ddl_exec_mode=STRICT;
connection master;
create table t1(n int not null auto_increment primary key)ENGINE=InnoDB;
insert into t1 values (NULL);
drop table t1;
create table t1 (word char(20) not null)ENGINE=InnoDB;
load data infile 'LOAD_FILE' into table t1 ignore 1 lines;
select count(*) from t1;
count(*)
69
include/show_binlog_events.inc
Log_name	Pos	Event_type	Server_id	End_log_pos	Info
master-bin.000001	#	Gtid	#	#	GTID #-#-#
master-bin.000001	#	Query	#	#	use `test`; create table t1(n int not null auto_increment primary key)ENGINE=InnoDB
master-bin.000001	#	Gtid	#	#	BEGIN GTID #-#-#
master-bin.000001	#	Table_map	#	#	table_id: # (test.t1)
master-bin.000001	#	Write_rows_v1	#	#	table_id: # flags: STMT_END_F
master-bin.000001	#	Xid	#	#	COMMIT /* XID */
master-bin.000001	#	Gtid	#	#	GTID #-#-#
master-bin.000001	#	Query	#	#	use `test`; DROP TABLE `t1` /* generated by server */
master-bin.000001	#	Gtid	#	#	GTID #-#-#
master-bin.000001	#	Query	#	#	use `test`; create table t1 (word char(20) not null)ENGINE=InnoDB
master-bin.000001	#	Gtid	#	#	BEGIN GTID #-#-#
master-bin.000001	#	Table_map	#	#	table_id: # (test.t1)
master-bin.000001	#	Write_rows_v1	#	#	table_id: # flags: STMT_END_F
master-bin.000001	#	Xid	#	#	COMMIT /* XID */
include/show_binlog_events.inc
Log_name	Pos	Event_type	Server_id	End_log_pos	Info
master-bin.000001	#	Gtid	#	#	GTID #-#-#
master-bin.000001	#	Query	#	#	use `test`; create table t1(n int not null auto_increment primary key)ENGINE=InnoDB
include/show_binlog_events.inc
Log_name	Pos	Event_type	Server_id	End_log_pos	Info
master-bin.000001	#	Gtid	#	#	GTID #-#-#
master-bin.000001	#	Query	#	#	use `test`; create table t1(n int not null auto_increment primary key)ENGINE=InnoDB
master-bin.000001	#	Gtid	#	#	BEGIN GTID #-#-#
include/show_binlog_events.inc
Log_name	Pos	Event_type	Server_id	End_log_pos	Info
master-bin.000001	#	Gtid	#	#	BEGIN GTID #-#-#
master-bin.000001	#	Table_map	#	#	table_id: # (test.t1)
master-bin.000001	#	Write_rows_v1	#	#	table_id: # flags: STMT_END_F
master-bin.000001	#	Xid	#	#	COMMIT /* XID */
flush logs;
create table t3 (a int)ENGINE=InnoDB;
connection master;
select * from t1 order by 1 asc;
word
Aarhus
Aaron
Aaron
Ababa
Ababa
aback
aback
abaft
abaft
abandon
abandon
abandoned
abandoned
abandoning
abandoning
abandonment
abandonment
abandons
abandons
abase
abased
abasement
abasements
abases
abash
abashed
abashes
abashing
abasing
abate
abated
abatement
abatements
abater
abates
abating
Abba
abbe
abbey
abbeys
abbot
abbots
Abbott
abbreviate
abbreviated
abbreviates
abbreviating
abbreviation
abbreviations
Abby
abdomen
abdomens
abdominal
abduct
abducted
abduction
abductions
abductor
abductors
abducts
Abe
abed
Abel
Abelian
Abelson
Aberdeen
Abernathy
aberrant
aberration
connection slave;
select * from t1 order by 1 asc;
word
Aarhus
Aaron
Aaron
Ababa
Ababa
aback
aback
abaft
abaft
abandon
abandon
abandoned
abandoned
abandoning
abandoning
abandonment
abandonment
abandons
abandons
abase
abased
abasement
abasements
abases
abash
abashed
abashes
abashing
abasing
abate
abated
abatement
abatements
abater
abates
abating
Abba
abbe
abbey
abbeys
abbot
abbots
Abbott
abbreviate
abbreviated
abbreviates
abbreviating
abbreviation
abbreviations
Abby
abdomen
abdomens
abdominal
abduct
abducted
abduction
abductions
abductor
abductors
abducts
Abe
abed
Abel
Abelian
Abelson
Aberdeen
Abernathy
aberrant
aberration
flush logs;
include/stop_slave.inc
include/start_slave.inc
connection master;
create table t2 (n int)ENGINE=InnoDB;
insert into t2 values (1);
include/show_binlog_events.inc
Log_name	Pos	Event_type	Server_id	End_log_pos	Info
master-bin.000001	#	Gtid	#	#	GTID #-#-#
master-bin.000001	#	Query	#	#	use `test`; create table t1(n int not null auto_increment primary key)ENGINE=InnoDB
master-bin.000001	#	Gtid	#	#	BEGIN GTID #-#-#
master-bin.000001	#	Table_map	#	#	table_id: # (test.t1)
master-bin.000001	#	Write_rows_v1	#	#	table_id: # flags: STMT_END_F
master-bin.000001	#	Xid	#	#	COMMIT /* XID */
master-bin.000001	#	Gtid	#	#	GTID #-#-#
master-bin.000001	#	Query	#	#	use `test`; DROP TABLE `t1` /* generated by server */
master-bin.000001	#	Gtid	#	#	GTID #-#-#
master-bin.000001	#	Query	#	#	use `test`; create table t1 (word char(20) not null)ENGINE=InnoDB
master-bin.000001	#	Gtid	#	#	BEGIN GTID #-#-#
master-bin.000001	#	Table_map	#	#	table_id: # (test.t1)
master-bin.000001	#	Write_rows_v1	#	#	table_id: # flags: STMT_END_F
master-bin.000001	#	Xid	#	#	COMMIT /* XID */
master-bin.000001	#	Rotate	#	#	master-bin.000002;pos=POS
include/show_binlog_events.inc
Log_name	Pos	Event_type	Server_id	End_log_pos	Info
master-bin.000002	#	Binlog_checkpoint	#	#	master-bin.000002
master-bin.000002	#	Gtid	#	#	GTID #-#-#
master-bin.000002	#	Query	#	#	use `test`; create table t3 (a int)ENGINE=InnoDB
master-bin.000002	#	Gtid	#	#	GTID #-#-#
master-bin.000002	#	Query	#	#	use `test`; create table t2 (n int)ENGINE=InnoDB
master-bin.000002	#	Gtid	#	#	BEGIN GTID #-#-#
master-bin.000002	#	Table_map	#	#	table_id: # (test.t2)
master-bin.000002	#	Write_rows_v1	#	#	table_id: # flags: STMT_END_F
master-bin.000002	#	Xid	#	#	COMMIT /* XID */
show binary logs;
Log_name	File_size
master-bin.000001	#
master-bin.000002	#
connection slave;
show binary logs;
Log_name	File_size
slave-bin.000001	#
slave-bin.000002	#
include/show_binlog_events.inc
Log_name	Pos	Event_type	Server_id	End_log_pos	Info
slave-bin.000001	#	Gtid	#	#	GTID #-#-#
slave-bin.000001	#	Query	#	#	use `test`; create table t1(n int not null auto_increment primary key)ENGINE=InnoDB
slave-bin.000001	#	Gtid	#	#	BEGIN GTID #-#-#
slave-bin.000001	#	Table_map	#	#	table_id: # (test.t1)
slave-bin.000001	#	Write_rows_v1	#	#	table_id: # flags: STMT_END_F
slave-bin.000001	#	Xid	#	#	COMMIT /* XID */
slave-bin.000001	#	Gtid	#	#	GTID #-#-#
slave-bin.000001	#	Query	#	#	use `test`; DROP TABLE `t1` /* generated by server */
slave-bin.000001	#	Gtid	#	#	GTID #-#-#
slave-bin.000001	#	Query	#	#	use `test`; create table t1 (word char(20) not null)ENGINE=InnoDB
slave-bin.000001	#	Gtid	#	#	BEGIN GTID #-#-#
slave-bin.000001	#	Table_map	#	#	table_id: # (test.t1)
slave-bin.000001	#	Write_rows_v1	#	#	table_id: # flags: STMT_END_F
slave-bin.000001	#	Xid	#	#	COMMIT /* XID */
slave-bin.000001	#	Gtid	#	#	GTID #-#-#
slave-bin.000001	#	Query	#	#	use `test`; create table t3 (a int)ENGINE=InnoDB
slave-bin.000001	#	Rotate	#	#	slave-bin.000002;pos=POS
include/show_binlog_events.inc
Log_name	Pos	Event_type	Server_id	End_log_pos	Info
slave-bin.000002	#	Binlog_checkpoint	#	#	slave-bin.000002
slave-bin.000002	#	Gtid	#	#	GTID #-#-#
slave-bin.000002	#	Query	#	#	use `test`; create table t2 (n int)ENGINE=InnoDB
slave-bin.000002	#	Gtid	#	#	BEGIN GTID #-#-#
slave-bin.000002	#	Table_map	#	#	table_id: # (test.t2)
slave-bin.000002	#	Write_rows_v1	#	#	table_id: # flags: STMT_END_F
slave-bin.000002	#	Xid	#	#	COMMIT /* XID */
include/check_slave_is_running.inc
show binlog events in 'slave-bin.000005' from 4;
ERROR HY000: Error when executing command SHOW BINLOG EVENTS: Could not find target log
connection master;
DROP TABLE t1;
DROP TABLE t2;
DROP TABLE t3;
include/rpl_reset.inc
connection master;
create table t1(a int auto_increment primary key, b int);
insert into t1 values (NULL, 1);
set insert_id=5;
insert into t1 values (NULL, last_insert_id()), (NULL, last_insert_id());
include/show_binlog_events.inc
Log_name	Pos	Event_type	Server_id	End_log_pos	Info
master-bin.000001	#	Gtid	#	#	GTID #-#-#
master-bin.000001	#	Query	#	#	use `test`; create table t1(a int auto_increment primary key, b int)
master-bin.000001	#	Gtid	#	#	BEGIN GTID #-#-#
master-bin.000001	#	Table_map	#	#	table_id: # (test.t1)
master-bin.000001	#	Write_rows_v1	#	#	table_id: # flags: STMT_END_F
master-bin.000001	#	Query	#	#	COMMIT
master-bin.000001	#	Gtid	#	#	BEGIN GTID #-#-#
master-bin.000001	#	Table_map	#	#	table_id: # (test.t1)
master-bin.000001	#	Write_rows_v1	#	#	table_id: # flags: STMT_END_F
master-bin.000001	#	Query	#	#	COMMIT
select * from t1;
a	b
1	1
5	1
6	1
drop table t1;
connection slave;
set @@global.slave_ddl_exec_mode=@save_slave_ddl_exec_mode;
connection master;
include/rpl_end.inc
