include/master-slave.inc
[connection master]
connection master;
SET @@global.mysql56_temporal_format=false;;
connection slave;
SET @@global.mysql56_temporal_format=false;;
connection master;
SELECT @@global.mysql56_temporal_format AS on_master;
on_master
0
connection slave;
SELECT @@global.mysql56_temporal_format AS on_slave;
on_slave
0
connection master;
CREATE TABLE t1
(
c0 TIME(0),
c1 TIME(1),
c2 TIME(2),
c3 TIME(3),
c4 TIME(4),
c5 TIME(5),
c6 TIME(6)
);
CREATE TABLE t2
(
c0 TIMESTAMP(0),
c1 TIMESTAMP(1),
c2 TIMESTAMP(2),
c3 TIMESTAMP(3),
c4 TIMESTAMP(4),
c5 TIMESTAMP(5),
c6 TIMESTAMP(6)
);
CREATE TABLE t3
(
c0 DATETIME(0),
c1 DATETIME(1),
c2 DATETIME(2),
c3 DATETIME(3),
c4 DATETIME(4),
c5 DATETIME(5),
c6 DATETIME(6)
);
INSERT INTO t1 VALUES ('01:01:01','01:01:01.1','01:01:01.11','01:01:01.111','01:01:01.1111','01:01:01.11111','01:01:01.111111');
INSERT INTO t2 VALUES ('2001-01-01 01:01:01','2001-01-01 01:01:01.1','2001-01-01 01:01:01.11','2001-01-01 01:01:01.111','2001-01-01 01:01:01.1111','2001-01-01 01:01:01.11111','2001-01-01 01:01:01.111111');
INSERT INTO t3 VALUES ('2001-01-01 01:01:01','2001-01-01 01:01:01.1','2001-01-01 01:01:01.11','2001-01-01 01:01:01.111','2001-01-01 01:01:01.1111','2001-01-01 01:01:01.11111','2001-01-01 01:01:01.111111');
SELECT TABLE_NAME, TABLE_ROWS, AVG_ROW_LENGTH,DATA_LENGTH FROM INFORMATION_SCHEMA.TABLES
WHERE TABLE_NAME RLIKE 't[1-3]' ORDER BY TABLE_NAME;
TABLE_NAME	TABLE_ROWS	AVG_ROW_LENGTH	DATA_LENGTH
t1	1	33	33
t2	1	41	41
t3	1	50	50
connection slave;
connection slave;
SELECT * FROM t1;;
c0	01:01:01
c1	01:01:01.1
c2	01:01:01.11
c3	01:01:01.111
c4	01:01:01.1111
c5	01:01:01.11111
c6	01:01:01.111111
SELECT * FROM t2;;
c0	2001-01-01 01:01:01
c1	2001-01-01 01:01:01.1
c2	2001-01-01 01:01:01.11
c3	2001-01-01 01:01:01.111
c4	2001-01-01 01:01:01.1111
c5	2001-01-01 01:01:01.11111
c6	2001-01-01 01:01:01.111111
SELECT * FROM t3;;
c0	2001-01-01 01:01:01
c1	2001-01-01 01:01:01.1
c2	2001-01-01 01:01:01.11
c3	2001-01-01 01:01:01.111
c4	2001-01-01 01:01:01.1111
c5	2001-01-01 01:01:01.11111
c6	2001-01-01 01:01:01.111111
SELECT TABLE_NAME, TABLE_ROWS, AVG_ROW_LENGTH,DATA_LENGTH FROM INFORMATION_SCHEMA.TABLES
WHERE TABLE_NAME RLIKE 't[1-3]' ORDER BY TABLE_NAME;
TABLE_NAME	TABLE_ROWS	AVG_ROW_LENGTH	DATA_LENGTH
t1	1	33	33
t2	1	41	41
t3	1	50	50
connection master;
DROP TABLE t1;
DROP TABLE t2;
DROP TABLE t3;
connection slave;
SET @@global.mysql56_temporal_format=DEFAULT;
connection master;
SET @@global.mysql56_temporal_format=DEFAULT;
include/rpl_end.inc
