include/master-slave.inc
[connection master]
connection slave;
stop slave;
SET GLOBAL slave_parallel_threads=3;
set global slave_parallel_mode=optimistic;
change master to master_use_gtid=slave_pos;
start slave;
connection master;
set global binlog_split_alter=true;
connection master;
create table t1( a int, b int) engine=innodb;
insert into t1 values(1,1);
insert into t1 values(2,2);
#Normal Alter
alter table t1 add column c int;
#Failed Alter
insert into t1 values(1,1, NULL);
alter table t1 change a a int unique ;
ERROR 23000: Duplicate entry '1' for key 'a'
connection slave;
show create table t1;
Table	Create Table
t1	CREATE TABLE `t1` (
  `a` int(11) DEFAULT NULL,
  `b` int(11) DEFAULT NULL,
  `c` int(11) DEFAULT NULL
) ENGINE=InnoDB DEFAULT CHARSET=latin1
connection master;
drop table t1;
connection slave;
connection master;
set global debug_dbug="+d,start_alter_delay_master";
create table t1( a int primary key, b int) engine=innodb;
insert into t1 values(1,1),(2,2);
create table t2( a int primary key, b int) engine=innodb;
insert into t2 values(1,1),(2,2);
create table t3( a int primary key, b int) engine=innodb;
insert into t3 values(1,1),(2,2);
create table t4( a int primary key, b int) engine=innodb;
insert into t4 values(1,1),(2,2);
create table t5( a int primary key, b int) engine=innodb;
insert into t5 values(1,1),(2,2);
create table t6( a int primary key, b int) engine=innodb;
insert into t6 values(1,1),(2,2);
connect  con1,localhost,root,,;
connect  con2,localhost,root,,;
connect  con3,localhost,root,,;
connect  con4,localhost,root,,;
connect  con5,localhost,root,,;
connect  con6,localhost,root,,;
connection con1;
set gtid_domain_id=22;
alter table t1 add column c int, force, algorithm=inplace;;
connection con2;
set gtid_domain_id=22;
alter table t2 add column c int, force, algorithm=inplace;;
connection con3;
set gtid_domain_id=22;
alter table t3 add column c int, force, algorithm=inplace;;
connection con4;
set gtid_domain_id=23;
alter table t4 add column c int, force, algorithm=inplace;;
connection con5;
set gtid_domain_id=23;
alter table t5 add column c int, force, algorithm=inplace;;
connection con6;
set gtid_domain_id=23;
alter table t6 add column c int, force, algorithm=inplace;;
connection master;
set DEBUG_SYNC= "now signal alter_cont";
connection con1;
connection con2;
connection con3;
connection con4;
connection con5;
connection con6;
connection master;
set DEBUG_SYNC= 'RESET';
connection con1;
alter table t1 add column d int, force, algorithm=inplace;;
connection con2;
alter table t2 add column d int, force, algorithm=inplace;;
connection con3;
alter table t3 add column d int, force, algorithm=inplace;;
connection con4;
alter table t4 add column d int, force, algorithm=inplace;;
connection con5;
alter table t5 add column d int, force, algorithm=inplace;;
connection con6;
alter table t6 add column d int, force, algorithm=inplace;;
connection master;
set DEBUG_SYNC= "now signal alter_cont";
connection con1;
connection con2;
connection con3;
connection con4;
connection con5;
connection con6;
connection master;
set DEBUG_SYNC= 'RESET';
connection master;
select @@gtid_binlog_state;
@@gtid_binlog_state
0-1-21,22-1-12,23-1-12
include/save_master_gtid.inc
connection slave;
include/sync_with_master_gtid.inc
select @@gtid_binlog_state;
@@gtid_binlog_state
0-1-21,22-1-12,23-1-12
select @@gtid_slave_pos;
@@gtid_slave_pos
0-1-21,22-1-12,23-1-12
show create table t6;
Table	Create Table
t6	CREATE TABLE `t6` (
  `a` int(11) NOT NULL,
  `b` int(11) DEFAULT NULL,
  `c` int(11) DEFAULT NULL,
  `d` int(11) DEFAULT NULL,
  PRIMARY KEY (`a`)
) ENGINE=InnoDB DEFAULT CHARSET=latin1
connection master;
drop table t1,t2,t3,t4,t5,t6;
set global binlog_split_alter=false;
set global debug_dbug="";
connection slave;
include/stop_slave.inc
SET GLOBAL slave_parallel_threads=0;
set global slave_parallel_mode=conservative;
set global debug_dbug="";
include/start_slave.inc
include/rpl_end.inc
