#
# Bug #XXXXXX: INET_ATON() returns signed, not unsigned
#
DROP TABLE IF EXISTS ttt1;
Warnings:
Note	1051	Unknown table 'test.ttt1'
DROP VIEW IF EXISTS vvv1;
Warnings:
Note	4092	Unknown VIEW: 'test.vvv1'
CREATE TABLE ttt1 (
f01 int, f02 int, f03 int, f04 int, f05 int, f06 int, f07 int, f08 int,
f09 int, f10 int, f11 int, f12 int, f13 int, f14 int, f15 int, f16 int,
f17 int, f18 int, f19 int, f20 int, f21 int, f22 int, f23 int, f24 int,
f25 int, f26 int, f27 int, f28 int, f29 int, f30 int, f31 int, f32 int,
f33 int, f34 int, f35 int, f36 int, f37 int, f38 int, f39 int, f40 int,
f41 int, f42 int, f43 int, f44 int, f45 int, f46 int, f47 int, f48 int,
f49 int, f50 int, f51 int, f52 int, f53 int, f54 int, f55 int, f56 int,
f57 int, f58 int, f59 int, f60 int, f61 int, f62 int, f63 int, f64 int,
f65 int);
CREATE ALGORITHM=TEMPTABLE VIEW vvv1 AS SELECT * FROM ttt1;
INSERT INTO ttt1 VALUES (),();
INSERT INTO ttt1 VALUES (1,1,1,1,1,1,1,1,1,1,1,1,1,1,1,1,1,1,1,1,
1,1,1,1,1,1,1,1,1,1,1,1,1,1,1,1,1,1,1,1,
1,1,1,1,1,1,1,1,1,1,1,1,1,1,1,1,1,1,1,1,
1,1,1,1,1);
SELECT * FROM vvv1 NATURAL JOIN ttt1;
f01	f02	f03	f04	f05	f06	f07	f08	f09	f10	f11	f12	f13	f14	f15	f16	f17	f18	f19	f20	f21	f22	f23	f24	f25	f26	f27	f28	f29	f30	f31	f32	f33	f34	f35	f36	f37	f38	f39	f40	f41	f42	f43	f44	f45	f46	f47	f48	f49	f50	f51	f52	f53	f54	f55	f56	f57	f58	f59	f60	f61	f62	f63	f64	f65
1	1	1	1	1	1	1	1	1	1	1	1	1	1	1	1	1	1	1	1	1	1	1	1	1	1	1	1	1	1	1	1	1	1	1	1	1	1	1	1	1	1	1	1	1	1	1	1	1	1	1	1	1	1	1	1	1	1	1	1	1	1	1	1	1
DROP VIEW vvv1;
DROP TABLE ttt1;
