SET SESSION query_response_time_exec_time_debug=100000;
SET GLOBAL QUERY_RESPONSE_TIME_STATS=0;
SET GLOBAL QUERY_RESPONSE_TIME_RANGE_BASE=1;
Warnings:
Warning	1292	Truncated incorrect query_response_time_range_base value: '1'
FLUSH QUERY_RESPONSE_TIME;
SELECT * FROM INFORMATION_SCHEMA.QUERY_RESPONSE_TIME;
TIME	COUNT	TOTAL
      0.000001	0	      0.000000
      0.000003	0	      0.000000
      0.000007	0	      0.000000
      0.000015	0	      0.000000
      0.000030	0	      0.000000
      0.000061	0	      0.000000
      0.000122	0	      0.000000
      0.000244	0	      0.000000
      0.000488	0	      0.000000
      0.000976	0	      0.000000
      0.001953	0	      0.000000
      0.003906	0	      0.000000
      0.007812	0	      0.000000
      0.015625	0	      0.000000
      0.031250	0	      0.000000
      0.062500	0	      0.000000
      0.125000	0	      0.000000
      0.250000	0	      0.000000
      0.500000	0	      0.000000
      1.000000	0	      0.000000
      2.000000	0	      0.000000
      4.000000	0	      0.000000
      8.000000	0	      0.000000
     16.000000	0	      0.000000
     32.000000	0	      0.000000
     64.000000	0	      0.000000
    128.000000	0	      0.000000
    256.000000	0	      0.000000
    512.000000	0	      0.000000
   1024.000000	0	      0.000000
   2048.000000	0	      0.000000
   4096.000000	0	      0.000000
   8192.000000	0	      0.000000
  16384.000000	0	      0.000000
  32768.000000	0	      0.000000
  65536.000000	0	      0.000000
 131072.000000	0	      0.000000
 262144.000000	0	      0.000000
 524288.000000	0	      0.000000
1048576.000000	0	      0.000000
2097152.000000	0	      0.000000
4194304.000000	0	      0.000000
8388608.000000	0	      0.000000
TOO LONG	0	TOO LONG
SET GLOBAL QUERY_RESPONSE_TIME_STATS=1;
SET SESSION query_response_time_exec_time_debug=310000;
SELECT 1;
1
1
SET SESSION query_response_time_exec_time_debug=320000;
SELECT 1;
1
1
SET SESSION query_response_time_exec_time_debug=330000;
SELECT 1;
1
1
SET SESSION query_response_time_exec_time_debug=340000;
SELECT 1;
1
1
SET SESSION query_response_time_exec_time_debug=350000;
SELECT 1;
1
1
SET SESSION query_response_time_exec_time_debug=360000;
SELECT 1;
1
1
SET SESSION query_response_time_exec_time_debug=370000;
SELECT 1;
1
1
SET SESSION query_response_time_exec_time_debug=380000;
SELECT 1;
1
1
SET SESSION query_response_time_exec_time_debug=390000;
SELECT 1;
1
1
SET SESSION query_response_time_exec_time_debug=400000;
SELECT 1;
1
1
SET SESSION query_response_time_exec_time_debug=1100000;
SELECT 1;
1
1
SET SESSION query_response_time_exec_time_debug=1200000;
SELECT 1;
1
1
SET SESSION query_response_time_exec_time_debug=1300000;
SELECT 1;
1
1
SET SESSION query_response_time_exec_time_debug=1500000;
SELECT 1;
1
1
SET SESSION query_response_time_exec_time_debug=1400000;
SELECT 1;
1
1
SET SESSION query_response_time_exec_time_debug=500000;
SELECT 1;
1
1
SET SESSION query_response_time_exec_time_debug=2100000;
SELECT 1;
1
1
SET SESSION query_response_time_exec_time_debug=2300000;
SELECT 1;
1
1
SET SESSION query_response_time_exec_time_debug=2500000;
SELECT 1;
1
1
SET SESSION query_response_time_exec_time_debug=3100000;
SELECT 1;
1
1
SET SESSION query_response_time_exec_time_debug=4100000;
SELECT 1;
1
1
SET SESSION query_response_time_exec_time_debug=5100000;
SELECT 1;
1
1
SET SESSION query_response_time_exec_time_debug=100000;
SET GLOBAL QUERY_RESPONSE_TIME_STATS=0;
SHOW GLOBAL VARIABLES where Variable_name like 'QUERY_RESPONSE_TIME_RANGE_BASE';
Variable_name	Value
query_response_time_range_base	2
SHOW QUERY_RESPONSE_TIME;
Time	Count	Total
      0.000001	24	      0.000000
      0.000003	0	      0.000000
      0.000007	0	      0.000000
      0.000015	0	      0.000000
      0.000030	0	      0.000000
      0.000061	0	      0.000000
      0.000122	0	      0.000000
      0.000244	0	      0.000000
      0.000488	0	      0.000000
      0.000976	0	      0.000000
      0.001953	0	      0.000000
      0.003906	0	      0.000000
      0.007812	0	      0.000000
      0.015625	0	      0.000000
      0.031250	0	      0.000000
      0.062500	0	      0.000000
      0.125000	0	      0.000000
      0.250000	0	      0.000000
      0.500000	10	      3.550000
      1.000000	1	      0.500000
      2.000000	5	      6.500000
      4.000000	4	     10.000000
      8.000000	2	      9.200000
     16.000000	0	      0.000000
     32.000000	0	      0.000000
     64.000000	0	      0.000000
    128.000000	0	      0.000000
    256.000000	0	      0.000000
    512.000000	0	      0.000000
   1024.000000	0	      0.000000
   2048.000000	0	      0.000000
   4096.000000	0	      0.000000
   8192.000000	0	      0.000000
  16384.000000	0	      0.000000
  32768.000000	0	      0.000000
  65536.000000	0	      0.000000
 131072.000000	0	      0.000000
 262144.000000	0	      0.000000
 524288.000000	0	      0.000000
1048576.000000	0	      0.000000
2097152.000000	0	      0.000000
4194304.000000	0	      0.000000
8388608.000000	0	      0.000000
TOO LONG	0	TOO LONG
SET SESSION query_response_time_exec_time_debug=default;
SET SESSION query_response_time_exec_time_debug=100000;
SET GLOBAL QUERY_RESPONSE_TIME_STATS=0;
SET GLOBAL QUERY_RESPONSE_TIME_RANGE_BASE=2;
FLUSH QUERY_RESPONSE_TIME;
SELECT * FROM INFORMATION_SCHEMA.QUERY_RESPONSE_TIME;
TIME	COUNT	TOTAL
      0.000001	0	      0.000000
      0.000003	0	      0.000000
      0.000007	0	      0.000000
      0.000015	0	      0.000000
      0.000030	0	      0.000000
      0.000061	0	      0.000000
      0.000122	0	      0.000000
      0.000244	0	      0.000000
      0.000488	0	      0.000000
      0.000976	0	      0.000000
      0.001953	0	      0.000000
      0.003906	0	      0.000000
      0.007812	0	      0.000000
      0.015625	0	      0.000000
      0.031250	0	      0.000000
      0.062500	0	      0.000000
      0.125000	0	      0.000000
      0.250000	0	      0.000000
      0.500000	0	      0.000000
      1.000000	0	      0.000000
      2.000000	0	      0.000000
      4.000000	0	      0.000000
      8.000000	0	      0.000000
     16.000000	0	      0.000000
     32.000000	0	      0.000000
     64.000000	0	      0.000000
    128.000000	0	      0.000000
    256.000000	0	      0.000000
    512.000000	0	      0.000000
   1024.000000	0	      0.000000
   2048.000000	0	      0.000000
   4096.000000	0	      0.000000
   8192.000000	0	      0.000000
  16384.000000	0	      0.000000
  32768.000000	0	      0.000000
  65536.000000	0	      0.000000
 131072.000000	0	      0.000000
 262144.000000	0	      0.000000
 524288.000000	0	      0.000000
1048576.000000	0	      0.000000
2097152.000000	0	      0.000000
4194304.000000	0	      0.000000
8388608.000000	0	      0.000000
TOO LONG	0	TOO LONG
SET GLOBAL QUERY_RESPONSE_TIME_STATS=1;
SET SESSION query_response_time_exec_time_debug=310000;
SELECT 1;
1
1
SET SESSION query_response_time_exec_time_debug=320000;
SELECT 1;
1
1
SET SESSION query_response_time_exec_time_debug=330000;
SELECT 1;
1
1
SET SESSION query_response_time_exec_time_debug=340000;
SELECT 1;
1
1
SET SESSION query_response_time_exec_time_debug=350000;
SELECT 1;
1
1
SET SESSION query_response_time_exec_time_debug=360000;
SELECT 1;
1
1
SET SESSION query_response_time_exec_time_debug=370000;
SELECT 1;
1
1
SET SESSION query_response_time_exec_time_debug=380000;
SELECT 1;
1
1
SET SESSION query_response_time_exec_time_debug=390000;
SELECT 1;
1
1
SET SESSION query_response_time_exec_time_debug=400000;
SELECT 1;
1
1
SET SESSION query_response_time_exec_time_debug=1100000;
SELECT 1;
1
1
SET SESSION query_response_time_exec_time_debug=1200000;
SELECT 1;
1
1
SET SESSION query_response_time_exec_time_debug=1300000;
SELECT 1;
1
1
SET SESSION query_response_time_exec_time_debug=1500000;
SELECT 1;
1
1
SET SESSION query_response_time_exec_time_debug=1400000;
SELECT 1;
1
1
SET SESSION query_response_time_exec_time_debug=500000;
SELECT 1;
1
1
SET SESSION query_response_time_exec_time_debug=2100000;
SELECT 1;
1
1
SET SESSION query_response_time_exec_time_debug=2300000;
SELECT 1;
1
1
SET SESSION query_response_time_exec_time_debug=2500000;
SELECT 1;
1
1
SET SESSION query_response_time_exec_time_debug=3100000;
SELECT 1;
1
1
SET SESSION query_response_time_exec_time_debug=4100000;
SELECT 1;
1
1
SET SESSION query_response_time_exec_time_debug=5100000;
SELECT 1;
1
1
SET SESSION query_response_time_exec_time_debug=100000;
SET GLOBAL QUERY_RESPONSE_TIME_STATS=0;
SHOW GLOBAL VARIABLES where Variable_name like 'QUERY_RESPONSE_TIME_RANGE_BASE';
Variable_name	Value
query_response_time_range_base	2
SHOW QUERY_RESPONSE_TIME;
Time	Count	Total
      0.000001	24	      0.000000
      0.000003	0	      0.000000
      0.000007	0	      0.000000
      0.000015	0	      0.000000
      0.000030	0	      0.000000
      0.000061	0	      0.000000
      0.000122	0	      0.000000
      0.000244	0	      0.000000
      0.000488	0	      0.000000
      0.000976	0	      0.000000
      0.001953	0	      0.000000
      0.003906	0	      0.000000
      0.007812	0	      0.000000
      0.015625	0	      0.000000
      0.031250	0	      0.000000
      0.062500	0	      0.000000
      0.125000	0	      0.000000
      0.250000	0	      0.000000
      0.500000	10	      3.550000
      1.000000	1	      0.500000
      2.000000	5	      6.500000
      4.000000	4	     10.000000
      8.000000	2	      9.200000
     16.000000	0	      0.000000
     32.000000	0	      0.000000
     64.000000	0	      0.000000
    128.000000	0	      0.000000
    256.000000	0	      0.000000
    512.000000	0	      0.000000
   1024.000000	0	      0.000000
   2048.000000	0	      0.000000
   4096.000000	0	      0.000000
   8192.000000	0	      0.000000
  16384.000000	0	      0.000000
  32768.000000	0	      0.000000
  65536.000000	0	      0.000000
 131072.000000	0	      0.000000
 262144.000000	0	      0.000000
 524288.000000	0	      0.000000
1048576.000000	0	      0.000000
2097152.000000	0	      0.000000
4194304.000000	0	      0.000000
8388608.000000	0	      0.000000
TOO LONG	0	TOO LONG
SET SESSION query_response_time_exec_time_debug=default;
SET SESSION query_response_time_exec_time_debug=100000;
SET GLOBAL QUERY_RESPONSE_TIME_STATS=0;
SET GLOBAL QUERY_RESPONSE_TIME_RANGE_BASE=10;
FLUSH QUERY_RESPONSE_TIME;
SELECT * FROM INFORMATION_SCHEMA.QUERY_RESPONSE_TIME;
TIME	COUNT	TOTAL
      0.000001	0	      0.000000
      0.000010	0	      0.000000
      0.000100	0	      0.000000
      0.001000	0	      0.000000
      0.010000	0	      0.000000
      0.100000	0	      0.000000
      1.000000	0	      0.000000
     10.000000	0	      0.000000
    100.000000	0	      0.000000
   1000.000000	0	      0.000000
  10000.000000	0	      0.000000
 100000.000000	0	      0.000000
1000000.000000	0	      0.000000
TOO LONG	0	TOO LONG
SET GLOBAL QUERY_RESPONSE_TIME_STATS=1;
SET SESSION query_response_time_exec_time_debug=310000;
SELECT 1;
1
1
SET SESSION query_response_time_exec_time_debug=320000;
SELECT 1;
1
1
SET SESSION query_response_time_exec_time_debug=330000;
SELECT 1;
1
1
SET SESSION query_response_time_exec_time_debug=340000;
SELECT 1;
1
1
SET SESSION query_response_time_exec_time_debug=350000;
SELECT 1;
1
1
SET SESSION query_response_time_exec_time_debug=360000;
SELECT 1;
1
1
SET SESSION query_response_time_exec_time_debug=370000;
SELECT 1;
1
1
SET SESSION query_response_time_exec_time_debug=380000;
SELECT 1;
1
1
SET SESSION query_response_time_exec_time_debug=390000;
SELECT 1;
1
1
SET SESSION query_response_time_exec_time_debug=400000;
SELECT 1;
1
1
SET SESSION query_response_time_exec_time_debug=1100000;
SELECT 1;
1
1
SET SESSION query_response_time_exec_time_debug=1200000;
SELECT 1;
1
1
SET SESSION query_response_time_exec_time_debug=1300000;
SELECT 1;
1
1
SET SESSION query_response_time_exec_time_debug=1500000;
SELECT 1;
1
1
SET SESSION query_response_time_exec_time_debug=1400000;
SELECT 1;
1
1
SET SESSION query_response_time_exec_time_debug=500000;
SELECT 1;
1
1
SET SESSION query_response_time_exec_time_debug=2100000;
SELECT 1;
1
1
SET SESSION query_response_time_exec_time_debug=2300000;
SELECT 1;
1
1
SET SESSION query_response_time_exec_time_debug=2500000;
SELECT 1;
1
1
SET SESSION query_response_time_exec_time_debug=3100000;
SELECT 1;
1
1
SET SESSION query_response_time_exec_time_debug=4100000;
SELECT 1;
1
1
SET SESSION query_response_time_exec_time_debug=5100000;
SELECT 1;
1
1
SET SESSION query_response_time_exec_time_debug=100000;
SET GLOBAL QUERY_RESPONSE_TIME_STATS=0;
SHOW GLOBAL VARIABLES where Variable_name like 'QUERY_RESPONSE_TIME_RANGE_BASE';
Variable_name	Value
query_response_time_range_base	10
SHOW QUERY_RESPONSE_TIME;
Time	Count	Total
      0.000001	24	      0.000000
      0.000010	0	      0.000000
      0.000100	0	      0.000000
      0.001000	0	      0.000000
      0.010000	0	      0.000000
      0.100000	0	      0.000000
      1.000000	11	      4.050000
     10.000000	11	     25.700000
    100.000000	0	      0.000000
   1000.000000	0	      0.000000
  10000.000000	0	      0.000000
 100000.000000	0	      0.000000
1000000.000000	0	      0.000000
TOO LONG	0	TOO LONG
SET SESSION query_response_time_exec_time_debug=default;
SET SESSION query_response_time_exec_time_debug=100000;
SET GLOBAL QUERY_RESPONSE_TIME_STATS=0;
SET GLOBAL QUERY_RESPONSE_TIME_RANGE_BASE=7;
FLUSH QUERY_RESPONSE_TIME;
SELECT * FROM INFORMATION_SCHEMA.QUERY_RESPONSE_TIME;
TIME	COUNT	TOTAL
      0.000001	0	      0.000000
      0.000008	0	      0.000000
      0.000059	0	      0.000000
      0.000416	0	      0.000000
      0.002915	0	      0.000000
      0.020408	0	      0.000000
      0.142857	0	      0.000000
      1.000000	0	      0.000000
      7.000000	0	      0.000000
     49.000000	0	      0.000000
    343.000000	0	      0.000000
   2401.000000	0	      0.000000
  16807.000000	0	      0.000000
 117649.000000	0	      0.000000
 823543.000000	0	      0.000000
5764801.000000	0	      0.000000
TOO LONG	0	TOO LONG
SET GLOBAL QUERY_RESPONSE_TIME_STATS=1;
SET SESSION query_response_time_exec_time_debug=310000;
SELECT 1;
1
1
SET SESSION query_response_time_exec_time_debug=320000;
SELECT 1;
1
1
SET SESSION query_response_time_exec_time_debug=330000;
SELECT 1;
1
1
SET SESSION query_response_time_exec_time_debug=340000;
SELECT 1;
1
1
SET SESSION query_response_time_exec_time_debug=350000;
SELECT 1;
1
1
SET SESSION query_response_time_exec_time_debug=360000;
SELECT 1;
1
1
SET SESSION query_response_time_exec_time_debug=370000;
SELECT 1;
1
1
SET SESSION query_response_time_exec_time_debug=380000;
SELECT 1;
1
1
SET SESSION query_response_time_exec_time_debug=390000;
SELECT 1;
1
1
SET SESSION query_response_time_exec_time_debug=400000;
SELECT 1;
1
1
SET SESSION query_response_time_exec_time_debug=1100000;
SELECT 1;
1
1
SET SESSION query_response_time_exec_time_debug=1200000;
SELECT 1;
1
1
SET SESSION query_response_time_exec_time_debug=1300000;
SELECT 1;
1
1
SET SESSION query_response_time_exec_time_debug=1500000;
SELECT 1;
1
1
SET SESSION query_response_time_exec_time_debug=1400000;
SELECT 1;
1
1
SET SESSION query_response_time_exec_time_debug=500000;
SELECT 1;
1
1
SET SESSION query_response_time_exec_time_debug=2100000;
SELECT 1;
1
1
SET SESSION query_response_time_exec_time_debug=2300000;
SELECT 1;
1
1
SET SESSION query_response_time_exec_time_debug=2500000;
SELECT 1;
1
1
SET SESSION query_response_time_exec_time_debug=3100000;
SELECT 1;
1
1
SET SESSION query_response_time_exec_time_debug=4100000;
SELECT 1;
1
1
SET SESSION query_response_time_exec_time_debug=5100000;
SELECT 1;
1
1
SET SESSION query_response_time_exec_time_debug=100000;
SET GLOBAL QUERY_RESPONSE_TIME_STATS=0;
SHOW GLOBAL VARIABLES where Variable_name like 'QUERY_RESPONSE_TIME_RANGE_BASE';
Variable_name	Value
query_response_time_range_base	7
SHOW QUERY_RESPONSE_TIME;
Time	Count	Total
      0.000001	24	      0.000000
      0.000008	0	      0.000000
      0.000059	0	      0.000000
      0.000416	0	      0.000000
      0.002915	0	      0.000000
      0.020408	0	      0.000000
      0.142857	0	      0.000000
      1.000000	11	      4.050000
      7.000000	11	     25.700000
     49.000000	0	      0.000000
    343.000000	0	      0.000000
   2401.000000	0	      0.000000
  16807.000000	0	      0.000000
 117649.000000	0	      0.000000
 823543.000000	0	      0.000000
5764801.000000	0	      0.000000
TOO LONG	0	TOO LONG
SET SESSION query_response_time_exec_time_debug=default;
SET SESSION query_response_time_exec_time_debug=100000;
SET GLOBAL QUERY_RESPONSE_TIME_STATS=0;
SET GLOBAL QUERY_RESPONSE_TIME_RANGE_BASE=156;
FLUSH QUERY_RESPONSE_TIME;
SELECT * FROM INFORMATION_SCHEMA.QUERY_RESPONSE_TIME;
TIME	COUNT	TOTAL
      0.000041	0	      0.000000
      0.006410	0	      0.000000
      1.000000	0	      0.000000
    156.000000	0	      0.000000
  24336.000000	0	      0.000000
3796416.000000	0	      0.000000
TOO LONG	0	TOO LONG
SET GLOBAL QUERY_RESPONSE_TIME_STATS=1;
SET SESSION query_response_time_exec_time_debug=310000;
SELECT 1;
1
1
SET SESSION query_response_time_exec_time_debug=320000;
SELECT 1;
1
1
SET SESSION query_response_time_exec_time_debug=330000;
SELECT 1;
1
1
SET SESSION query_response_time_exec_time_debug=340000;
SELECT 1;
1
1
SET SESSION query_response_time_exec_time_debug=350000;
SELECT 1;
1
1
SET SESSION query_response_time_exec_time_debug=360000;
SELECT 1;
1
1
SET SESSION query_response_time_exec_time_debug=370000;
SELECT 1;
1
1
SET SESSION query_response_time_exec_time_debug=380000;
SELECT 1;
1
1
SET SESSION query_response_time_exec_time_debug=390000;
SELECT 1;
1
1
SET SESSION query_response_time_exec_time_debug=400000;
SELECT 1;
1
1
SET SESSION query_response_time_exec_time_debug=1100000;
SELECT 1;
1
1
SET SESSION query_response_time_exec_time_debug=1200000;
SELECT 1;
1
1
SET SESSION query_response_time_exec_time_debug=1300000;
SELECT 1;
1
1
SET SESSION query_response_time_exec_time_debug=1500000;
SELECT 1;
1
1
SET SESSION query_response_time_exec_time_debug=1400000;
SELECT 1;
1
1
SET SESSION query_response_time_exec_time_debug=500000;
SELECT 1;
1
1
SET SESSION query_response_time_exec_time_debug=2100000;
SELECT 1;
1
1
SET SESSION query_response_time_exec_time_debug=2300000;
SELECT 1;
1
1
SET SESSION query_response_time_exec_time_debug=2500000;
SELECT 1;
1
1
SET SESSION query_response_time_exec_time_debug=3100000;
SELECT 1;
1
1
SET SESSION query_response_time_exec_time_debug=4100000;
SELECT 1;
1
1
SET SESSION query_response_time_exec_time_debug=5100000;
SELECT 1;
1
1
SET SESSION query_response_time_exec_time_debug=100000;
SET GLOBAL QUERY_RESPONSE_TIME_STATS=0;
SHOW GLOBAL VARIABLES where Variable_name like 'QUERY_RESPONSE_TIME_RANGE_BASE';
Variable_name	Value
query_response_time_range_base	156
SHOW QUERY_RESPONSE_TIME;
Time	Count	Total
      0.000041	24	      0.000000
      0.006410	0	      0.000000
      1.000000	11	      4.050000
    156.000000	11	     25.700000
  24336.000000	0	      0.000000
3796416.000000	0	      0.000000
TOO LONG	0	TOO LONG
SET SESSION query_response_time_exec_time_debug=default;
SET SESSION query_response_time_exec_time_debug=100000;
SET GLOBAL QUERY_RESPONSE_TIME_STATS=0;
SET GLOBAL QUERY_RESPONSE_TIME_RANGE_BASE=1000;
FLUSH QUERY_RESPONSE_TIME;
SELECT * FROM INFORMATION_SCHEMA.QUERY_RESPONSE_TIME;
TIME	COUNT	TOTAL
      0.000001	0	      0.000000
      0.001000	0	      0.000000
      1.000000	0	      0.000000
   1000.000000	0	      0.000000
1000000.000000	0	      0.000000
TOO LONG	0	TOO LONG
SET GLOBAL QUERY_RESPONSE_TIME_STATS=1;
SET SESSION query_response_time_exec_time_debug=310000;
SELECT 1;
1
1
SET SESSION query_response_time_exec_time_debug=320000;
SELECT 1;
1
1
SET SESSION query_response_time_exec_time_debug=330000;
SELECT 1;
1
1
SET SESSION query_response_time_exec_time_debug=340000;
SELECT 1;
1
1
SET SESSION query_response_time_exec_time_debug=350000;
SELECT 1;
1
1
SET SESSION query_response_time_exec_time_debug=360000;
SELECT 1;
1
1
SET SESSION query_response_time_exec_time_debug=370000;
SELECT 1;
1
1
SET SESSION query_response_time_exec_time_debug=380000;
SELECT 1;
1
1
SET SESSION query_response_time_exec_time_debug=390000;
SELECT 1;
1
1
SET SESSION query_response_time_exec_time_debug=400000;
SELECT 1;
1
1
SET SESSION query_response_time_exec_time_debug=1100000;
SELECT 1;
1
1
SET SESSION query_response_time_exec_time_debug=1200000;
SELECT 1;
1
1
SET SESSION query_response_time_exec_time_debug=1300000;
SELECT 1;
1
1
SET SESSION query_response_time_exec_time_debug=1500000;
SELECT 1;
1
1
SET SESSION query_response_time_exec_time_debug=1400000;
SELECT 1;
1
1
SET SESSION query_response_time_exec_time_debug=500000;
SELECT 1;
1
1
SET SESSION query_response_time_exec_time_debug=2100000;
SELECT 1;
1
1
SET SESSION query_response_time_exec_time_debug=2300000;
SELECT 1;
1
1
SET SESSION query_response_time_exec_time_debug=2500000;
SELECT 1;
1
1
SET SESSION query_response_time_exec_time_debug=3100000;
SELECT 1;
1
1
SET SESSION query_response_time_exec_time_debug=4100000;
SELECT 1;
1
1
SET SESSION query_response_time_exec_time_debug=5100000;
SELECT 1;
1
1
SET SESSION query_response_time_exec_time_debug=100000;
SET GLOBAL QUERY_RESPONSE_TIME_STATS=0;
SHOW GLOBAL VARIABLES where Variable_name like 'QUERY_RESPONSE_TIME_RANGE_BASE';
Variable_name	Value
query_response_time_range_base	1000
SHOW QUERY_RESPONSE_TIME;
Time	Count	Total
      0.000001	24	      0.000000
      0.001000	0	      0.000000
      1.000000	11	      4.050000
   1000.000000	11	     25.700000
1000000.000000	0	      0.000000
TOO LONG	0	TOO LONG
SET SESSION query_response_time_exec_time_debug=default;
SET SESSION query_response_time_exec_time_debug=100000;
SET GLOBAL QUERY_RESPONSE_TIME_STATS=0;
SET GLOBAL QUERY_RESPONSE_TIME_RANGE_BASE=1001;
Warnings:
Warning	1292	Truncated incorrect query_response_time_range_base value: '1001'
FLUSH QUERY_RESPONSE_TIME;
SELECT * FROM INFORMATION_SCHEMA.QUERY_RESPONSE_TIME;
TIME	COUNT	TOTAL
      0.000001	0	      0.000000
      0.001000	0	      0.000000
      1.000000	0	      0.000000
   1000.000000	0	      0.000000
1000000.000000	0	      0.000000
TOO LONG	0	TOO LONG
SET GLOBAL QUERY_RESPONSE_TIME_STATS=1;
SET SESSION query_response_time_exec_time_debug=310000;
SELECT 1;
1
1
SET SESSION query_response_time_exec_time_debug=320000;
SELECT 1;
1
1
SET SESSION query_response_time_exec_time_debug=330000;
SELECT 1;
1
1
SET SESSION query_response_time_exec_time_debug=340000;
SELECT 1;
1
1
SET SESSION query_response_time_exec_time_debug=350000;
SELECT 1;
1
1
SET SESSION query_response_time_exec_time_debug=360000;
SELECT 1;
1
1
SET SESSION query_response_time_exec_time_debug=370000;
SELECT 1;
1
1
SET SESSION query_response_time_exec_time_debug=380000;
SELECT 1;
1
1
SET SESSION query_response_time_exec_time_debug=390000;
SELECT 1;
1
1
SET SESSION query_response_time_exec_time_debug=400000;
SELECT 1;
1
1
SET SESSION query_response_time_exec_time_debug=1100000;
SELECT 1;
1
1
SET SESSION query_response_time_exec_time_debug=1200000;
SELECT 1;
1
1
SET SESSION query_response_time_exec_time_debug=1300000;
SELECT 1;
1
1
SET SESSION query_response_time_exec_time_debug=1500000;
SELECT 1;
1
1
SET SESSION query_response_time_exec_time_debug=1400000;
SELECT 1;
1
1
SET SESSION query_response_time_exec_time_debug=500000;
SELECT 1;
1
1
SET SESSION query_response_time_exec_time_debug=2100000;
SELECT 1;
1
1
SET SESSION query_response_time_exec_time_debug=2300000;
SELECT 1;
1
1
SET SESSION query_response_time_exec_time_debug=2500000;
SELECT 1;
1
1
SET SESSION query_response_time_exec_time_debug=3100000;
SELECT 1;
1
1
SET SESSION query_response_time_exec_time_debug=4100000;
SELECT 1;
1
1
SET SESSION query_response_time_exec_time_debug=5100000;
SELECT 1;
1
1
SET SESSION query_response_time_exec_time_debug=100000;
SET GLOBAL QUERY_RESPONSE_TIME_STATS=0;
SHOW GLOBAL VARIABLES where Variable_name like 'QUERY_RESPONSE_TIME_RANGE_BASE';
Variable_name	Value
query_response_time_range_base	1000
SHOW QUERY_RESPONSE_TIME;
Time	Count	Total
      0.000001	24	      0.000000
      0.001000	0	      0.000000
      1.000000	11	      4.050000
   1000.000000	11	     25.700000
1000000.000000	0	      0.000000
TOO LONG	0	TOO LONG
SET SESSION query_response_time_exec_time_debug=default;
SET GLOBAL QUERY_RESPONSE_TIME_RANGE_BASE=default;
SET GLOBAL QUERY_RESPONSE_TIME_STATS=default;
