CREATE TABLE valid_values (value varchar(255)) ENGINE=myisam;
INSERT INTO valid_values VALUES(0);
INSERT INTO valid_values VALUES(1);
INSERT INTO valid_values VALUES('on');
INSERT INTO valid_values VALUES('off');
INSERT INTO valid_values VALUES('true');
INSERT INTO valid_values VALUES('false');
CREATE TABLE invalid_values (value varchar(255)) ENGINE=myisam;
INSERT INTO invalid_values VALUES('\'aaa\'');
INSERT INTO invalid_values VALUES('\'bbb\'');
SET @start_global_value = @@global.ROCKSDB_SKIP_UNIQUE_CHECK;
SELECT @start_global_value;
@start_global_value
0
SET @start_session_value = @@session.ROCKSDB_SKIP_UNIQUE_CHECK;
SELECT @start_session_value;
@start_session_value
0
'# Setting to valid values in global scope#'
"Trying to set variable @@global.ROCKSDB_SKIP_UNIQUE_CHECK to 0"
SET @@global.ROCKSDB_SKIP_UNIQUE_CHECK   = 0;
SELECT @@global.ROCKSDB_SKIP_UNIQUE_CHECK;
@@global.ROCKSDB_SKIP_UNIQUE_CHECK
0
"Setting the global scope variable back to default"
SET @@global.ROCKSDB_SKIP_UNIQUE_CHECK = DEFAULT;
SELECT @@global.ROCKSDB_SKIP_UNIQUE_CHECK;
@@global.ROCKSDB_SKIP_UNIQUE_CHECK
0
"Trying to set variable @@global.ROCKSDB_SKIP_UNIQUE_CHECK to 1"
SET @@global.ROCKSDB_SKIP_UNIQUE_CHECK   = 1;
SELECT @@global.ROCKSDB_SKIP_UNIQUE_CHECK;
@@global.ROCKSDB_SKIP_UNIQUE_CHECK
1
"Setting the global scope variable back to default"
SET @@global.ROCKSDB_SKIP_UNIQUE_CHECK = DEFAULT;
SELECT @@global.ROCKSDB_SKIP_UNIQUE_CHECK;
@@global.ROCKSDB_SKIP_UNIQUE_CHECK
0
"Trying to set variable @@global.ROCKSDB_SKIP_UNIQUE_CHECK to on"
SET @@global.ROCKSDB_SKIP_UNIQUE_CHECK   = on;
SELECT @@global.ROCKSDB_SKIP_UNIQUE_CHECK;
@@global.ROCKSDB_SKIP_UNIQUE_CHECK
1
"Setting the global scope variable back to default"
SET @@global.ROCKSDB_SKIP_UNIQUE_CHECK = DEFAULT;
SELECT @@global.ROCKSDB_SKIP_UNIQUE_CHECK;
@@global.ROCKSDB_SKIP_UNIQUE_CHECK
0
"Trying to set variable @@global.ROCKSDB_SKIP_UNIQUE_CHECK to off"
SET @@global.ROCKSDB_SKIP_UNIQUE_CHECK   = off;
SELECT @@global.ROCKSDB_SKIP_UNIQUE_CHECK;
@@global.ROCKSDB_SKIP_UNIQUE_CHECK
0
"Setting the global scope variable back to default"
SET @@global.ROCKSDB_SKIP_UNIQUE_CHECK = DEFAULT;
SELECT @@global.ROCKSDB_SKIP_UNIQUE_CHECK;
@@global.ROCKSDB_SKIP_UNIQUE_CHECK
0
"Trying to set variable @@global.ROCKSDB_SKIP_UNIQUE_CHECK to true"
SET @@global.ROCKSDB_SKIP_UNIQUE_CHECK   = true;
SELECT @@global.ROCKSDB_SKIP_UNIQUE_CHECK;
@@global.ROCKSDB_SKIP_UNIQUE_CHECK
1
"Setting the global scope variable back to default"
SET @@global.ROCKSDB_SKIP_UNIQUE_CHECK = DEFAULT;
SELECT @@global.ROCKSDB_SKIP_UNIQUE_CHECK;
@@global.ROCKSDB_SKIP_UNIQUE_CHECK
0
"Trying to set variable @@global.ROCKSDB_SKIP_UNIQUE_CHECK to false"
SET @@global.ROCKSDB_SKIP_UNIQUE_CHECK   = false;
SELECT @@global.ROCKSDB_SKIP_UNIQUE_CHECK;
@@global.ROCKSDB_SKIP_UNIQUE_CHECK
0
"Setting the global scope variable back to default"
SET @@global.ROCKSDB_SKIP_UNIQUE_CHECK = DEFAULT;
SELECT @@global.ROCKSDB_SKIP_UNIQUE_CHECK;
@@global.ROCKSDB_SKIP_UNIQUE_CHECK
0
'# Setting to valid values in session scope#'
"Trying to set variable @@session.ROCKSDB_SKIP_UNIQUE_CHECK to 0"
SET @@session.ROCKSDB_SKIP_UNIQUE_CHECK   = 0;
SELECT @@session.ROCKSDB_SKIP_UNIQUE_CHECK;
@@session.ROCKSDB_SKIP_UNIQUE_CHECK
0
"Setting the session scope variable back to default"
SET @@session.ROCKSDB_SKIP_UNIQUE_CHECK = DEFAULT;
SELECT @@session.ROCKSDB_SKIP_UNIQUE_CHECK;
@@session.ROCKSDB_SKIP_UNIQUE_CHECK
0
"Trying to set variable @@session.ROCKSDB_SKIP_UNIQUE_CHECK to 1"
SET @@session.ROCKSDB_SKIP_UNIQUE_CHECK   = 1;
SELECT @@session.ROCKSDB_SKIP_UNIQUE_CHECK;
@@session.ROCKSDB_SKIP_UNIQUE_CHECK
1
"Setting the session scope variable back to default"
SET @@session.ROCKSDB_SKIP_UNIQUE_CHECK = DEFAULT;
SELECT @@session.ROCKSDB_SKIP_UNIQUE_CHECK;
@@session.ROCKSDB_SKIP_UNIQUE_CHECK
0
"Trying to set variable @@session.ROCKSDB_SKIP_UNIQUE_CHECK to on"
SET @@session.ROCKSDB_SKIP_UNIQUE_CHECK   = on;
SELECT @@session.ROCKSDB_SKIP_UNIQUE_CHECK;
@@session.ROCKSDB_SKIP_UNIQUE_CHECK
1
"Setting the session scope variable back to default"
SET @@session.ROCKSDB_SKIP_UNIQUE_CHECK = DEFAULT;
SELECT @@session.ROCKSDB_SKIP_UNIQUE_CHECK;
@@session.ROCKSDB_SKIP_UNIQUE_CHECK
0
"Trying to set variable @@session.ROCKSDB_SKIP_UNIQUE_CHECK to off"
SET @@session.ROCKSDB_SKIP_UNIQUE_CHECK   = off;
SELECT @@session.ROCKSDB_SKIP_UNIQUE_CHECK;
@@session.ROCKSDB_SKIP_UNIQUE_CHECK
0
"Setting the session scope variable back to default"
SET @@session.ROCKSDB_SKIP_UNIQUE_CHECK = DEFAULT;
SELECT @@session.ROCKSDB_SKIP_UNIQUE_CHECK;
@@session.ROCKSDB_SKIP_UNIQUE_CHECK
0
"Trying to set variable @@session.ROCKSDB_SKIP_UNIQUE_CHECK to true"
SET @@session.ROCKSDB_SKIP_UNIQUE_CHECK   = true;
SELECT @@session.ROCKSDB_SKIP_UNIQUE_CHECK;
@@session.ROCKSDB_SKIP_UNIQUE_CHECK
1
"Setting the session scope variable back to default"
SET @@session.ROCKSDB_SKIP_UNIQUE_CHECK = DEFAULT;
SELECT @@session.ROCKSDB_SKIP_UNIQUE_CHECK;
@@session.ROCKSDB_SKIP_UNIQUE_CHECK
0
"Trying to set variable @@session.ROCKSDB_SKIP_UNIQUE_CHECK to false"
SET @@session.ROCKSDB_SKIP_UNIQUE_CHECK   = false;
SELECT @@session.ROCKSDB_SKIP_UNIQUE_CHECK;
@@session.ROCKSDB_SKIP_UNIQUE_CHECK
0
"Setting the session scope variable back to default"
SET @@session.ROCKSDB_SKIP_UNIQUE_CHECK = DEFAULT;
SELECT @@session.ROCKSDB_SKIP_UNIQUE_CHECK;
@@session.ROCKSDB_SKIP_UNIQUE_CHECK
0
'# Testing with invalid values in global scope #'
"Trying to set variable @@global.ROCKSDB_SKIP_UNIQUE_CHECK to 'aaa'"
SET @@global.ROCKSDB_SKIP_UNIQUE_CHECK   = 'aaa';
Got one of the listed errors
SELECT @@global.ROCKSDB_SKIP_UNIQUE_CHECK;
@@global.ROCKSDB_SKIP_UNIQUE_CHECK
0
"Trying to set variable @@global.ROCKSDB_SKIP_UNIQUE_CHECK to 'bbb'"
SET @@global.ROCKSDB_SKIP_UNIQUE_CHECK   = 'bbb';
Got one of the listed errors
SELECT @@global.ROCKSDB_SKIP_UNIQUE_CHECK;
@@global.ROCKSDB_SKIP_UNIQUE_CHECK
0
SET @@global.ROCKSDB_SKIP_UNIQUE_CHECK = @start_global_value;
SELECT @@global.ROCKSDB_SKIP_UNIQUE_CHECK;
@@global.ROCKSDB_SKIP_UNIQUE_CHECK
0
SET @@session.ROCKSDB_SKIP_UNIQUE_CHECK = @start_session_value;
SELECT @@session.ROCKSDB_SKIP_UNIQUE_CHECK;
@@session.ROCKSDB_SKIP_UNIQUE_CHECK
0
DROP TABLE valid_values;
DROP TABLE invalid_values;
