CREATE TABLE valid_values (value varchar(255)) ENGINE=myisam;
INSERT INTO valid_values VALUES(1);
INSERT INTO valid_values VALUES(64);
CREATE TABLE invalid_values (value varchar(255)) ENGINE=myisam;
INSERT INTO invalid_values VALUES('\'abc\'');
SET @start_global_value = @@global.ROCKSDB_MAX_BACKGROUND_COMPACTIONS;
SELECT @start_global_value;
@start_global_value
1
'# Setting to valid values in global scope#'
"Trying to set variable @@global.ROCKSDB_MAX_BACKGROUND_COMPACTIONS to 1"
SET @@global.ROCKSDB_MAX_BACKGROUND_COMPACTIONS   = 1;
SELECT @@global.ROCKSDB_MAX_BACKGROUND_COMPACTIONS;
@@global.ROCKSDB_MAX_BACKGROUND_COMPACTIONS
1
"Setting the global scope variable back to default"
SET @@global.ROCKSDB_MAX_BACKGROUND_COMPACTIONS = DEFAULT;
SELECT @@global.ROCKSDB_MAX_BACKGROUND_COMPACTIONS;
@@global.ROCKSDB_MAX_BACKGROUND_COMPACTIONS
1
"Trying to set variable @@global.ROCKSDB_MAX_BACKGROUND_COMPACTIONS to 64"
SET @@global.ROCKSDB_MAX_BACKGROUND_COMPACTIONS   = 64;
SELECT @@global.ROCKSDB_MAX_BACKGROUND_COMPACTIONS;
@@global.ROCKSDB_MAX_BACKGROUND_COMPACTIONS
64
"Setting the global scope variable back to default"
SET @@global.ROCKSDB_MAX_BACKGROUND_COMPACTIONS = DEFAULT;
SELECT @@global.ROCKSDB_MAX_BACKGROUND_COMPACTIONS;
@@global.ROCKSDB_MAX_BACKGROUND_COMPACTIONS
1
"Trying to set variable @@session.ROCKSDB_MAX_BACKGROUND_COMPACTIONS to 444. It should fail because it is not session."
SET @@session.ROCKSDB_MAX_BACKGROUND_COMPACTIONS   = 444;
ERROR HY000: Variable 'rocksdb_max_background_compactions' is a GLOBAL variable and should be set with SET GLOBAL
'# Testing with invalid values in global scope #'
"Trying to set variable @@global.ROCKSDB_MAX_BACKGROUND_COMPACTIONS to 'abc'"
SET @@global.ROCKSDB_MAX_BACKGROUND_COMPACTIONS   = 'abc';
Got one of the listed errors
SELECT @@global.ROCKSDB_MAX_BACKGROUND_COMPACTIONS;
@@global.ROCKSDB_MAX_BACKGROUND_COMPACTIONS
1
SET @@global.ROCKSDB_MAX_BACKGROUND_COMPACTIONS = @start_global_value;
SELECT @@global.ROCKSDB_MAX_BACKGROUND_COMPACTIONS;
@@global.ROCKSDB_MAX_BACKGROUND_COMPACTIONS
1
DROP TABLE valid_values;
DROP TABLE invalid_values;
