connection node_2;
connection node_1;
SET SESSION wsrep_trx_fragment_size = 1;
CREATE TABLE ten (f1 INTEGER) ENGINE=InnoDB;
INSERT INTO ten VALUES (1), (2), (3), (4), (5), (6), (7), (8), (9), (10);
CREATE TABLE t1 (f1 INTEGER) ENGINE=InnoDB;
INSERT INTO t1 SELECT 1 FROM ten AS a1, ten AS a2, ten AS a3, ten AS a4, ten AS a5, ten AS a6;;
connection node_2;
SET TRANSACTION ISOLATION LEVEL READ UNCOMMITTED;
connection node_1;
connect node_1a, 127.0.0.1, root, , test, $NODE_MYPORT_1;
Killing query ...
connection node_1;
ERROR 70100: Query execution was interrupted
connection node_2;
SELECT COUNT(*) = 0 FROM t1;
COUNT(*) = 0
1
SELECT COUNT(*) = 0 FROM mysql.wsrep_streaming_log;
COUNT(*) = 0
1
INSERT INTO t1 SELECT 1 FROM ten AS t1, ten AS t2, ten AS t3;
SELECT COUNT(*) = 1000 FROM t1;
COUNT(*) = 1000
1
connection node_1a;
SELECT COUNT(*) = 1000 FROM t1;
COUNT(*) = 1000
1
DROP TABLE t1;
DROP TABLE ten;
