CREATE TABLE t1 (f1 INTEGER PRIMARY KEY) ENGINE = InnoDB;
SET AUTOCOMMIT=OFF;
SET SESSION wsrep_trx_fragment_size=1;
START TRANSACTION;
INSERT INTO t1 VALUES (11),(12),(13);
SET AUTOCOMMIT=OFF;
SET SESSION wsrep_trx_fragment_size=1;
START TRANSACTION;
INSERT INTO t1 VALUES (21),(22),(23);
INSERT INTO t1 VALUES (14),(15),(16);
COMMIT;
SELECT COUNT(*) > 0 FROM wsrep_schema.SR;
COUNT(*) > 0
1
SELECT COUNT(*) = 6 FROM t1 WHERE f1 IN (11,12,13,14,15,16);
COUNT(*) = 6
1
INSERT INTO t1 VALUES (24),(25),(26);
COMMIT;
SELECT COUNT(*) = 0 FROM wsrep_schema.SR;
COUNT(*) = 0
1
SELECT COUNT(*) = 12 FROM t1;
COUNT(*) = 12
1
SELECT COUNT(*) = 0 FROM wsrep_schema.SR;
COUNT(*) = 0
1
DROP TABLE t1;
