connection node_2;
connection node_1;
connection node_1;
CREATE TABLE t1 (f1 INTEGER PRIMARY KEY) ENGINE = InnoDB;
connect node_1a, 127.0.0.1, root, , test, $NODE_MYPORT_1;
connection node_1a;
SET AUTOCOMMIT=OFF;
SET SESSION wsrep_trx_fragment_size=1;
START TRANSACTION;
INSERT INTO t1 VALUES (11),(12),(13);
connect node_1b, 127.0.0.1, root, , test, $NODE_MYPORT_1;
connection node_1b;
SET AUTOCOMMIT=OFF;
SET SESSION wsrep_trx_fragment_size=1;
START TRANSACTION;
INSERT INTO t1 VALUES (21),(22),(23);
connection node_2;
connection node_1;
connection node_1a;
INSERT INTO t1 VALUES (14),(15),(16);
COMMIT;
connection node_2;
# restart
SELECT COUNT(*) > 0 FROM mysql.wsrep_streaming_log;
COUNT(*) > 0
1
SELECT COUNT(*) = 6 FROM t1 WHERE f1 IN (11,12,13,14,15,16);
COUNT(*) = 6
1
connection node_1b;
INSERT INTO t1 VALUES (24),(25),(26);
COMMIT;
connection node_2;
SELECT COUNT(*) = 0 FROM mysql.wsrep_streaming_log;
COUNT(*) = 0
1
SELECT COUNT(*) = 12 FROM t1;
COUNT(*) = 12
1
connection node_1;
SELECT COUNT(*) = 0 FROM mysql.wsrep_streaming_log;
COUNT(*) = 0
1
DROP TABLE t1;
