connection node_2;
connection node_1;
connection node_1;
CREATE TABLE t1 (f1 TEXT) ENGINE=MyISAM;
SET SESSION wsrep_trx_fragment_size = 1;
SET GLOBAL wsrep_mode = REPLICATE_MYISAM;
INSERT INTO t1 VALUES (REPEAT('x', 65535));
connection node_2;
SELECT COUNT(*) AS EXPECT_1 FROM t1;
EXPECT_1
1
SELECT LENGTH(f1) = 65535 FROM t1;
LENGTH(f1) = 65535
1
DROP TABLE t1;
connection node_1;
