connection node_2;
connection node_1;
connection node_1;
CREATE TABLE t1 (f1 INTEGER PRIMARY KEY AUTO_INCREMENT) ENGINE=InnoDB;
SET SESSION wsrep_trx_fragment_size = 1;
SET AUTOCOMMIT=OFF;
START TRANSACTION;
connection node_1;
INSERT INTO t1 VALUES (1);
INSERT INTO t1 VALUES (2);
INSERT INTO t1 VALUES (3);
INSERT INTO t1 VALUES (4);
INSERT INTO t1 VALUES (5);
connection node_2;
INSERT INTO t1 VALUES (5);;
connection node_1;
COMMIT;
connection node_2;
ERROR 23000: Duplicate entry '5' for key 'PRIMARY'
SELECT COUNT(*) = 5 FROM t1;
COUNT(*) = 5
1
connection node_2;
SELECT COUNT(*) = 5 FROM t1;
COUNT(*) = 5
1
connection node_1;
DROP TABLE t1;
