connection node_2;
connection node_1;
CREATE TABLE t1 (f1 INTEGER PRIMARY KEY) ENGINE=InnoDB;
connection node_2;
SELECT COUNT(*) AS EXPECT_0 FROM t1;
EXPECT_0
0
connection node_1;
CREATE TABLE t2 (f1 INTEGER);
connect node_2a, 127.0.0.1, root, , test, $NODE_MYPORT_2;
LOCK TABLE t2 WRITE;
connection node_1;
INSERT INTO t2 VALUES (1);
connection node_2;
SET SESSION wsrep_sync_wait = 0;
connection node_1;
SET SESSION wsrep_trx_fragment_size = 1;
SET AUTOCOMMIT=OFF;
START TRANSACTION;
INSERT INTO t1 VALUES (1);
INSERT INTO t1 VALUES (2);
INSERT INTO t1 VALUES (3);
INSERT INTO t1 VALUES (4);
INSERT INTO t1 VALUES (5);
connection node_2;
Killing server ...
connection node_1;
INSERT INTO t1 VALUES (6);
INSERT INTO t1 VALUES (7);
INSERT INTO t1 VALUES (8);
INSERT INTO t1 VALUES (9);
INSERT INTO t1 VALUES (10);
connection node_2;
# restart
connection node_1;
INSERT INTO t1 VALUES (11);
INSERT INTO t1 VALUES (12);
INSERT INTO t1 VALUES (13);
INSERT INTO t1 VALUES (14);
INSERT INTO t1 VALUES (15);
COMMIT;
SELECT COUNT(*) AS EXPECT_0 FROM mysql.wsrep_streaming_log;
EXPECT_0
0
connection node_2;
SELECT COUNT(*) AS EXPECT_15 FROM t1;
EXPECT_15
15
SELECT COUNT(*) AS EXPECT_0 FROM mysql.wsrep_streaming_log;
EXPECT_0
0
connection node_1;
DROP TABLE t1;
DROP TABLE t2;
