SET SESSION wsrep_trx_fragment_size = 1;
CREATE TABLE ten (f1 INTEGER) ENGINE=InnoDB;
INSERT INTO ten VALUES (1), (2), (3), (4), (5), (6), (7), (8), (9), (10);
CREATE TABLE t1 (f1 INTEGER) ENGINE=InnoDB;
INSERT INTO t1 SELECT 1 FROM ten AS a1, ten AS a2, ten AS a3, ten AS a4, ten AS a5, ten AS a6;;
SET TRANSACTION ISOLATION LEVEL READ UNCOMMITTED;
Killing query ...
ERROR 70100: Query execution was interrupted
INSERT INTO t1 SELECT 1 FROM ten AS t1, ten AS t2, ten AS t3;
SELECT COUNT(*) = 1000 FROM t1;
COUNT(*) = 1000
1
SELECT COUNT(*) = 1000 FROM t1;
COUNT(*) = 1000
1
DROP TABLE t1;
DROP TABLE ten;
