CREATE TABLE t1 (f1 INTEGER PRIMARY KEY) ENGINE=InnoDB;
SET SESSION WSREP_TRX_FRAGMENT_SIZE=1;
SET SESSION AUTOCOMMIT=OFF;
INSERT INTO t1 VALUES (10);
SELECT COUNT(*) > 0 FROM wsrep_schema.SR;
COUNT(*) > 0
1
SELECT COUNT(*) > 0 FROM wsrep_schema.SR;
COUNT(*) > 0
1
START TRANSACTION;
SELECT COUNT(*) = 0 FROM wsrep_schema.SR;
COUNT(*) = 0
1
SELECT COUNT(*) = 0 FROM wsrep_schema.SR;
COUNT(*) = 0
1
SELECT COUNT(*) > 0 FROM t1;
COUNT(*) > 0
1
SELECT COUNT(*) > 0 FROM t1;
COUNT(*) > 0
1
DROP TABLE t1;
