connection node_2;
connection node_1;
CREATE TABLE t1 (f1 INTEGER PRIMARY KEY AUTO_INCREMENT, f2 CHAR(10)) ENGINE=InnoDB;
connect node_1a, 127.0.0.1, root, , test, $NODE_MYPORT_1;
connection node_1;
SET SESSION wsrep_trx_fragment_size = 1;
START TRANSACTION;
INSERT INTO t1 VALUES (1, 'node1');
connection node_1a;
INSERT INTO t1 VALUES (5, 'node2');
connection node_1;
INSERT INTO t1 VALUES (5, 'node1');
ERROR 40001: Deadlock found when trying to get lock; try restarting transaction
SELECT * FROM t1;
f1	f2
5	node2
SET SESSION wsrep_trx_fragment_size = 10000;
START TRANSACTION;
INSERT INTO t1 VALUE (10, 'node1');
SELECT * FROM mysql.wsrep_streaming_log;
node_uuid	trx_id	seqno	flags	frag
connection node_1a;
INSERT INTO t1 VALUES(15, 'node2');
connection node_1;
SELECT * FROM t1;
f1	f2
5	node2
10	node1
INSERT INTO t1 VALUES(15, 'node1');
ERROR 23000: Duplicate entry '15' for key 'PRIMARY'
COMMIT;
SELECT * FROM t1;
f1	f2
5	node2
10	node1
15	node2
DROP TABLE t1;
