connection node_2;
connection node_1;
CREATE TABLE t1 (f1 INTEGER);
SET SESSION WSREP_TRX_FRAGMENT_SIZE=1;
START TRANSACTION;
SAVEPOINT a;
INSERT INTO t1 VALUES (1);
ROLLBACK TO SAVEPOINT a;
INSERT INTO t1 values (2);
COMMIT;
SELECT COUNT(*) = 0 from mysql.wsrep_streaming_log;
COUNT(*) = 0
1
connection node_2;
SELECT COUNT(*) = 0 from mysql.wsrep_streaming_log;
COUNT(*) = 0
1
DROP TABLE t1;
