CREATE TABLE t1 (f1 INTEGER PRIMARY KEY) ENGINE=InnoDB;
CREATE TABLE t2 (f1 INTEGER) ENGINE=InnoDB;
INSERT INTO t2 VALUES (6),(7),(8),(9),(10),(1);
SET GLOBAL wsrep_slave_threads = 2;
SET GLOBAL DEBUG = 'd,sync.wsrep_apply_cb';
SET SESSION wsrep_trx_fragment_size = 1;
SET AUTOCOMMIT=OFF;
START TRANSACTION;
INSERT INTO t1 VALUES (1), (2), (3), (4), (5);
SET AUTOCOMMIT=OFF;
START TRANSACTION;
INSERT INTO t1 VALUES (1), (2), (3), (4), (5);;
INSERT INTO t1 SELECT * FROM t2;;
INSERT INTO t1 VALUES (6), (7), (8), (9), (10);
COMMIT;
Got one of the listed errors
SET GLOBAL wsrep_slave_threads = 1;
SET GLOBAL DEBUG = '';
SET DEBUG_SYNC='now SIGNAL signal.wsrep_apply_cb';
SET DEBUG_SYNC='now SIGNAL signal.wsrep_apply_cb';
SET DEBUG_SYNC='now SIGNAL signal.wsrep_apply_cb';
SET DEBUG_SYNC='now SIGNAL signal.wsrep_apply_cb';
SELECT COUNT(*) = 10 FROM t1;
COUNT(*) = 10
1
DROP TABLE t1;
DROP TABLE t2;
