DROP TABLE IF EXISTS t1;
SET NAMES cp932;
CREATE TABLE t1 (c1 INTEGER COMMENT 'あいうえおかきくけこあいうえおかきくけこあいうえおかきくけこあいうえおかきくけこあいうえおかきくけこあいうえおかきくけこ', c12 INTEGER, c13 DATETIME, c14 CHAR(10), PRIMARY KEY(c1), INDEX(c12,c13)) COMMENT='アイウエオカキクケコアイウエオカキクケコアイウエオカキクケコアイウエオカキクケコアイウエオカキクケコアイウエオカキクケコ';
SELECT table_comment,char_length(table_comment) FROM information_schema.tables WHERE table_name='t1';
table_comment	char_length(table_comment)
アイウエオカキクケコアイウエオカキクケコアイウエオカキクケコアイウエオカキクケコアイウエオカキクケコアイウエオカキクケコ	60
SELECT column_comment,char_length(column_comment) FROM information_schema.columns WHERE table_name='t1';
column_comment	char_length(column_comment)
あいうえおかきくけこあいうえおかきくけこあいうえおかきくけこあいうえおかきくけこあいうえおかきくけこあいうえおかきくけこ	60
	0
	0
	0
SHOW CREATE TABLE t1;
Table	Create Table
t1	CREATE TABLE `t1` (
  `c1` int(11) NOT NULL COMMENT 'あいうえおかきくけこあいうえおかきくけこあいうえおかきくけこあいうえおかきくけこあいうえおかきくけこあいうえおかきくけこ',
  `c12` int(11) DEFAULT NULL,
  `c13` datetime DEFAULT NULL,
  `c14` char(10) DEFAULT NULL,
  PRIMARY KEY (`c1`),
  KEY `c12` (`c12`,`c13`)
) ENGINE=ENGINE DEFAULT CHARSET=latin1 COLLATE=latin1_swedish_ci COMMENT='アイウエオカキクケコアイウエオカキクケコアイウエオカキクケコアイウエオカキクケコアイウエオカキクケコアイウエオカキクケコ'
ALTER TABLE t1 ADD COLUMN c2 INTEGER COMMENT 'アいうえおかきくけこあいうえおかきくけこあいうえおかきくけこあいうえおかきくけこあいうえおかきくけこあいうえおかきくけこ';
ALTER TABLE t1 ADD COLUMN c3 INTEGER COMMENT 'あイうえおかきくけこあいうえおかきくけこあいうえおかきくけこあいうえおかきくけこあいうえおかきくけこあいうえおかきくけこ';
ALTER TABLE t1 ADD COLUMN c4 INTEGER COMMENT 'あいウえおかきくけこあいうえおかきくけこあいうえおかきくけこあいうえおかきくけこあいうえおかきくけこあいうえおかきくけこ';
ALTER TABLE t1 ADD COLUMN c5 INTEGER COMMENT 'あいうエおかきくけこあいうえおかきくけこあいうえおかきくけこあいうえおかきくけこあいうえおかきくけこあいうえおかきくけこ';
SELECT table_comment,char_length(table_comment) FROM information_schema.tables WHERE table_name='t1';
table_comment	char_length(table_comment)
アイウエオカキクケコアイウエオカキクケコアイウエオカキクケコアイウエオカキクケコアイウエオカキクケコアイウエオカキクケコ	60
SELECT column_comment,char_length(column_comment) FROM information_schema.columns WHERE table_name='t1';
column_comment	char_length(column_comment)
あいうえおかきくけこあいうえおかきくけこあいうえおかきくけこあいうえおかきくけこあいうえおかきくけこあいうえおかきくけこ	60
	0
	0
	0
アいうえおかきくけこあいうえおかきくけこあいうえおかきくけこあいうえおかきくけこあいうえおかきくけこあいうえおかきくけこ	60
あイうえおかきくけこあいうえおかきくけこあいうえおかきくけこあいうえおかきくけこあいうえおかきくけこあいうえおかきくけこ	60
あいウえおかきくけこあいうえおかきくけこあいうえおかきくけこあいうえおかきくけこあいうえおかきくけこあいうえおかきくけこ	60
あいうエおかきくけこあいうえおかきくけこあいうえおかきくけこあいうえおかきくけこあいうえおかきくけこあいうえおかきくけこ	60
SHOW CREATE TABLE t1;
Table	Create Table
t1	CREATE TABLE `t1` (
  `c1` int(11) NOT NULL COMMENT 'あいうえおかきくけこあいうえおかきくけこあいうえおかきくけこあいうえおかきくけこあいうえおかきくけこあいうえおかきくけこ',
  `c12` int(11) DEFAULT NULL,
  `c13` datetime DEFAULT NULL,
  `c14` char(10) DEFAULT NULL,
  `c2` int(11) DEFAULT NULL COMMENT 'アいうえおかきくけこあいうえおかきくけこあいうえおかきくけこあいうえおかきくけこあいうえおかきくけこあいうえおかきくけこ',
  `c3` int(11) DEFAULT NULL COMMENT 'あイうえおかきくけこあいうえおかきくけこあいうえおかきくけこあいうえおかきくけこあいうえおかきくけこあいうえおかきくけこ',
  `c4` int(11) DEFAULT NULL COMMENT 'あいウえおかきくけこあいうえおかきくけこあいうえおかきくけこあいうえおかきくけこあいうえおかきくけこあいうえおかきくけこ',
  `c5` int(11) DEFAULT NULL COMMENT 'あいうエおかきくけこあいうえおかきくけこあいうえおかきくけこあいうえおかきくけこあいうえおかきくけこあいうえおかきくけこ',
  PRIMARY KEY (`c1`),
  KEY `c12` (`c12`,`c13`)
) ENGINE=ENGINE DEFAULT CHARSET=latin1 COLLATE=latin1_swedish_ci COMMENT='アイウエオカキクケコアイウエオカキクケコアイウエオカキクケコアイウエオカキクケコアイウエオカキクケコアイウエオカキクケコ'
ALTER TABLE t1 MODIFY COLUMN c3 CHAR(10);
SELECT table_comment,char_length(table_comment) FROM information_schema.tables WHERE table_name='t1';
table_comment	char_length(table_comment)
アイウエオカキクケコアイウエオカキクケコアイウエオカキクケコアイウエオカキクケコアイウエオカキクケコアイウエオカキクケコ	60
SELECT column_comment,char_length(column_comment) FROM information_schema.columns WHERE table_name='t1';
column_comment	char_length(column_comment)
あいうえおかきくけこあいうえおかきくけこあいうえおかきくけこあいうえおかきくけこあいうえおかきくけこあいうえおかきくけこ	60
	0
	0
	0
アいうえおかきくけこあいうえおかきくけこあいうえおかきくけこあいうえおかきくけこあいうえおかきくけこあいうえおかきくけこ	60
	0
あいウえおかきくけこあいうえおかきくけこあいうえおかきくけこあいうえおかきくけこあいうえおかきくけこあいうえおかきくけこ	60
あいうエおかきくけこあいうえおかきくけこあいうえおかきくけこあいうえおかきくけこあいうえおかきくけこあいうえおかきくけこ	60
SHOW CREATE TABLE t1;
Table	Create Table
t1	CREATE TABLE `t1` (
  `c1` int(11) NOT NULL COMMENT 'あいうえおかきくけこあいうえおかきくけこあいうえおかきくけこあいうえおかきくけこあいうえおかきくけこあいうえおかきくけこ',
  `c12` int(11) DEFAULT NULL,
  `c13` datetime DEFAULT NULL,
  `c14` char(10) DEFAULT NULL,
  `c2` int(11) DEFAULT NULL COMMENT 'アいうえおかきくけこあいうえおかきくけこあいうえおかきくけこあいうえおかきくけこあいうえおかきくけこあいうえおかきくけこ',
  `c3` char(10) DEFAULT NULL,
  `c4` int(11) DEFAULT NULL COMMENT 'あいウえおかきくけこあいうえおかきくけこあいうえおかきくけこあいうえおかきくけこあいうえおかきくけこあいうえおかきくけこ',
  `c5` int(11) DEFAULT NULL COMMENT 'あいうエおかきくけこあいうえおかきくけこあいうえおかきくけこあいうえおかきくけこあいうえおかきくけこあいうえおかきくけこ',
  PRIMARY KEY (`c1`),
  KEY `c12` (`c12`,`c13`)
) ENGINE=ENGINE DEFAULT CHARSET=latin1 COLLATE=latin1_swedish_ci COMMENT='アイウエオカキクケコアイウエオカキクケコアイウエオカキクケコアイウエオカキクケコアイウエオカキクケコアイウエオカキクケコ'
ALTER TABLE t1 CHANGE COLUMN c4 c4_1 INTEGER COMMENT 'さしすせそたちつてと';
SELECT table_comment,char_length(table_comment) FROM information_schema.tables WHERE table_name='t1';
table_comment	char_length(table_comment)
アイウエオカキクケコアイウエオカキクケコアイウエオカキクケコアイウエオカキクケコアイウエオカキクケコアイウエオカキクケコ	60
SELECT column_comment,char_length(column_comment) FROM information_schema.columns WHERE table_name='t1';
column_comment	char_length(column_comment)
あいうえおかきくけこあいうえおかきくけこあいうえおかきくけこあいうえおかきくけこあいうえおかきくけこあいうえおかきくけこ	60
	0
	0
	0
アいうえおかきくけこあいうえおかきくけこあいうえおかきくけこあいうえおかきくけこあいうえおかきくけこあいうえおかきくけこ	60
	0
さしすせそたちつてと	10
あいうエおかきくけこあいうえおかきくけこあいうえおかきくけこあいうえおかきくけこあいうえおかきくけこあいうえおかきくけこ	60
SHOW CREATE TABLE t1;
Table	Create Table
t1	CREATE TABLE `t1` (
  `c1` int(11) NOT NULL COMMENT 'あいうえおかきくけこあいうえおかきくけこあいうえおかきくけこあいうえおかきくけこあいうえおかきくけこあいうえおかきくけこ',
  `c12` int(11) DEFAULT NULL,
  `c13` datetime DEFAULT NULL,
  `c14` char(10) DEFAULT NULL,
  `c2` int(11) DEFAULT NULL COMMENT 'アいうえおかきくけこあいうえおかきくけこあいうえおかきくけこあいうえおかきくけこあいうえおかきくけこあいうえおかきくけこ',
  `c3` char(10) DEFAULT NULL,
  `c4_1` int(11) DEFAULT NULL COMMENT 'さしすせそたちつてと',
  `c5` int(11) DEFAULT NULL COMMENT 'あいうエおかきくけこあいうえおかきくけこあいうえおかきくけこあいうえおかきくけこあいうえおかきくけこあいうえおかきくけこ',
  PRIMARY KEY (`c1`),
  KEY `c12` (`c12`,`c13`)
) ENGINE=ENGINE DEFAULT CHARSET=latin1 COLLATE=latin1_swedish_ci COMMENT='アイウエオカキクケコアイウエオカキクケコアイウエオカキクケコアイウエオカキクケコアイウエオカキクケコアイウエオカキクケコ'
ALTER TABLE t1 DROP COLUMN c2;
SELECT table_comment,char_length(table_comment) FROM information_schema.tables WHERE table_name='t1';
table_comment	char_length(table_comment)
アイウエオカキクケコアイウエオカキクケコアイウエオカキクケコアイウエオカキクケコアイウエオカキクケコアイウエオカキクケコ	60
SELECT column_comment,char_length(column_comment) FROM information_schema.columns WHERE table_name='t1';
column_comment	char_length(column_comment)
あいうえおかきくけこあいうえおかきくけこあいうえおかきくけこあいうえおかきくけこあいうえおかきくけこあいうえおかきくけこ	60
	0
	0
	0
	0
さしすせそたちつてと	10
あいうエおかきくけこあいうえおかきくけこあいうえおかきくけこあいうえおかきくけこあいうえおかきくけこあいうえおかきくけこ	60
SHOW CREATE TABLE t1;
Table	Create Table
t1	CREATE TABLE `t1` (
  `c1` int(11) NOT NULL COMMENT 'あいうえおかきくけこあいうえおかきくけこあいうえおかきくけこあいうえおかきくけこあいうえおかきくけこあいうえおかきくけこ',
  `c12` int(11) DEFAULT NULL,
  `c13` datetime DEFAULT NULL,
  `c14` char(10) DEFAULT NULL,
  `c3` char(10) DEFAULT NULL,
  `c4_1` int(11) DEFAULT NULL COMMENT 'さしすせそたちつてと',
  `c5` int(11) DEFAULT NULL COMMENT 'あいうエおかきくけこあいうえおかきくけこあいうえおかきくけこあいうえおかきくけこあいうえおかきくけこあいうえおかきくけこ',
  PRIMARY KEY (`c1`),
  KEY `c12` (`c12`,`c13`)
) ENGINE=ENGINE DEFAULT CHARSET=latin1 COLLATE=latin1_swedish_ci COMMENT='アイウエオカキクケコアイウエオカキクケコアイウエオカキクケコアイウエオカキクケコアイウエオカキクケコアイウエオカキクケコ'
DROP TABLE t1;
