include/master-slave.inc
[connection master]
create table t1(a int);
select * into outfile 'MYSQLTEST_VARDIR/tmp/rpl_loaddatalocal.select_outfile' from t1;
truncate table t1;
load data local infile 'MYSQLTEST_VARDIR/tmp/rpl_loaddatalocal.select_outfile' into table t1;
connection slave;
select a,count(*) from t1 group by a;
a	count(*)
1	10000
connection master;
drop table t1;
connection slave;
connection master;
create table t1(a int);
insert into t1 values (1), (2), (2), (3);
select * into outfile 'MYSQLTEST_VARDIR/tmp/rpl_loaddatalocal.select_outfile' from t1;
drop table t1;
create table t1(a int primary key);
load data local infile 'MYSQLTEST_VARDIR/tmp/rpl_loaddatalocal.select_outfile' into table t1;
Warnings:
Warning	1062	Duplicate entry '2' for key 'PRIMARY'
SELECT * FROM t1 ORDER BY a;
a
1
2
3
connection slave;
SELECT * FROM t1 ORDER BY a;
a
1
2
3
connection master;
drop table t1;
connection slave;
include/rpl_end.inc
