SET sql_mode= oracle;
SET NAMES 'utf8mb3';
#
# Test RAW_TO_CHAR with utf8 charset source
#
SELECT sys.UTL_I18N.RAW_TO_CHAR(x'e38182', 'utf8');
sys.UTL_I18N.RAW_TO_CHAR(x'e38182', 'utf8')
あ
SET NAMES 'utf8mb4';
#
# Test RAW_TO_CHAR with utf8mb3 charset source
#
SELECT sys.UTL_I18N.RAW_TO_CHAR(x'e38182', 'utf8mb3');
sys.UTL_I18N.RAW_TO_CHAR(x'e38182', 'utf8mb3')
あ
#
# Test STRING_TO_RAW
#
SELECT HEX(sys.UTL_I18N.STRING_TO_RAW('あ', 'ucs2'));
HEX(sys.UTL_I18N.STRING_TO_RAW('あ', 'ucs2'))
3042
