DESC sys.table_privileges;
Field	Type	Null	Key	Default	Extra
TABLE_SCHEMA	varchar(64)	NO		NULL	
TABLE_NAME	varchar(64)	NO		NULL	
GRANTEE	varchar(385)	NO			
PRIVILEGE	varchar(64)	NO			
LEVEL	varchar(6)	NO			
SELECT * FROM sys.table_privileges;
CREATE DATABASE test2;
USE test2;
CREATE TABLE t1 (a int);
CREATE USER test2_user;
# Grant everything first
GRANT ALL ON t1 TO test2_user;
SELECT * FROM sys.table_privileges WHERE table_schema='test2' AND table_name='t1'
  AND grantee LIKE '%test2_user%';
TABLE_SCHEMA	TABLE_NAME	GRANTEE	PRIVILEGE	LEVEL
test2	t1	'test2_user'@'%'	SELECT	TABLE
test2	t1	'test2_user'@'%'	INSERT	TABLE
test2	t1	'test2_user'@'%'	UPDATE	TABLE
test2	t1	'test2_user'@'%'	DELETE	TABLE
test2	t1	'test2_user'@'%'	CREATE	TABLE
test2	t1	'test2_user'@'%'	DROP	TABLE
test2	t1	'test2_user'@'%'	REFERENCES	TABLE
test2	t1	'test2_user'@'%'	INDEX	TABLE
test2	t1	'test2_user'@'%'	ALTER	TABLE
test2	t1	'test2_user'@'%'	SHOW VIEW	TABLE
test2	t1	'test2_user'@'%'	TRIGGER	TABLE
test2	t1	'test2_user'@'%'	DELETE HISTORY	TABLE
# Then revoke some privileges
REVOKE REFERENCES, DELETE, ALTER, DROP ON t1 FROM test2_user;
SELECT * FROM sys.table_privileges WHERE table_schema='test2' AND table_name='t1'
  AND grantee LIKE '%test2_user%';
TABLE_SCHEMA	TABLE_NAME	GRANTEE	PRIVILEGE	LEVEL
test2	t1	'test2_user'@'%'	SELECT	TABLE
test2	t1	'test2_user'@'%'	INSERT	TABLE
test2	t1	'test2_user'@'%'	UPDATE	TABLE
test2	t1	'test2_user'@'%'	CREATE	TABLE
test2	t1	'test2_user'@'%'	INDEX	TABLE
test2	t1	'test2_user'@'%'	SHOW VIEW	TABLE
test2	t1	'test2_user'@'%'	TRIGGER	TABLE
test2	t1	'test2_user'@'%'	DELETE HISTORY	TABLE
CREATE ROLE test2_role;
GRANT SELECT, UPDATE, DELETE, DROP, INDEX ON t1 to test2_role;
# Must show both the user and the role
SELECT * FROM sys.table_privileges WHERE table_schema='test2' AND table_name='t1'
  AND grantee LIKE '%test2%';
TABLE_SCHEMA	TABLE_NAME	GRANTEE	PRIVILEGE	LEVEL
test2	t1	'test2_user'@'%'	SELECT	TABLE
test2	t1	'test2_user'@'%'	INSERT	TABLE
test2	t1	'test2_user'@'%'	UPDATE	TABLE
test2	t1	'test2_user'@'%'	CREATE	TABLE
test2	t1	'test2_user'@'%'	INDEX	TABLE
test2	t1	'test2_user'@'%'	SHOW VIEW	TABLE
test2	t1	'test2_user'@'%'	TRIGGER	TABLE
test2	t1	'test2_user'@'%'	DELETE HISTORY	TABLE
test2	t1	'test2_role'@''	SELECT	TABLE
test2	t1	'test2_role'@''	UPDATE	TABLE
test2	t1	'test2_role'@''	DELETE	TABLE
test2	t1	'test2_role'@''	DROP	TABLE
test2	t1	'test2_role'@''	INDEX	TABLE
CREATE VIEW v1 AS SELECT * FROM t1;
SELECT * FROM sys.table_privileges WHERE table_schema='test2' AND table_name='v1'
  AND grantee LIKE '%test2%';
TABLE_SCHEMA	TABLE_NAME	GRANTEE	PRIVILEGE	LEVEL
GRANT SELECT ON v1 TO test2_role;
SELECT * FROM sys.table_privileges WHERE table_schema='test2' AND table_name='v1'
  AND grantee LIKE '%test2%';
TABLE_SCHEMA	TABLE_NAME	GRANTEE	PRIVILEGE	LEVEL
test2	v1	'test2_role'@''	SELECT	TABLE
GRANT ALL ON v1 TO test2_user;
SELECT * FROM sys.table_privileges WHERE table_schema='test2' AND table_name='v1'
  AND grantee LIKE '%test2%';
TABLE_SCHEMA	TABLE_NAME	GRANTEE	PRIVILEGE	LEVEL
test2	v1	'test2_user'@'%'	SELECT	TABLE
test2	v1	'test2_user'@'%'	INSERT	TABLE
test2	v1	'test2_user'@'%'	UPDATE	TABLE
test2	v1	'test2_user'@'%'	DELETE	TABLE
test2	v1	'test2_user'@'%'	CREATE	TABLE
test2	v1	'test2_user'@'%'	DROP	TABLE
test2	v1	'test2_user'@'%'	REFERENCES	TABLE
test2	v1	'test2_user'@'%'	INDEX	TABLE
test2	v1	'test2_user'@'%'	ALTER	TABLE
test2	v1	'test2_user'@'%'	SHOW VIEW	TABLE
test2	v1	'test2_user'@'%'	TRIGGER	TABLE
test2	v1	'test2_user'@'%'	DELETE HISTORY	TABLE
test2	v1	'test2_role'@''	SELECT	TABLE
DROP TABLE t1;
DROP VIEW v1;
DROP USER test2_user;
DROP ROLE test2_role;
DROP DATABASE test2;
