create table t1(a text) engine=innodb key_block_size=4;
SELECT page_size FROM information_schema.innodb_cmpmem WHERE pages_used > 0;
page_size
4096
drop table t1;
SELECT page_size FROM information_schema.innodb_cmpmem WHERE pages_used > 0;
page_size
4096
create table t2(a text) engine=innodb;
SELECT page_size FROM information_schema.innodb_cmpmem WHERE pages_used > 0;
page_size
drop table t2;
