connect  master,127.0.0.1,root,,test,$MASTER_MYPORT,;
connect  slave,127.0.0.1,root,,test,$SLAVE_MYPORT,;
connection master;
CREATE DATABASE federated;
connection slave;
CREATE DATABASE federated;
connection slave;
DROP TABLE IF EXISTS federated.bug_13118_table;
CREATE TABLE federated.bug_13118_table (
`foo` integer,
`bar` integer
);
connection master;
DROP TABLE IF EXISTS federated.t1;
CREATE TABLE federated.t1 (
`foo` integer,
`bar` integer
) ENGINE="FEDERATED"
    CONNECTION='mysql://root@127.0.0.1:SLAVE_PORT/federated/bug_13118_table';
SELECT * from federated.t1;
foo	bar
INSERT INTO federated.t1 VALUES (1,1);
SELECT * FROM federated.t1;
foo	bar
1	1
INSERT INTO federated.t1 VALUES (1,1);
SELECT * FROM federated.t1;
foo	bar
1	1
1	1
DROP TABLE federated.t1;
connection slave;
DROP TABLE federated.bug_13118_table;
connection master;
DROP TABLE IF EXISTS federated.t1;
DROP DATABASE IF EXISTS federated;
connection slave;
DROP TABLE IF EXISTS federated.t1;
DROP DATABASE IF EXISTS federated;
