#
# MDEV-28992 Spider: Push down TIMESTAMPDIFF function
#
for master_1
for child2
for child3
set spider_same_server_link= 1;
CREATE SERVER srv FOREIGN DATA WRAPPER mysql
OPTIONS (SOCKET "$MASTER_1_MYSOCK", DATABASE 'test',user 'root');
create table t2 (
a INT,
b CHAR(1),
c DATETIME,
PRIMARY KEY(a)
);
CREATE TABLE t1 (
a INT,
b CHAR(1),
c DATETIME,
PRIMARY KEY(a)
) ENGINE=Spider COMMENT='WRAPPER "mysql", srv "srv",TABLE "t2"';
INSERT INTO t1 (a, b, c) VALUES
(1, 'a', '2018-11-01 10:21:39'),
(2, 'b', '2015-06-30 23:59:59'),
(3, 'c', '2013-11-01 01:01:01');
interval year
explain select a, b, timestampdiff(year, '2000-01-01 00:00:00', c) from t1;
id	select_type	table	type	possible_keys	key	key_len	ref	rows	Extra
1	SIMPLE	NULL	NULL	NULL	NULL	NULL	NULL	NULL	Storage engine handles GROUP BY
select a, b, timestampdiff(year, '2000-01-01 00:00:00', c) from t1;
a	b	timestampdiff(year, '2000-01-01 00:00:00', c)
1	a	18
2	b	15
3	c	13
interval quarter
explain select a, b, timestampdiff(quarter, '2000-01-01 00:00:00', c) from t1;
id	select_type	table	type	possible_keys	key	key_len	ref	rows	Extra
1	SIMPLE	NULL	NULL	NULL	NULL	NULL	NULL	NULL	Storage engine handles GROUP BY
select a, b, timestampdiff(quarter, '2000-01-01 00:00:00', c) from t1;
a	b	timestampdiff(quarter, '2000-01-01 00:00:00', c)
1	a	75
2	b	61
3	c	55
interval month
explain select a, b, timestampdiff(month, '2000-01-01 00:00:00', c) from t1;
id	select_type	table	type	possible_keys	key	key_len	ref	rows	Extra
1	SIMPLE	NULL	NULL	NULL	NULL	NULL	NULL	NULL	Storage engine handles GROUP BY
select a, b, timestampdiff(month, '2000-01-01 00:00:00', c) from t1;
a	b	timestampdiff(month, '2000-01-01 00:00:00', c)
1	a	226
2	b	185
3	c	166
interval week
explain select a, b, timestampdiff(week, '2000-01-01 00:00:00', c) from t1;
id	select_type	table	type	possible_keys	key	key_len	ref	rows	Extra
1	SIMPLE	NULL	NULL	NULL	NULL	NULL	NULL	NULL	Storage engine handles GROUP BY
select a, b, timestampdiff(week, '2000-01-01 00:00:00', c) from t1;
a	b	timestampdiff(week, '2000-01-01 00:00:00', c)
1	a	982
2	b	808
3	c	721
interval day
explain select a, b, timestampdiff(day, '2000-01-01 00:00:00', c) from t1;
id	select_type	table	type	possible_keys	key	key_len	ref	rows	Extra
1	SIMPLE	NULL	NULL	NULL	NULL	NULL	NULL	NULL	Storage engine handles GROUP BY
select a, b, timestampdiff(day, '2000-01-01 00:00:00', c) from t1;
a	b	timestampdiff(day, '2000-01-01 00:00:00', c)
1	a	6879
2	b	5659
3	c	5053
internal hour
explain select a, b, timestampdiff(hour, '2000-01-01 00:00:00', c) from t1;
id	select_type	table	type	possible_keys	key	key_len	ref	rows	Extra
1	SIMPLE	NULL	NULL	NULL	NULL	NULL	NULL	NULL	Storage engine handles GROUP BY
select a, b, timestampdiff(hour, '2000-01-01 00:00:00', c) from t1;
a	b	timestampdiff(hour, '2000-01-01 00:00:00', c)
1	a	165106
2	b	135839
3	c	121273
internal minute
explain select a, b, timestampdiff(minute, '2000-01-01 00:00:00', c) from t1;
id	select_type	table	type	possible_keys	key	key_len	ref	rows	Extra
1	SIMPLE	NULL	NULL	NULL	NULL	NULL	NULL	NULL	Storage engine handles GROUP BY
select a, b, timestampdiff(minute, '2000-01-01 00:00:00', c) from t1;
a	b	timestampdiff(minute, '2000-01-01 00:00:00', c)
1	a	9906381
2	b	8150399
3	c	7276381
internal second
explain select a, b, timestampdiff(second, '2000-01-01 00:00:00', c) from t1;
id	select_type	table	type	possible_keys	key	key_len	ref	rows	Extra
1	SIMPLE	NULL	NULL	NULL	NULL	NULL	NULL	NULL	Storage engine handles GROUP BY
select a, b, timestampdiff(second, '2000-01-01 00:00:00', c) from t1;
a	b	timestampdiff(second, '2000-01-01 00:00:00', c)
1	a	594382899
2	b	489023999
3	c	436582861
internal microsecond
explain select a, b, timestampdiff(microsecond, '2000-01-01 00:00:00', c) from t1;
id	select_type	table	type	possible_keys	key	key_len	ref	rows	Extra
1	SIMPLE	NULL	NULL	NULL	NULL	NULL	NULL	NULL	Storage engine handles GROUP BY
select a, b, timestampdiff(microsecond, '2000-01-01 00:00:00', c) from t1;
a	b	timestampdiff(microsecond, '2000-01-01 00:00:00', c)
1	a	594382899000000
2	b	489023999000000
3	c	436582861000000
drop table t1, t2;
drop server srv;
for master_1
for child2
for child3
