#
# MDEV-28993 Spider: Push down CASE statement
#
for master_1
for child2
for child3
set spider_same_server_link= 1;
CREATE SERVER srv FOREIGN DATA WRAPPER mysql
OPTIONS (SOCKET "$MASTER_1_MYSOCK", DATABASE 'test',user 'root');
create table t2 (c int);
create table t1 (c int) ENGINE=Spider
COMMENT='WRAPPER "mysql", srv "srv",TABLE "t2"';
Warnings:
Warning	138	Spider table params in COMMENT or CONNECTION strings have been deprecated and will be removed in a future release. Please use table options instead.
insert into t1 values (42), (3), (848), (100);
explain select case c when 3 then "three" when 42 then "answer" else "other" end as exp from t1;
id	select_type	table	type	possible_keys	key	key_len	ref	rows	Extra
1	PUSHED SELECT	NULL	NULL	NULL	NULL	NULL	NULL	NULL	NULL
select case c when 3 then "three" when 42 then "answer" else "other" end as exp from t1;
exp
answer
three
other
other
explain select case c when 3 then "three" when 42 then "answer" end from t1;
id	select_type	table	type	possible_keys	key	key_len	ref	rows	Extra
1	PUSHED SELECT	NULL	NULL	NULL	NULL	NULL	NULL	NULL	NULL
select case c when 3 then "three" when 42 then "answer" end from t1;
case c when 3 then "three" when 42 then "answer" end
answer
three
NULL
NULL
explain select case when c = 3 then "three" when c = 42 then "answer" else "other" end as exp from t1;
id	select_type	table	type	possible_keys	key	key_len	ref	rows	Extra
1	PUSHED SELECT	NULL	NULL	NULL	NULL	NULL	NULL	NULL	NULL
select case when c = 3 then "three" when c = 42 then "answer" else "other" end as exp from t1;
exp
answer
three
other
other
explain select case when c = 3 then "three" when c = 42 then "answer" end from t1;
id	select_type	table	type	possible_keys	key	key_len	ref	rows	Extra
1	PUSHED SELECT	NULL	NULL	NULL	NULL	NULL	NULL	NULL	NULL
select case when c = 3 then "three" when c = 42 then "answer" end from t1;
case when c = 3 then "three" when c = 42 then "answer" end
answer
three
NULL
NULL
drop table t1, t2;
drop server srv;
for master_1
for child2
for child3
#
# end of test pushdown_case
#
