#
# Start of 10.4 tests
#
SET default_storage_engine=Aria;
#
# MDEV-30048 Prefix keys for CHAR work differently for MyISAM vs InnoDB
# 
SET NAMES utf8mb3;
CREATE TABLE t1 (a CHAR(10) COLLATE utf8mb3_unicode_nopad_ci, UNIQUE KEY(a));
SHOW CREATE TABLE t1;
Table	Create Table
t1	CREATE TABLE `t1` (
  `a` char(10) CHARACTER SET utf8mb3 COLLATE utf8mb3_unicode_nopad_ci DEFAULT NULL,
  UNIQUE KEY `a` (`a`)
) ENGINE=Aria DEFAULT CHARSET=latin1 COLLATE=latin1_swedish_ci PAGE_CHECKSUM=1
INSERT INTO t1 VALUES ('ss'),('ß');
DROP TABLE t1;
CREATE TABLE t1 (a CHAR(10) COLLATE utf8mb3_unicode_nopad_ci, UNIQUE KEY(a(2)));
SHOW CREATE TABLE t1;
Table	Create Table
t1	CREATE TABLE `t1` (
  `a` char(10) CHARACTER SET utf8mb3 COLLATE utf8mb3_unicode_nopad_ci DEFAULT NULL,
  UNIQUE KEY `a` (`a`(2))
) ENGINE=Aria DEFAULT CHARSET=latin1 COLLATE=latin1_swedish_ci PAGE_CHECKSUM=1
INSERT INTO t1 VALUES ('ss'),('ß');
DROP TABLE t1;
CREATE TABLE t1 (a CHAR(120) COLLATE utf8mb3_unicode_nopad_ci, UNIQUE KEY(a));
SHOW CREATE TABLE t1;
Table	Create Table
t1	CREATE TABLE `t1` (
  `a` char(120) CHARACTER SET utf8mb3 COLLATE utf8mb3_unicode_nopad_ci DEFAULT NULL,
  UNIQUE KEY `a` (`a`)
) ENGINE=Aria DEFAULT CHARSET=latin1 COLLATE=latin1_swedish_ci PAGE_CHECKSUM=1
INSERT INTO t1 VALUES ('ss'),('ß');
DROP TABLE t1;
CREATE TABLE t1 (a CHAR(120) COLLATE utf8mb3_unicode_nopad_ci, UNIQUE KEY(a(100)));
SHOW CREATE TABLE t1;
Table	Create Table
t1	CREATE TABLE `t1` (
  `a` char(120) CHARACTER SET utf8mb3 COLLATE utf8mb3_unicode_nopad_ci DEFAULT NULL,
  UNIQUE KEY `a` (`a`(100))
) ENGINE=Aria DEFAULT CHARSET=latin1 COLLATE=latin1_swedish_ci PAGE_CHECKSUM=1
INSERT INTO t1 VALUES ('ss'),('ß');
DROP TABLE t1;
#
# MDEV-30050 Inconsistent results of DISTINCT with NOPAD
#
CREATE TABLE t1 (c CHAR(100) COLLATE utf8mb3_unicode_nopad_ci);
SHOW CREATE TABLE t1;
Table	Create Table
t1	CREATE TABLE `t1` (
  `c` char(100) CHARACTER SET utf8mb3 COLLATE utf8mb3_unicode_nopad_ci DEFAULT NULL
) ENGINE=Aria DEFAULT CHARSET=latin1 COLLATE=latin1_swedish_ci PAGE_CHECKSUM=1
INSERT INTO t1 VALUES ('ss'),('ß');
SET big_tables=0;
Warnings:
Warning	1287	'@@big_tables' is deprecated and will be removed in a future release
SELECT DISTINCT c FROM t1;
c
ss
ß
SET big_tables=1;
Warnings:
Warning	1287	'@@big_tables' is deprecated and will be removed in a future release
SELECT DISTINCT c FROM t1;
c
ss
ß
DROP TABLE t1;
SET big_tables=DEFAULT;
Warnings:
Warning	1287	'@@big_tables' is deprecated and will be removed in a future release
#
# End of 10.4 tests
#
