connection node_2;
connection node_1;
connect node_1a, 127.0.0.1, root, , test, $NODE_MYPORT_1;
connect node_2a, 127.0.0.1, root, , test, $NODE_MYPORT_2;
connect node_3, 127.0.0.1, root, , test, $NODE_MYPORT_3;
connect node_3a, 127.0.0.1, root, , test, $NODE_MYPORT_3;
connection node_1;
connection node_2;
connection node_3;
connection node_1;
CREATE TABLE t1 (f1 INTEGER PRIMARY KEY);
SET SESSION wsrep_trx_fragment_size=1;
BEGIN;
INSERT INTO t1 VALUES (11);
INSERT INTO t1 VALUES (12);
connection node_2;
SET SESSION wsrep_trx_fragment_size=1;
BEGIN;
INSERT INTO t1 VALUES (21);
INSERT INTO t1 VALUES (22);
connection node_3;
SET SESSION wsrep_trx_fragment_size=1;
BEGIN;
INSERT INTO t1 VALUES (31);
INSERT INTO t1 VALUES (32);
connection node_2a;
SET GLOBAL wsrep_provider_options = 'gmcast.isolate = 1';
connection node_3a;
SET GLOBAL wsrep_provider_options = 'gmcast.isolate = 1';
connection node_1a;
SET SESSION wsrep_sync_wait = 0;
SHOW STATUS LIKE 'wsrep_cluster_status';
Variable_name	Value
wsrep_cluster_status	non-Primary
SET SESSION wsrep_sync_wait = DEFAULT;
connection node_2a;
SET SESSION wsrep_sync_wait = 0;
SHOW STATUS LIKE 'wsrep_cluster_status';
Variable_name	Value
wsrep_cluster_status	non-Primary
SET SESSION wsrep_sync_wait = DEFAULT;
connection node_3a;
SET SESSION wsrep_sync_wait = 0;
SHOW STATUS LIKE 'wsrep_cluster_status';
Variable_name	Value
wsrep_cluster_status	non-Primary
SET SESSION wsrep_sync_wait = DEFAULT;
connection node_2a;
SET GLOBAL wsrep_provider_options = 'gmcast.isolate = 0';
connection node_3a;
SET GLOBAL wsrep_provider_options = 'gmcast.isolate = 0';
connection node_1a;
connection node_2a;
connection node_3a;
connection node_1a;
SELECT COUNT(*) `expect 0` FROM mysql.wsrep_streaming_log;
expect 0
0
INSERT INTO t1 VALUES(11);
INSERT INTO t1 VALUES(21);
INSERT INTO t1 VALUES(31);
SELECT * FROM t1;
f1
11
21
31
connection node_2a;
SELECT COUNT(*) `expect 0` FROM mysql.wsrep_streaming_log;
expect 0
0
connection node_3a;
SELECT COUNT(*) `expect 0` FROM mysql.wsrep_streaming_log;
expect 0
0
connection node_1;
INSERT INTO t1 VALUES(103);
ERROR 40001: Deadlock found when trying to get lock; try restarting transaction
connection node_2;
INSERT INTO t1 VALUES(203);
ERROR 40001: Deadlock found when trying to get lock; try restarting transaction
connection node_3;
INSERT INTO t1 VALUES(303);
ERROR 40001: Deadlock found when trying to get lock; try restarting transaction
connection node_1;
DROP TABLE t1;
