connection node_2;
connection node_1;
connect node_3, 127.0.0.1, root, , test, $NODE_MYPORT_3;
connection node_1;
connection node_1;
connection node_2;
connection node_3;
CREATE TABLE t1 (f1 INTEGER PRIMARY KEY) ENGINE=InnoDB;
connection node_2;
connection node_1;
SET SESSION wsrep_trx_fragment_size = 1;
SET AUTOCOMMIT=OFF;
START TRANSACTION;
INSERT INTO t1 VALUES (1);
INSERT INTO t1 VALUES (2);
INSERT INTO t1 VALUES (3);
INSERT INTO t1 VALUES (4);
INSERT INTO t1 VALUES (5);
connection node_2;
# restart
connection node_1;
INSERT INTO t1 VALUES (6);
INSERT INTO t1 VALUES (7);
INSERT INTO t1 VALUES (8);
INSERT INTO t1 VALUES (9);
INSERT INTO t1 VALUES (10);
COMMIT;
SELECT COUNT(*) = 10 FROM t1;
COUNT(*) = 10
1
connection node_2;
SELECT COUNT(*) = 10 FROM t1;
COUNT(*) = 10
1
connection node_3;
SELECT COUNT(*) = 10 FROM t1;
COUNT(*) = 10
1
connection node_1;
DROP TABLE t1;
