CREATE TABLE t1 (f1 INTEGER PRIMARY KEY) ENGINE=InnoDB;
SET SESSION wsrep_trx_fragment_size=1;
SET AUTOCOMMIT=OFF;
START TRANSACTION;
INSERT INTO t1 VALUES (1),(2),(3),(4),(5),(6),(7),(8),(9),(10);
SET SESSION wsrep_trx_fragment_size=1;
SET AUTOCOMMIT=OFF;
START TRANSACTION;
INSERT INTO t1 VALUES (11),(12),(13),(14),(15),(16),(17),(18),(19),(20);
INSERT INTO t1 VALUES (11),(12),(13),(14),(15),(16),(17),(18),(19),(20);
ERROR 40001: Deadlock found when trying to get lock; try restarting transaction
INSERT INTO t1 VALUES (31),(32),(33);
SELECT COUNT(*) = 0 FROM mysql.wsrep_streaming_log;
COUNT(*) = 0
0
SELECT COUNT(*) = 0 FROM mysql.wsrep_streaming_log;
COUNT(*) = 0
0
COMMIT;
DROP TABLE t1;
