START SLAVE;
CREATE TABLE t1 (f1 INTEGER PRIMARY KEY) ENGINE=InnoDB;
INSERT INTO t1 VALUES(1);
SELECT LENGTH(@@global.gtid_binlog_state) > 1;
LENGTH(@@global.gtid_binlog_state) > 1
1
gtid_binlog_state_equal
1
SELECT COUNT(*) = 1 FROM t1;
COUNT(*) = 1
1
gtid_binlog_state_equal
1
DROP TABLE t1;
STOP SLAVE;
RESET SLAVE ALL;
