connect node_2a, 127.0.0.1, root, , test, $NODE_MYPORT_2;
connect node_3, 127.0.0.1, root, , test, $NODE_MYPORT_3;
connection node_2;
START SLAVE;
connection node_1;
SHOW VARIABLES LIKE 'binlog_format';
Variable_name	Value
binlog_format	ROW
connection node_1;
CREATE TABLE source (f1 INTEGER PRIMARY KEY) ENGINE=InnoDB;
CREATE TABLE target AS SELECT * FROM source;
connection node_2;
connection node_3;
connection node_1;
DROP TABLE target;
INSERT INTO source VALUES(1);
CREATE TABLE target AS SELECT * FROM source;
connection node_2;
connection node_3;
connection node_1;
DROP TABLE source;
DROP TABLE target;
connection node_3;
connection node_2;
STOP SLAVE;
RESET SLAVE ALL;
connection node_1;
RESET MASTER;
