connection node_1;
CREATE TABLE ten (f1 INTEGER) ENGINE=InnoDB;
INSERT INTO ten VALUES (1),(2),(3),(4),(5),(6),(7),(8),(9),(10);
CREATE TABLE t1 (f1 INTEGER) ENGINE=InnoDB;
connection node_2;
SET SESSION wsrep_retry_autocommit = 0;
INSERT INTO t1 (f1) SELECT 1 FROM ten AS a1, ten AS a2, ten AS a3, ten AS a4, ten AS a5, ten AS a6;;
connection node_1;
TRUNCATE TABLE t1;;
connection node_1;
connection node_2;
ERROR 40001: Deadlock found when trying to get lock; try restarting transaction
connection node_2;
SELECT COUNT(*) = 0 FROM t1;
COUNT(*) = 0
1
connection node_1;
SELECT COUNT(*) = 0 FROM t1;
COUNT(*) = 0
1
DROP TABLE t1;
DROP TABLE ten;
