connection node_2;
connection node_1;
connection node_1;
CALL mtr.add_suppression("SEQUENCES declared without `NOCACHE` will not behave correctly in galera cluster.");
CALL mtr.add_suppression("WSREP: CREATE TABLE isolation failure");
connection node_2;
CALL mtr.add_suppression("SEQUENCES declared without `NOCACHE` will not behave correctly in galera cluster.");
connection node_1;
CREATE SEQUENCE `seq` start with 1 minvalue 1 maxvalue 1000000 increment by 0 cache 1000 nocycle ENGINE=InnoDB;
SHOW CREATE SEQUENCE seq;
Table	Create Table
seq	CREATE SEQUENCE `seq` start with 1 minvalue 1 maxvalue 1000000 increment by 0 cache 1000 nocycle ENGINE=InnoDB
connection node_2;
SHOW CREATE SEQUENCE seq;
Table	Create Table
seq	CREATE SEQUENCE `seq` start with 1 minvalue 1 maxvalue 1000000 increment by 0 cache 1000 nocycle ENGINE=InnoDB
connection node_1;
ALTER SEQUENCE seq MAXVALUE = 10000;
SHOW CREATE SEQUENCE seq;
Table	Create Table
seq	CREATE SEQUENCE `seq` start with 1 minvalue 1 maxvalue 10000 increment by 0 cache 1000 nocycle ENGINE=InnoDB
connection node_2;
SHOW CREATE SEQUENCE seq;
Table	Create Table
seq	CREATE SEQUENCE `seq` start with 1 minvalue 1 maxvalue 10000 increment by 0 cache 1000 nocycle ENGINE=InnoDB
connection node_1;
DROP SEQUENCE seq;
SHOW CREATE SEQUENCE seq;
ERROR 42S02: Table 'test.seq' doesn't exist
connection node_2;
SHOW CREATE SEQUENCE seq;
ERROR 42S02: Table 'test.seq' doesn't exist
connection node_1;
CREATE SEQUENCE Seq1_1     START WITH 1     INCREMENT BY 1;
select NEXT VALUE FOR Seq1_1;
NEXT VALUE FOR Seq1_1
1
alter table Seq1_1 engine=myisam;
select NEXT VALUE FOR Seq1_1;
NEXT VALUE FOR Seq1_1
1001
alter table Seq1_1 engine=innodb;
select NEXT VALUE FOR Seq1_1;
NEXT VALUE FOR Seq1_1
2001
connection node_2;
SHOW CREATE SEQUENCE Seq1_1;
Table	Create Table
Seq1_1	CREATE SEQUENCE `Seq1_1` start with 1 minvalue 1 maxvalue 9223372036854775806 increment by 1 cache 1000 nocycle ENGINE=InnoDB
select NEXT VALUE FOR Seq1_1;
NEXT VALUE FOR Seq1_1
3001
connection node_1;
DROP SEQUENCE Seq1_1;
connection node_1;
CREATE TABLE t2 (d CHAR(1)KEY);
SET SESSION autocommit=0;
INSERT INTO t2 VALUES(1);
CREATE TEMPORARY SEQUENCE seq1 NOCACHE ENGINE=INNODB;
CREATE SEQUENCE seq2 NOCACHE ENGINE=INNODB;
COMMIT;
SET SESSION AUTOCOMMIT=1;
SHOW CREATE TABLE seq1;
Table	Create Table
seq1	CREATE TEMPORARY TABLE `seq1` (
  `next_not_cached_value` bigint(21) NOT NULL,
  `minimum_value` bigint(21) NOT NULL,
  `maximum_value` bigint(21) NOT NULL,
  `start_value` bigint(21) NOT NULL COMMENT 'start value when sequences is created or value if RESTART is used',
  `increment` bigint(21) NOT NULL COMMENT 'increment value',
  `cache_size` bigint(21) unsigned NOT NULL,
  `cycle_option` tinyint(1) unsigned NOT NULL COMMENT '0 if no cycles are allowed, 1 if the sequence should begin a new cycle when maximum_value is passed',
  `cycle_count` bigint(21) NOT NULL COMMENT 'How many cycles have been done'
) ENGINE=InnoDB SEQUENCE=1
connection node_2;
SHOW CREATE SEQUENCE seq1;
ERROR 42S02: Table 'test.seq1' doesn't exist
SHOW CREATE SEQUENCE seq2;
Table	Create Table
seq2	CREATE SEQUENCE `seq2` start with 1 minvalue 1 maxvalue 9223372036854775806 increment by 1 nocache nocycle ENGINE=InnoDB
connection node_1;
SET SESSION autocommit=1;
DROP SEQUENCE seq1;
DROP SEQUENCE seq2;
DROP TABLE t2;
SET SESSION AUTOCOMMIT=0;
SET SESSION wsrep_OSU_method='RSU';
CREATE TABLE t1(c1 VARCHAR(10));
INSERT INTO t1 (c1) VALUES('');
create temporary sequence sq1 NOCACHE engine=innodb;
create sequence sq2 NOCACHE engine=innodb;
COMMIT;
SHOW CREATE SEQUENCE sq1;
Table	Create Table
sq1	CREATE SEQUENCE `sq1` start with 1 minvalue 1 maxvalue 9223372036854775806 increment by 1 nocache nocycle ENGINE=InnoDB
SHOW CREATE SEQUENCE sq2;
Table	Create Table
sq2	CREATE SEQUENCE `sq2` start with 1 minvalue 1 maxvalue 9223372036854775806 increment by 1 nocache nocycle ENGINE=InnoDB
connection node_2;
SHOW CREATE SEQUENCE sq1;
ERROR 42S02: Table 'test.sq1' doesn't exist
SHOW CREATE SEQUENCE sq2;
ERROR 42S02: Table 'test.sq2' doesn't exist
connection node_1;
SET SESSION AUTOCOMMIT=1;
DROP TABLE t1;
DROP SEQUENCE sq1;
DROP SEQUENCE sq2;
SET SESSION wsrep_OSU_method='TOI';
