CREATE TABLE t1 (id INT PRIMARY KEY) ENGINE=InnoDB;
INSERT INTO t1 VALUES (1);
CREATE TABLE t2 (id INT) ENGINE=InnoDB;
INSERT INTO t2 VALUES (1);
INSERT INTO t2 VALUES (1);
SELECT COUNT(*) = 1 FROM t1;
COUNT(*) = 1
1
SELECT COUNT(*) = 2 FROM t2;
COUNT(*) = 2
1
ALTER TABLE t1 ADD COLUMN f2 INTEGER;
FLUSH LOGS;
SHOW BINLOG EVENTS IN 'mysqld-bin.000002' LIMIT 4,18;
Log_name	Pos	Event_type	Server_id	End_log_pos	Info
mysqld-bin.000002	353	Gtid	1	391	GTID 0-1-1
mysqld-bin.000002	391	Query	1	504	use `test`; CREATE TABLE t1 (id INT PRIMARY KEY) ENGINE=InnoDB
mysqld-bin.000002	504	Gtid	1	542	BEGIN GTID 0-1-2
mysqld-bin.000002	542	Table_map	1	583	table_id: 100 (test.t1)
mysqld-bin.000002	583	Write_rows_v1	1	617	table_id: 100 flags: STMT_END_F
mysqld-bin.000002	617	Xid	1	644	COMMIT /* xid=2 */
mysqld-bin.000002	644	Gtid	1	682	GTID 0-1-3
mysqld-bin.000002	682	Query	1	783	use `test`; CREATE TABLE t2 (id INT) ENGINE=InnoDB
mysqld-bin.000002	783	Gtid	1	821	BEGIN GTID 0-1-4
mysqld-bin.000002	821	Table_map	1	862	table_id: 101 (test.t2)
mysqld-bin.000002	862	Write_rows_v1	1	896	table_id: 101 flags: STMT_END_F
mysqld-bin.000002	896	Xid	1	923	COMMIT /* xid=4 */
mysqld-bin.000002	923	Gtid	1	961	BEGIN GTID 0-1-5
mysqld-bin.000002	961	Table_map	1	1002	table_id: 101 (test.t2)
mysqld-bin.000002	1002	Write_rows_v1	1	1036	table_id: 101 flags: STMT_END_F
mysqld-bin.000002	1036	Xid	1	1063	COMMIT /* xid=5 */
mysqld-bin.000002	1063	Gtid	1	1101	GTID 0-1-6
mysqld-bin.000002	1101	Query	1	1200	use `test`; ALTER TABLE t1 ADD COLUMN f2 INTEGER
SELECT COUNT(*) = 2 FROM INFORMATION_SCHEMA.COLUMNS WHERE TABLE_NAME = 't1';
COUNT(*) = 2
1
SHOW BINLOG EVENTS IN 'mysqld-bin.000003' LIMIT 3,19;
Log_name	Pos	Event_type	Server_id	End_log_pos	Info
mysqld-bin.000003	313	Gtid	1	351	GTID 0-1-1
mysqld-bin.000003	351	Query	1	464	use `test`; CREATE TABLE t1 (id INT PRIMARY KEY) ENGINE=InnoDB
mysqld-bin.000003	464	Gtid	1	502	BEGIN GTID 0-1-2
mysqld-bin.000003	502	Table_map	1	543	table_id: 82 (test.t1)
mysqld-bin.000003	543	Write_rows_v1	1	577	table_id: 82 flags: STMT_END_F
mysqld-bin.000003	577	Xid	1	604	COMMIT /* xid=2 */
mysqld-bin.000003	604	Gtid	1	642	GTID 0-1-3
mysqld-bin.000003	642	Query	1	743	use `test`; CREATE TABLE t2 (id INT) ENGINE=InnoDB
mysqld-bin.000003	743	Gtid	1	781	BEGIN GTID 0-1-4
mysqld-bin.000003	781	Table_map	1	822	table_id: 83 (test.t2)
mysqld-bin.000003	822	Write_rows_v1	1	856	table_id: 83 flags: STMT_END_F
mysqld-bin.000003	856	Xid	1	883	COMMIT /* xid=4 */
mysqld-bin.000003	883	Gtid	1	921	BEGIN GTID 0-1-5
mysqld-bin.000003	921	Table_map	1	962	table_id: 83 (test.t2)
mysqld-bin.000003	962	Write_rows_v1	1	996	table_id: 83 flags: STMT_END_F
mysqld-bin.000003	996	Xid	1	1023	COMMIT /* xid=5 */
mysqld-bin.000003	1023	Gtid	1	1061	GTID 0-1-6
mysqld-bin.000003	1061	Query	1	1160	use `test`; ALTER TABLE t1 ADD COLUMN f2 INTEGER
DROP TABLE t1;
DROP TABLE t2;
