connection node_1;
CREATE DATABASE database1;
USE database1;
CREATE TABLE ten (f1 INTEGER) ENGINE=InnoDB;
INSERT INTO ten VALUES (1),(2),(3),(4),(5),(6),(7),(8),(9),(10);
CREATE TABLE t1 (f1 INTEGER) ENGINE=InnoDB;
CREATE TABLE t2 (f1 INTEGER) ENGINE=InnoDB;
SET SESSION wsrep_retry_autocommit = 0;
INSERT INTO t1 (f1) SELECT 1 FROM ten AS a1, ten AS a2, ten AS a3, ten AS a4, ten AS a5, ten AS a6;;
connection node_1a;
USE database1;
SET SESSION wsrep_retry_autocommit = 0;
INSERT INTO t2 (f1) SELECT 1 FROM ten AS a1, ten AS a2, ten AS a3, ten AS a4, ten AS a5, ten AS a6;;
connection node_2;
DROP DATABASE database1;;
connection node_1;
ERROR 40001: Deadlock found when trying to get lock; try restarting transaction
connection node_1a;
ERROR 40001: Deadlock found when trying to get lock; try restarting transaction
connection node_2;
connection node_1;
SELECT COUNT(*) = 0 FROM INFORMATION_SCHEMA.SCHEMATA WHERE SCHEMA_NAME = 'database1';
COUNT(*) = 0
1
USE database1;
ERROR 42000: Unknown database 'database1'
connection node_2;
SELECT COUNT(*) = 0 FROM INFORMATION_SCHEMA.SCHEMATA WHERE SCHEMA_NAME = 'database1';
COUNT(*) = 0
1
USE database1;
ERROR 42000: Unknown database 'database1'
