START SLAVE;
CREATE TABLE t1 (f1 INTEGER PRIMARY KEY) ENGINE=InnoDB;
INSERT INTO t1 VALUES(1);
INSERT INTO t1 VALUES (2);
SELECT COUNT(*) = 2 FROM t1;
COUNT(*) = 2
1
INSERT INTO t1 VALUES (3);
SELECT COUNT(*) = 3 FROM t1;
COUNT(*) = 3
1
DROP TABLE t1;
STOP SLAVE;
RESET SLAVE ALL;
RESET MASTER;
