connect node_2a, 127.0.0.1, root, , test, $NODE_MYPORT_2;
connection node_2;
START SLAVE;
connection node_1;
CREATE TABLE t1 (f1 INTEGER PRIMARY KEY) ENGINE=InnoDB;
INSERT INTO t1 VALUES(1);
SELECT LENGTH(@@global.gtid_binlog_state) > 1;
LENGTH(@@global.gtid_binlog_state) > 1
1
connection node_2;
gtid_binlog_state_equal
1
connect node_3, 127.0.0.1, root, , test, $NODE_MYPORT_3;
SELECT COUNT(*) = 1 FROM t1;
COUNT(*) = 1
1
gtid_binlog_state_equal
1
connection node_1;
DROP TABLE t1;
connection node_3;
connection node_2;
STOP SLAVE;
RESET SLAVE ALL;
