SET GLOBAL wsrep_replicate_myisam = TRUE;
CREATE TABLE t1 (f1 INTEGER) ENGINE=MyISAM;
INSERT INTO t1 VALUES (1);
ALTER TABLE t1 ENGINE=InnoDB;
connection node_2;
SELECT ENGINE = 'InnoDB' FROM INFORMATION_SCHEMA.TABLES WHERE TABLE_NAME = 't1';
ENGINE = 'InnoDB'
1
SELECT COUNT(*) = 1 FROM t1;
COUNT(*) = 1
1
connection node_1;
DROP TABLE t1;
