connection node_2;
connection node_1;
connection node_1;
connection node_2;
connection node_1;
set global wsrep_on=OFF;
reset master;
set global wsrep_on=ON;
connection node_2;
set global wsrep_on=OFF;
reset master;
set global wsrep_on=ON;
CREATE TABLE t1 (id INT PRIMARY KEY) ENGINE=InnoDB;
INSERT INTO t1 VALUES (1);
CREATE TABLE t2 (id INT) ENGINE=InnoDB;
INSERT INTO t2 VALUES (1);
INSERT INTO t2 VALUES (1);
connection node_2;
SELECT COUNT(*) = 1 FROM t1;
COUNT(*) = 1
1
SELECT COUNT(*) = 2 FROM t2;
COUNT(*) = 2
1
connection node_1;
ALTER TABLE t1 ADD COLUMN f2 INTEGER;
include/show_binlog_events.inc
Log_name	Pos	Event_type	Server_id	End_log_pos	Info
hostname1-bin.000001	#	Gtid	#	#	GTID #-#-#
hostname1-bin.000001	#	Query	#	#	use `test`; CREATE TABLE t1 (id INT PRIMARY KEY) ENGINE=InnoDB
hostname1-bin.000001	#	Gtid	#	#	BEGIN GTID #-#-#
hostname1-bin.000001	#	Annotate_rows	#	#	INSERT INTO t1 VALUES (1)
hostname1-bin.000001	#	Table_map	#	#	table_id: # (test.t1)
hostname1-bin.000001	#	Write_rows_v1	#	#	table_id: # flags: STMT_END_F
hostname1-bin.000001	#	Xid	#	#	COMMIT /* XID */
hostname1-bin.000001	#	Gtid	#	#	GTID #-#-#
hostname1-bin.000001	#	Query	#	#	use `test`; CREATE TABLE t2 (id INT) ENGINE=InnoDB
hostname1-bin.000001	#	Gtid	#	#	BEGIN GTID #-#-#
hostname1-bin.000001	#	Annotate_rows	#	#	INSERT INTO t2 VALUES (1)
hostname1-bin.000001	#	Table_map	#	#	table_id: # (test.t2)
hostname1-bin.000001	#	Write_rows_v1	#	#	table_id: # flags: STMT_END_F
hostname1-bin.000001	#	Xid	#	#	COMMIT /* XID */
hostname1-bin.000001	#	Gtid	#	#	BEGIN GTID #-#-#
hostname1-bin.000001	#	Annotate_rows	#	#	INSERT INTO t2 VALUES (1)
hostname1-bin.000001	#	Table_map	#	#	table_id: # (test.t2)
hostname1-bin.000001	#	Write_rows_v1	#	#	table_id: # flags: STMT_END_F
hostname1-bin.000001	#	Xid	#	#	COMMIT /* XID */
hostname1-bin.000001	#	Gtid	#	#	GTID #-#-#
hostname1-bin.000001	#	Query	#	#	use `test`; ALTER TABLE t1 ADD COLUMN f2 INTEGER
connection node_2;
Shutting down server ...
connection node_1;
Cleaning var directory ...
connection node_2;
Starting server ...
connection node_2;
SELECT COUNT(*) = 2 FROM INFORMATION_SCHEMA.COLUMNS WHERE TABLE_NAME = 't1';
COUNT(*) = 2
1
include/show_binlog_events.inc
Log_name	Pos	Event_type	Server_id	End_log_pos	Info
hostname1-bin.000001	#	Gtid	#	#	GTID #-#-#
hostname1-bin.000001	#	Query	#	#	use `test`; CREATE TABLE t1 (id INT PRIMARY KEY) ENGINE=InnoDB
hostname1-bin.000001	#	Gtid	#	#	BEGIN GTID #-#-#
hostname1-bin.000001	#	Annotate_rows	#	#	INSERT INTO t1 VALUES (1)
hostname1-bin.000001	#	Table_map	#	#	table_id: # (test.t1)
hostname1-bin.000001	#	Write_rows_v1	#	#	table_id: # flags: STMT_END_F
hostname1-bin.000001	#	Xid	#	#	COMMIT /* XID */
hostname1-bin.000001	#	Gtid	#	#	GTID #-#-#
hostname1-bin.000001	#	Query	#	#	use `test`; CREATE TABLE t2 (id INT) ENGINE=InnoDB
hostname1-bin.000001	#	Gtid	#	#	BEGIN GTID #-#-#
hostname1-bin.000001	#	Annotate_rows	#	#	INSERT INTO t2 VALUES (1)
hostname1-bin.000001	#	Table_map	#	#	table_id: # (test.t2)
hostname1-bin.000001	#	Write_rows_v1	#	#	table_id: # flags: STMT_END_F
hostname1-bin.000001	#	Xid	#	#	COMMIT /* XID */
hostname1-bin.000001	#	Gtid	#	#	BEGIN GTID #-#-#
hostname1-bin.000001	#	Annotate_rows	#	#	INSERT INTO t2 VALUES (1)
hostname1-bin.000001	#	Table_map	#	#	table_id: # (test.t2)
hostname1-bin.000001	#	Write_rows_v1	#	#	table_id: # flags: STMT_END_F
hostname1-bin.000001	#	Xid	#	#	COMMIT /* XID */
hostname1-bin.000001	#	Gtid	#	#	GTID #-#-#
hostname1-bin.000001	#	Query	#	#	use `test`; ALTER TABLE t1 ADD COLUMN f2 INTEGER
hostname1-bin.000001	#	Rotate	#	#	hostname1-bin.000002;pos=4
DROP TABLE t1;
DROP TABLE t2;
#cleanup
connection node_1;
SET GLOBAL wsrep_on=OFF;
RESET MASTER;
SET GLOBAL wsrep_on=ON;
