CREATE TABLE t1 (id INT PRIMARY KEY) ENGINE=InnoDB;
CREATE TABLE t2 (id INT PRIMARY KEY) ENGINE=InnoDB;
LOCK TABLE t1 READ;
INSERT INTO t1 VALUES (1);
INSERT INTO t2 VALUES (1);
SET SESSION wsrep_sync_wait=0;
SELECT COUNT(*) = 0 FROM t1;
COUNT(*) = 0
1
SELECT COUNT(*) = 0 FROM t2;
COUNT(*) = 0
1
UNLOCK TABLES;
SELECT COUNT(*) = 1 FROM t1;
COUNT(*) = 1
1
SELECT COUNT(*) = 1 FROM t2;
COUNT(*) = 1
1
DROP TABLE t1;
DROP TABLE t2;
