CREATE SEQUENCE a1 engine=aria;
CREATE TABLE t1(a INT, KEY (a)) KEY_BLOCK_SIZE=1024;
insert into t1 values (1),(2);
CREATE SEQUENCE x1 engine=innodb;
# dump whole database
CREATE SEQUENCE `a1` start with 1 minvalue 1 maxvalue 9223372036854775806 increment by 1 cache 1000 nocycle ENGINE=Aria;
SELECT SETVAL(`a1`, 1, 0);
CREATE SEQUENCE `x1` start with 1 minvalue 1 maxvalue 9223372036854775806 increment by 1 cache 1000 nocycle ENGINE=InnoDB;
SELECT SETVAL(`x1`, 1, 0);
/*!40101 SET @saved_cs_client     = @@character_set_client */;
/*!40101 SET character_set_client = utf8 */;
CREATE TABLE `t1` (
  `a` int(11) DEFAULT NULL,
  KEY `a` (`a`)
) ENGINE=MyISAM DEFAULT CHARSET=latin1 KEY_BLOCK_SIZE=1024;
/*!40101 SET character_set_client = @saved_cs_client */;
INSERT INTO `t1` VALUES (1),(2);
# dump by tables order 1
CREATE SEQUENCE `a1` start with 1 minvalue 1 maxvalue 9223372036854775806 increment by 1 cache 1000 nocycle ENGINE=Aria;
SELECT SETVAL(`a1`, 1, 0);
CREATE SEQUENCE `x1` start with 1 minvalue 1 maxvalue 9223372036854775806 increment by 1 cache 1000 nocycle ENGINE=InnoDB;
SELECT SETVAL(`x1`, 1, 0);
/*!40101 SET @saved_cs_client     = @@character_set_client */;
/*!40101 SET character_set_client = utf8 */;
CREATE TABLE `t1` (
  `a` int(11) DEFAULT NULL,
  KEY `a` (`a`)
) ENGINE=MyISAM DEFAULT CHARSET=latin1 KEY_BLOCK_SIZE=1024;
/*!40101 SET character_set_client = @saved_cs_client */;
INSERT INTO `t1` VALUES (1),(2);
# dump by tables order 2
CREATE SEQUENCE `a1` start with 1 minvalue 1 maxvalue 9223372036854775806 increment by 1 cache 1000 nocycle ENGINE=Aria;
SELECT SETVAL(`a1`, 1, 0);
CREATE SEQUENCE `x1` start with 1 minvalue 1 maxvalue 9223372036854775806 increment by 1 cache 1000 nocycle ENGINE=InnoDB;
SELECT SETVAL(`x1`, 1, 0);
/*!40101 SET @saved_cs_client     = @@character_set_client */;
/*!40101 SET character_set_client = utf8 */;
CREATE TABLE `t1` (
  `a` int(11) DEFAULT NULL,
  KEY `a` (`a`)
) ENGINE=MyISAM DEFAULT CHARSET=latin1 KEY_BLOCK_SIZE=1024;
/*!40101 SET character_set_client = @saved_cs_client */;
INSERT INTO `t1` VALUES (1),(2);
# dump by tables only tables
/*!40101 SET @saved_cs_client     = @@character_set_client */;
/*!40101 SET character_set_client = utf8 */;
CREATE TABLE `t1` (
  `a` int(11) DEFAULT NULL,
  KEY `a` (`a`)
) ENGINE=MyISAM DEFAULT CHARSET=latin1 KEY_BLOCK_SIZE=1024;
/*!40101 SET character_set_client = @saved_cs_client */;
INSERT INTO `t1` VALUES (1),(2);
# dump by tables only sequences
CREATE SEQUENCE `a1` start with 1 minvalue 1 maxvalue 9223372036854775806 increment by 1 cache 1000 nocycle ENGINE=Aria;
SELECT SETVAL(`a1`, 1, 0);
CREATE SEQUENCE `x1` start with 1 minvalue 1 maxvalue 9223372036854775806 increment by 1 cache 1000 nocycle ENGINE=InnoDB;
SELECT SETVAL(`x1`, 1, 0);
# end of dumps
DROP TABLE a1,t1,x1;
set default_storage_engine=InnoDB;
create sequence t1;
LOCK TABLES t1 READ;
SELECT * FROM t1;
next_not_cached_value	minimum_value	maximum_value	start_value	increment	cache_size	cycle_option	cycle_count
1	1	9223372036854775806	1	1	1000	0	0
unlock tables;
drop table t1;
