#
# Create and check
#
create sequence s1 engine=innodb;
check table s1;
Table	Op	Msg_type	Msg_text
test.s1	check	note	The storage engine for the table doesn't support check
select next value for s1;
next value for s1
1
flush tables;
check table s1;
Table	Op	Msg_type	Msg_text
test.s1	check	note	The storage engine for the table doesn't support check
select next value for s1;
next value for s1
1001
flush tables;
repair table s1;
Table	Op	Msg_type	Msg_text
test.s1	repair	note	The storage engine for the table doesn't support repair
select next value for s1;
next value for s1
2001
drop sequence s1;
create or replace sequence s1 engine=innodb;
select next value for s1;
next value for s1
1
repair table s1;
Table	Op	Msg_type	Msg_text
test.s1	repair	note	The storage engine for the table doesn't support repair
check table s1;
Table	Op	Msg_type	Msg_text
test.s1	check	note	The storage engine for the table doesn't support check
select next value for s1;
next value for s1
1001
select * from s1;
next_value	min_value	max_value	start	increment	cache	cycle	round
2001	1	9223372036854775806	1	1	1000	0	0
drop sequence s1;
