DROP TABLE IF EXISTS diaries;
CREATE TABLE diaries (
id INT PRIMARY KEY AUTO_INCREMENT,
title VARCHAR(40),
body VARCHAR(140)
) DEFAULT CHARSET UTF8;
SHOW CREATE TABLE diaries;
Table	Create Table
diaries	CREATE TABLE `diaries` (
  `id` int(11) NOT NULL AUTO_INCREMENT,
  `title` varchar(40) DEFAULT NULL,
  `body` varchar(140) DEFAULT NULL,
  PRIMARY KEY (`id`)
) ENGINE=Mroonga DEFAULT CHARSET=utf8mb3
INSERT INTO diaries (title, body) values ("groonga (1)", "starting groonga.");
SELECT * FROM diaries;
id	title	body
1	groonga (1)	starting groonga.
ALTER TABLE diaries MODIFY body VARCHAR(140) FIRST;
SHOW CREATE TABLE diaries;
Table	Create Table
diaries	CREATE TABLE `diaries` (
  `body` varchar(140) DEFAULT NULL,
  `id` int(11) NOT NULL AUTO_INCREMENT,
  `title` varchar(40) DEFAULT NULL,
  PRIMARY KEY (`id`)
) ENGINE=Mroonga AUTO_INCREMENT=2 DEFAULT CHARSET=utf8mb3
INSERT INTO diaries (title, body) values ("groonga (2)", "started groonga.");
SELECT * FROM diaries;
body	id	title
starting groonga.	1	groonga (1)
started groonga.	2	groonga (2)
DROP TABLE diaries;
