DROP TABLE IF EXISTS diaries;
CREATE TABLE diaries (
id INT PRIMARY KEY AUTO_INCREMENT,
title VARCHAR(40),
body VARCHAR(140)
) DEFAULT CHARSET UTF8;
SHOW CREATE TABLE diaries;
Table	Create Table
diaries	CREATE TABLE `diaries` (
  `id` int(11) NOT NULL AUTO_INCREMENT,
  `title` varchar(40) DEFAULT NULL,
  `body` varchar(140) DEFAULT NULL,
  PRIMARY KEY (`id`)
) ENGINE=Mroonga DEFAULT CHARSET=utf8mb3 COLLATE=utf8mb3_general_ci
INSERT INTO diaries (title, body) VALUES ("survey", "will start groonga!");
SELECT * FROM diaries;
id	title	body
1	survey	will start groonga!
ALTER TABLE diaries
DROP COLUMN title,
DROP COLUMN body;
SHOW CREATE TABLE diaries;
Table	Create Table
diaries	CREATE TABLE `diaries` (
  `id` int(11) NOT NULL AUTO_INCREMENT,
  PRIMARY KEY (`id`)
) ENGINE=Mroonga AUTO_INCREMENT=2 DEFAULT CHARSET=utf8mb3 COLLATE=utf8mb3_general_ci
SELECT * FROM diaries;
id
1
INSERT INTO diaries () VALUES ();
SELECT * FROM diaries;
id
1
2
DROP TABLE diaries;
