DROP TABLE IF EXISTS tags, bugs;
CREATE TABLE tags (
name VARCHAR(64) PRIMARY KEY
) DEFAULT CHARSET=utf8
COLLATE=utf8_bin
COMMENT='default_tokenizer "TokenDelimit"';
CREATE TABLE bugs (
id INT UNSIGNED PRIMARY KEY,
tags VARCHAR(128) DEFAULT '' COMMENT 'flags "COLUMN_VECTOR", type "tags"'
) DEFAULT CHARSET=utf8;
SHOW CREATE TABLE bugs;
Table	Create Table
bugs	CREATE TABLE `bugs` (
  `id` int(10) unsigned NOT NULL,
  `tags` varchar(128) DEFAULT '' COMMENT 'flags "COLUMN_VECTOR", type "tags"',
  PRIMARY KEY (`id`)
) ENGINE=Mroonga DEFAULT CHARSET=utf8mb3 COLLATE=utf8mb3_general_ci
INSERT INTO bugs (id, tags) VALUES (1, "Linux MySQL groonga");
SELECT * FROM bugs;
id	tags
1	Linux MySQL groonga
SELECT * FROM tags;
name
Linux
MySQL
groonga
DROP TABLE bugs;
DROP TABLE tags;
