DROP TABLE IF EXISTS running_records;
CREATE TABLE running_records (
id INT PRIMARY KEY AUTO_INCREMENT,
title TEXT,
average TIME,
max TIME,
KEY (average)
) DEFAULT CHARSET UTF8;
SHOW CREATE TABLE running_records;
Table	Create Table
running_records	CREATE TABLE `running_records` (
  `id` int(11) NOT NULL AUTO_INCREMENT,
  `title` text DEFAULT NULL,
  `average` time DEFAULT NULL,
  `max` time DEFAULT NULL,
  PRIMARY KEY (`id`),
  KEY `average` (`average`)
) ENGINE=Mroonga DEFAULT CHARSET=utf8
INSERT INTO running_records (title, average, max)
VALUES ("normal condition", "01:00:00", "01:05:00");
INSERT INTO running_records (title, average, max)
VALUES ("bad condition", "12:23:34", "838:59:59");
INSERT INTO running_records (title, average, max)
VALUES ("record failure", "-838:59:59", "-838:59:59");
SELECT * FROM running_records;
id	title	average	max
1	normal condition	01:00:00	01:05:00
2	bad condition	12:23:34	838:59:59
3	record failure	-838:59:59	-838:59:59
SELECT * FROM running_records
WHERE average BETWEEN "00:59:59" AND "100:10:10";
id	title	average	max
1	normal condition	01:00:00	01:05:00
2	bad condition	12:23:34	838:59:59
SELECT * FROM running_records
WHERE average BETWEEN "-838:59:59" AND "01:00:00";
id	title	average	max
3	record failure	-838:59:59	-838:59:59
1	normal condition	01:00:00	01:05:00
DROP TABLE running_records;
