DROP TABLE IF EXISTS diaries;
CREATE TABLE diaries (
time TIMESTAMP PRIMARY KEY,
title TEXT
) DEFAULT CHARSET UTF8;
INSERT INTO diaries (time, title) VALUES ("2012-01-29 21:51:01", "clear day");
INSERT INTO diaries (time, title) VALUES ("2012-01-30 01:23:45", "rainy day");
INSERT INTO diaries (time, title) VALUES ("2012-01-31 08:32:10", "cloudy day");
SELECT * FROM diaries;
time	title
2012-01-29 21:51:01	clear day
2012-01-30 01:23:45	rainy day
2012-01-31 08:32:10	cloudy day
SELECT * FROM diaries
WHERE time BETWEEN "2012-01-29 00:00:00" AND "2012-01-31 00:00:00";
time	title
2012-01-29 21:51:01	clear day
2012-01-30 01:23:45	rainy day
DROP TABLE diaries;
