drop table if exists diaries;
set names utf8;
create table diaries (
id int primary key,
content varchar(256),
fulltext index (content)
) default charset utf8;
insert into diaries values(1, "今日からはじめました。");
insert into diaries values(2, "明日の富士山の天気について");
insert into diaries values(3, "今日も天気がよくてきれいに見える。");
select * from diaries;
id	content
1	今日からはじめました。
2	明日の富士山の天気について
3	今日も天気がよくてきれいに見える。
select * from diaries where match(content) against("天気");
id	content
2	明日の富士山の天気について
3	今日も天気がよくてきれいに見える。
replace into diaries values(2, "明日の天気は雨みたい。");
select * from diaries where match(content) against("天気");
id	content
2	明日の天気は雨みたい。
3	今日も天気がよくてきれいに見える。
drop table diaries;
