SET @@alter_algorithm=COPY;
CREATE TABLE t1(f1 CHAR(200), f2 INT NOT NULL)engine=InnoDB;
INSERT INTO t1 SELECT repeat('a', 200), seq FROM seq_1_to_2;
ALTER TABLE t1 FORCE;
INSERT INTO t1 SELECT repeat('b', 200), seq FROM seq_3_to_65536;
ALTER TABLE t1 ADD INDEX(f2);
ALTER TABLE t1 ADD PRIMARY KEY(f1(2));
ERROR 23000: Duplicate entry 'bb' for key 'PRIMARY'
INSERT INTO t1 VALUES(repeat('a', 200), 1);
ALTER TABLE t1 ADD UNIQUE KEY(f2);
ERROR 23000: Duplicate entry '1' for key 'f2_2'
ALTER IGNORE TABLE t1 MODIFY f1 CHAR(200) NOT NULL;
CREATE TABLE t2(f1 INT NOT NULL,
FOREIGN KEY(f1) REFERENCES t1(f2))ENGINE=InnoDB;
INSERT INTO t2 VALUES(1);
ALTER TABLE t2 FORCE;
DROP TABLE t2, t1;
CREATE TABLE t1 (f1 INT, f2 INT) ENGINE=InnoDB PARTITION BY HASH(f1) PARTITIONS 2;
INSERT INTO t1 VALUES(1, 1);
INSERT INTO t1 SELECT seq, seq * 2 FROM seq_1_to_2;
ALTER TABLE t1 FORCE;
INSERT INTO t1 SELECT seq, seq * 2 FROM seq_3_to_65536;
ALTER TABLE t1 ADD INDEX(f2);
DROP TABLE t1;
