SET DEFAULT_STORAGE_ENGINE=InnoDB;
#
# Start of 10.2 tests
#
#
#  MDEV-24901 SIGSEGV in fts_get_table_name, SIGSEGV in ib_vector_size, SIGSEGV in row_merge_fts_doc_tokenize, stack smashing Export
#
CREATE TABLE t1(c TEXT CHARACTER SET tis620);
SHOW CREATE TABLE t1;
Table	Create Table
t1	CREATE TABLE `t1` (
  `c` text CHARACTER SET tis620 COLLATE tis620_thai_ci DEFAULT NULL
) ENGINE=InnoDB DEFAULT CHARSET=utf8mb4 COLLATE=utf8mb4_uca1400_ai_ci
INSERT INTO t1 VALUES('100');
ALTER TABLE t1 ADD FULLTEXT INDEX(c), ALGORITHM=INPLACE;
DROP TABLE t1;
CREATE TABLE t1(c TEXT CHARACTER SET tis620 COLLATE tis620_thai_nopad_ci);
SHOW CREATE TABLE t1;
Table	Create Table
t1	CREATE TABLE `t1` (
  `c` text CHARACTER SET tis620 COLLATE tis620_thai_nopad_ci DEFAULT NULL
) ENGINE=InnoDB DEFAULT CHARSET=utf8mb4 COLLATE=utf8mb4_uca1400_ai_ci
INSERT INTO t1 VALUES('100');
ALTER TABLE t1 ADD FULLTEXT INDEX(c), ALGORITHM=INPLACE;
DROP TABLE t1;
#
# End of 10.2 tests
#
#
# Start of 10.4 tests
#
#
# MDEV-27670 Assertion `(cs->state & 0x20000) == 0' failed in my_strnncollsp_nchars_generic_8bit
#
CREATE TABLE t1 (id INT PRIMARY KEY, a CHAR(8), KEY(a)) ENGINE=InnoDB COLLATE tis620_thai_nopad_ci;
INSERT INTO t1 VALUES (1,'foo'),(2,'bar');
DROP TABLE t1;
#
# MDEV-27768 MDEV-25440: Assertion `(cs->state & 0x20000) == 0' failed in my_strnncollsp_nchars_generic_8bit
#
CREATE TABLE t1 (a INT KEY,b INT,c CHAR,KEY(b),KEY(c)) ROW_FORMAT=REDUNDANT COLLATE=tis620_thai_nopad_ci ENGINE=InnoDB;
INSERT INTO t1 VALUES (3,4,4);
DROP TABLE t1;
CREATE TABLE t1 (C1 CHAR KEY,B1 BIT,B2 BIT,C2 CHAR DEFAULT'') ROW_FORMAT=DYNAMIC COLLATE=tis620_thai_nopad_ci ENGINE=InnoDB;
SELECT HEX(c1),HEX (c2) FROM t1 WHERE c1>=''AND c1<''AND c2=''LIMIT 2;
HEX(c1)	HEX (c2)
DROP TABLE t1;
SET sql_mode='';
CREATE TABLE t1 (a INT UNSIGNED,b INT,c CHAR(1),d BINARY (1),e VARCHAR(1),f VARBINARY(1),g BLOB,h BLOB,id INT,KEY(b),KEY(e)) ROW_FORMAT=REDUNDANT COLLATE=tis620_thai_nopad_ci ENGINE=InnoDB;
INSERT INTO t1 VALUES (4386060749083099108,157,0,0,0,0,0,0,12);
Warnings:
Warning	1264	Out of range value for column 'a' at row 1
INSERT INTO t1 VALUES (104,15158706241929488558,0,0,0,0,0,0,13);
Warnings:
Warning	1264	Out of range value for column 'b' at row 1
SELECT GROUP_CONCAT(DISTINCT a,b ORDER BY c,b) FROM t1;
GROUP_CONCAT(DISTINCT a,b ORDER BY c,b)
4294967295157,1042147483647
DROP TABLE t1;
SET sql_mode=DEFAULT;
CREATE TABLE t1 (a CHAR(9),b CHAR(7)) COLLATE=tis620_thai_nopad_ci;
INSERT INTO t1 VALUES (0,0),(0,0),(0,0),(0,0),(0,0),(0,0),(0,0),(0,0),(0,0),(0,0);
ALTER TABLE t1 ADD INDEX kb (b),ADD INDEX kab (a,b),ALGORITHM=INPLACE;
DROP TABLE t1;
SET sql_mode='';
CREATE TABLE t1 (a INT UNSIGNED,b INT UNSIGNED,c CHAR(1),d CHAR(1),e VARCHAR(1),f VARCHAR(1),g BLOB,h BLOB,id INT,KEY(b),KEY(e)) ROW_FORMAT=REDUNDANT COLLATE=tis620_thai_nopad_ci;
INSERT INTO t1 VALUES (15842995496588415350,5339224446865937973,0,0,0,0,0,0,4);
Warnings:
Warning	1264	Out of range value for column 'a' at row 1
Warning	1264	Out of range value for column 'b' at row 1
INSERT INTO t1 VALUES (8118894032862615316,5299008984764990929,0,0,0,0,0,0,1);
Warnings:
Warning	1264	Out of range value for column 'a' at row 1
Warning	1264	Out of range value for column 'b' at row 1
SELECT GROUP_CONCAT(DISTINCT a,c ORDER BY a) FROM t1;
GROUP_CONCAT(DISTINCT a,c ORDER BY a)
42949672950
DROP TABLE t1;
SET sql_mode=DEFAULT;
CREATE TABLE t1 (a CHAR,b CHAR,KEY(a,b)) ROW_FORMAT=DYNAMIC COLLATE=tis620_thai_nopad_ci ENGINE=InnoDB;
INSERT INTO t1 VALUES (0,0);
DROP TABLE t1;
CREATE TABLE t1 (a CHAR,b CHAR) COLLATE=tis620_thai_nopad_ci;
INSERT INTO t1 VALUES (0,0);
SELECT a,SUM(DISTINCT a),MIN(b) FROM t1 GROUP BY a;
a	SUM(DISTINCT a)	MIN(b)
0	0	0
DROP TABLE t1;
CREATE TABLE t1 (a CHAR,KEY(a)) ENGINE=InnoDB COLLATE=tis620_thai_nopad_ci;
INSERT INTO t1 VALUES (0);
DROP TABLE t1;
#
# End of 10.4 tests
#
