SET @@SESSION.AUTO_INCREMENT_INCREMENT=1, @@SESSION.AUTO_INCREMENT_OFFSET=1;
CREATE TABLE t1 (c1 INT PRIMARY KEY AUTO_INCREMENT) ENGINE=InnoDB;
INSERT INTO t1 VALUES (null);
INSERT INTO t1 VALUES (null);
ALTER TABLE t1 CHANGE c1 d1 INT NOT NULL AUTO_INCREMENT;
affected rows: 0
info: Records: 0  Duplicates: 0  Warnings: 0
SELECT * FROM t1;
d1
1
2
SHOW CREATE TABLE t1;
Table	Create Table
t1	CREATE TABLE `t1` (
  `d1` int(11) NOT NULL AUTO_INCREMENT,
  PRIMARY KEY (`d1`)
) ENGINE=InnoDB AUTO_INCREMENT=3 DEFAULT CHARSET=latin1
INSERT INTO t1 VALUES(null);
SELECT * FROM t1;
d1
1
2
3
ALTER TABLE t1 AUTO_INCREMENT = 3;
affected rows: 0
info: Records: 0  Duplicates: 0  Warnings: 0
SHOW CREATE TABLE t1;
Table	Create Table
t1	CREATE TABLE `t1` (
  `d1` int(11) NOT NULL AUTO_INCREMENT,
  PRIMARY KEY (`d1`)
) ENGINE=InnoDB AUTO_INCREMENT=4 DEFAULT CHARSET=latin1
INSERT INTO t1 VALUES(null);
INSERT INTO t1 VALUES(null);
SELECT * FROM t1;
d1
1
2
3
4
5
DROP TABLE t1;
