FLUSH TABLES;
#
# Bug#13737949: CRASH IN HA_PARTITION::INDEX_INIT
# Bug#18694052: SERVER CRASH IN HA_PARTITION::INIT_RECORD_PRIORITY_QUEUE
#
CREATE TABLE t1 (a INT, b VARCHAR(64), KEY(b,a))
PARTITION BY HASH (a) PARTITIONS 3;
INSERT INTO t1 VALUES (1, "1"), (2, "2"), (3, "3"), (4, "Four"), (5, "Five"),
(6, "Six"), (7, "Seven"), (8, "Eight"), (9, "Nine");
SET @saved_dbug=@@debug_dbug;
SET SESSION debug_dbug="+d,ha_partition_fail_index_init";
SELECT * FROM t1 WHERE b = "Seven";
ERROR HY000: Table has no partition for value 0
SET SESSION debug_dbug=@saved_dbug;
SELECT * FROM t1 WHERE b = "Seven";
a	b
7	Seven
DROP TABLE t1;
#
# WL#4445: EXCHANGE PARTITION WITH TABLE
# Verify ddl_log in case of crashing.
call mtr.add_suppression("Attempting backtrace. You can use the following information to find out");
call mtr.add_suppression('InnoDB: The log sequence numbers [0-9]+ and [0-9]+ in ibdata files do not match the log sequence number [0-9]+ in the ib_logfiles!');
SET @save_dbug=@@debug_dbug;
SET SESSION debug_dbug="+d,exchange_partition_abort_1";
CREATE TABLE t2 (a INT, b VARCHAR(64));
INSERT INTO t2 VALUES (5, "Original from table t2"), (6, "Original from table t2"), (7, "Original from table t2"), (8, "Original from table t2");
SHOW CREATE TABLE t2;
Table	Create Table
t2	CREATE TABLE `t2` (
  `a` int(11) DEFAULT NULL,
  `b` varchar(64) DEFAULT NULL
) ENGINE=MyISAM DEFAULT CHARSET=latin1
SELECT * FROM t2;
a	b
5	Original from table t2
6	Original from table t2
7	Original from table t2
8	Original from table t2
CREATE TABLE t1 (a INT, b VARCHAR(64)) PARTITION BY RANGE (a)
(PARTITION p0 VALUES LESS THAN (10),
PARTITION p1 VALUES LESS THAN MAXVALUE);
INSERT INTO t1 VALUES (1, "Original from partition p0"), (2, "Original from partition p0"), (3, "Original from partition p0"), (4, "Original from partition p0"), (11, "Original from partition p1"), (12, "Original from partition p1"), (13, "Original from partition p1"), (14, "Original from partition p1"), (21, "Original from partition p1"), (22, "Original from partition p1"), (23, "Original from partition p1"), (24, "Original from partition p1");
# State before crash
db.opt
t1#P#p0.MYD
t1#P#p0.MYI
t1#P#p1.MYD
t1#P#p1.MYI
t1.frm
t1.par
t2.MYD
t2.MYI
t2.frm
SHOW CREATE TABLE t1;
Table	Create Table
t1	CREATE TABLE `t1` (
  `a` int(11) DEFAULT NULL,
  `b` varchar(64) DEFAULT NULL
) ENGINE=MyISAM DEFAULT CHARSET=latin1
 PARTITION BY RANGE (`a`)
(PARTITION `p0` VALUES LESS THAN (10) ENGINE = MyISAM,
 PARTITION `p1` VALUES LESS THAN MAXVALUE ENGINE = MyISAM)
SELECT * FROM t1;
a	b
1	Original from partition p0
11	Original from partition p1
12	Original from partition p1
13	Original from partition p1
14	Original from partition p1
2	Original from partition p0
21	Original from partition p1
22	Original from partition p1
23	Original from partition p1
24	Original from partition p1
3	Original from partition p0
4	Original from partition p0
ALTER TABLE t1 EXCHANGE PARTITION p0 WITH TABLE t2;
ERROR HY000: Lost connection to server during query
# State after crash (before recovery)
db.opt
t1#P#p0.MYD
t1#P#p0.MYI
t1#P#p1.MYD
t1#P#p1.MYI
t1.frm
t1.par
t2.MYD
t2.MYI
t2.frm
# State after crash recovery
db.opt
t1#P#p0.MYD
t1#P#p0.MYI
t1#P#p1.MYD
t1#P#p1.MYI
t1.frm
t1.par
t2.MYD
t2.MYI
t2.frm
SHOW CREATE TABLE t1;
Table	Create Table
t1	CREATE TABLE `t1` (
  `a` int(11) DEFAULT NULL,
  `b` varchar(64) DEFAULT NULL
) ENGINE=MyISAM DEFAULT CHARSET=latin1
 PARTITION BY RANGE (`a`)
(PARTITION `p0` VALUES LESS THAN (10) ENGINE = MyISAM,
 PARTITION `p1` VALUES LESS THAN MAXVALUE ENGINE = MyISAM)
SELECT * FROM t1;
a	b
1	Original from partition p0
11	Original from partition p1
12	Original from partition p1
13	Original from partition p1
14	Original from partition p1
2	Original from partition p0
21	Original from partition p1
22	Original from partition p1
23	Original from partition p1
24	Original from partition p1
3	Original from partition p0
4	Original from partition p0
DROP TABLE t1;
SHOW CREATE TABLE t2;
Table	Create Table
t2	CREATE TABLE `t2` (
  `a` int(11) DEFAULT NULL,
  `b` varchar(64) DEFAULT NULL
) ENGINE=MyISAM DEFAULT CHARSET=latin1
SELECT * FROM t2;
a	b
5	Original from table t2
6	Original from table t2
7	Original from table t2
8	Original from table t2
DROP TABLE t2;
SET SESSION debug_dbug=@save_dbug;
SET SESSION debug_dbug="+d,exchange_partition_abort_2";
CREATE TABLE t2 (a INT, b VARCHAR(64));
INSERT INTO t2 VALUES (5, "Original from table t2"), (6, "Original from table t2"), (7, "Original from table t2"), (8, "Original from table t2");
SHOW CREATE TABLE t2;
Table	Create Table
t2	CREATE TABLE `t2` (
  `a` int(11) DEFAULT NULL,
  `b` varchar(64) DEFAULT NULL
) ENGINE=MyISAM DEFAULT CHARSET=latin1
SELECT * FROM t2;
a	b
5	Original from table t2
6	Original from table t2
7	Original from table t2
8	Original from table t2
CREATE TABLE t1 (a INT, b VARCHAR(64)) PARTITION BY RANGE (a)
(PARTITION p0 VALUES LESS THAN (10),
PARTITION p1 VALUES LESS THAN MAXVALUE);
INSERT INTO t1 VALUES (1, "Original from partition p0"), (2, "Original from partition p0"), (3, "Original from partition p0"), (4, "Original from partition p0"), (11, "Original from partition p1"), (12, "Original from partition p1"), (13, "Original from partition p1"), (14, "Original from partition p1"), (21, "Original from partition p1"), (22, "Original from partition p1"), (23, "Original from partition p1"), (24, "Original from partition p1");
# State before crash
db.opt
t1#P#p0.MYD
t1#P#p0.MYI
t1#P#p1.MYD
t1#P#p1.MYI
t1.frm
t1.par
t2.MYD
t2.MYI
t2.frm
SHOW CREATE TABLE t1;
Table	Create Table
t1	CREATE TABLE `t1` (
  `a` int(11) DEFAULT NULL,
  `b` varchar(64) DEFAULT NULL
) ENGINE=MyISAM DEFAULT CHARSET=latin1
 PARTITION BY RANGE (`a`)
(PARTITION `p0` VALUES LESS THAN (10) ENGINE = MyISAM,
 PARTITION `p1` VALUES LESS THAN MAXVALUE ENGINE = MyISAM)
SELECT * FROM t1;
a	b
1	Original from partition p0
11	Original from partition p1
12	Original from partition p1
13	Original from partition p1
14	Original from partition p1
2	Original from partition p0
21	Original from partition p1
22	Original from partition p1
23	Original from partition p1
24	Original from partition p1
3	Original from partition p0
4	Original from partition p0
ALTER TABLE t1 EXCHANGE PARTITION p0 WITH TABLE t2;
ERROR HY000: Lost connection to server during query
# State after crash (before recovery)
db.opt
t1#P#p0.MYD
t1#P#p0.MYI
t1#P#p1.MYD
t1#P#p1.MYI
t1.frm
t1.par
t2.MYD
t2.MYI
t2.frm
# State after crash recovery
db.opt
t1#P#p0.MYD
t1#P#p0.MYI
t1#P#p1.MYD
t1#P#p1.MYI
t1.frm
t1.par
t2.MYD
t2.MYI
t2.frm
SHOW CREATE TABLE t1;
Table	Create Table
t1	CREATE TABLE `t1` (
  `a` int(11) DEFAULT NULL,
  `b` varchar(64) DEFAULT NULL
) ENGINE=MyISAM DEFAULT CHARSET=latin1
 PARTITION BY RANGE (`a`)
(PARTITION `p0` VALUES LESS THAN (10) ENGINE = MyISAM,
 PARTITION `p1` VALUES LESS THAN MAXVALUE ENGINE = MyISAM)
SELECT * FROM t1;
a	b
1	Original from partition p0
11	Original from partition p1
12	Original from partition p1
13	Original from partition p1
14	Original from partition p1
2	Original from partition p0
21	Original from partition p1
22	Original from partition p1
23	Original from partition p1
24	Original from partition p1
3	Original from partition p0
4	Original from partition p0
DROP TABLE t1;
SHOW CREATE TABLE t2;
Table	Create Table
t2	CREATE TABLE `t2` (
  `a` int(11) DEFAULT NULL,
  `b` varchar(64) DEFAULT NULL
) ENGINE=MyISAM DEFAULT CHARSET=latin1
SELECT * FROM t2;
a	b
5	Original from table t2
6	Original from table t2
7	Original from table t2
8	Original from table t2
DROP TABLE t2;
SET SESSION debug_dbug=@save_dbug;
SET SESSION debug_dbug="+d,exchange_partition_abort_3";
CREATE TABLE t2 (a INT, b VARCHAR(64));
INSERT INTO t2 VALUES (5, "Original from table t2"), (6, "Original from table t2"), (7, "Original from table t2"), (8, "Original from table t2");
SHOW CREATE TABLE t2;
Table	Create Table
t2	CREATE TABLE `t2` (
  `a` int(11) DEFAULT NULL,
  `b` varchar(64) DEFAULT NULL
) ENGINE=MyISAM DEFAULT CHARSET=latin1
SELECT * FROM t2;
a	b
5	Original from table t2
6	Original from table t2
7	Original from table t2
8	Original from table t2
CREATE TABLE t1 (a INT, b VARCHAR(64)) PARTITION BY RANGE (a)
(PARTITION p0 VALUES LESS THAN (10),
PARTITION p1 VALUES LESS THAN MAXVALUE);
INSERT INTO t1 VALUES (1, "Original from partition p0"), (2, "Original from partition p0"), (3, "Original from partition p0"), (4, "Original from partition p0"), (11, "Original from partition p1"), (12, "Original from partition p1"), (13, "Original from partition p1"), (14, "Original from partition p1"), (21, "Original from partition p1"), (22, "Original from partition p1"), (23, "Original from partition p1"), (24, "Original from partition p1");
# State before crash
db.opt
t1#P#p0.MYD
t1#P#p0.MYI
t1#P#p1.MYD
t1#P#p1.MYI
t1.frm
t1.par
t2.MYD
t2.MYI
t2.frm
SHOW CREATE TABLE t1;
Table	Create Table
t1	CREATE TABLE `t1` (
  `a` int(11) DEFAULT NULL,
  `b` varchar(64) DEFAULT NULL
) ENGINE=MyISAM DEFAULT CHARSET=latin1
 PARTITION BY RANGE (`a`)
(PARTITION `p0` VALUES LESS THAN (10) ENGINE = MyISAM,
 PARTITION `p1` VALUES LESS THAN MAXVALUE ENGINE = MyISAM)
SELECT * FROM t1;
a	b
1	Original from partition p0
11	Original from partition p1
12	Original from partition p1
13	Original from partition p1
14	Original from partition p1
2	Original from partition p0
21	Original from partition p1
22	Original from partition p1
23	Original from partition p1
24	Original from partition p1
3	Original from partition p0
4	Original from partition p0
ALTER TABLE t1 EXCHANGE PARTITION p0 WITH TABLE t2;
ERROR HY000: Lost connection to server during query
# State after crash (before recovery)
db.opt
t1#P#p0.MYD
t1#P#p0.MYI
t1#P#p1.MYD
t1#P#p1.MYI
t1.frm
t1.par
t2.MYD
t2.MYI
t2.frm
# State after crash recovery
db.opt
t1#P#p0.MYD
t1#P#p0.MYI
t1#P#p1.MYD
t1#P#p1.MYI
t1.frm
t1.par
t2.MYD
t2.MYI
t2.frm
SHOW CREATE TABLE t1;
Table	Create Table
t1	CREATE TABLE `t1` (
  `a` int(11) DEFAULT NULL,
  `b` varchar(64) DEFAULT NULL
) ENGINE=MyISAM DEFAULT CHARSET=latin1
 PARTITION BY RANGE (`a`)
(PARTITION `p0` VALUES LESS THAN (10) ENGINE = MyISAM,
 PARTITION `p1` VALUES LESS THAN MAXVALUE ENGINE = MyISAM)
SELECT * FROM t1;
a	b
1	Original from partition p0
11	Original from partition p1
12	Original from partition p1
13	Original from partition p1
14	Original from partition p1
2	Original from partition p0
21	Original from partition p1
22	Original from partition p1
23	Original from partition p1
24	Original from partition p1
3	Original from partition p0
4	Original from partition p0
DROP TABLE t1;
SHOW CREATE TABLE t2;
Table	Create Table
t2	CREATE TABLE `t2` (
  `a` int(11) DEFAULT NULL,
  `b` varchar(64) DEFAULT NULL
) ENGINE=MyISAM DEFAULT CHARSET=latin1
SELECT * FROM t2;
a	b
5	Original from table t2
6	Original from table t2
7	Original from table t2
8	Original from table t2
DROP TABLE t2;
SET SESSION debug_dbug=@save_dbug;
SET SESSION debug_dbug="+d,exchange_partition_abort_4";
CREATE TABLE t2 (a INT, b VARCHAR(64));
INSERT INTO t2 VALUES (5, "Original from table t2"), (6, "Original from table t2"), (7, "Original from table t2"), (8, "Original from table t2");
SHOW CREATE TABLE t2;
Table	Create Table
t2	CREATE TABLE `t2` (
  `a` int(11) DEFAULT NULL,
  `b` varchar(64) DEFAULT NULL
) ENGINE=MyISAM DEFAULT CHARSET=latin1
SELECT * FROM t2;
a	b
5	Original from table t2
6	Original from table t2
7	Original from table t2
8	Original from table t2
CREATE TABLE t1 (a INT, b VARCHAR(64)) PARTITION BY RANGE (a)
(PARTITION p0 VALUES LESS THAN (10),
PARTITION p1 VALUES LESS THAN MAXVALUE);
INSERT INTO t1 VALUES (1, "Original from partition p0"), (2, "Original from partition p0"), (3, "Original from partition p0"), (4, "Original from partition p0"), (11, "Original from partition p1"), (12, "Original from partition p1"), (13, "Original from partition p1"), (14, "Original from partition p1"), (21, "Original from partition p1"), (22, "Original from partition p1"), (23, "Original from partition p1"), (24, "Original from partition p1");
# State before crash
db.opt
t1#P#p0.MYD
t1#P#p0.MYI
t1#P#p1.MYD
t1#P#p1.MYI
t1.frm
t1.par
t2.MYD
t2.MYI
t2.frm
SHOW CREATE TABLE t1;
Table	Create Table
t1	CREATE TABLE `t1` (
  `a` int(11) DEFAULT NULL,
  `b` varchar(64) DEFAULT NULL
) ENGINE=MyISAM DEFAULT CHARSET=latin1
 PARTITION BY RANGE (`a`)
(PARTITION `p0` VALUES LESS THAN (10) ENGINE = MyISAM,
 PARTITION `p1` VALUES LESS THAN MAXVALUE ENGINE = MyISAM)
SELECT * FROM t1;
a	b
1	Original from partition p0
11	Original from partition p1
12	Original from partition p1
13	Original from partition p1
14	Original from partition p1
2	Original from partition p0
21	Original from partition p1
22	Original from partition p1
23	Original from partition p1
24	Original from partition p1
3	Original from partition p0
4	Original from partition p0
ALTER TABLE t1 EXCHANGE PARTITION p0 WITH TABLE t2;
ERROR HY000: Lost connection to server during query
# State after crash (before recovery)
#sql-exchange.frm
# State after crash recovery
db.opt
t1#P#p0.MYD
t1#P#p0.MYI
t1#P#p1.MYD
t1#P#p1.MYI
t1.frm
t1.par
t2.MYD
t2.MYI
t2.frm
SHOW CREATE TABLE t1;
Table	Create Table
t1	CREATE TABLE `t1` (
  `a` int(11) DEFAULT NULL,
  `b` varchar(64) DEFAULT NULL
) ENGINE=MyISAM DEFAULT CHARSET=latin1
 PARTITION BY RANGE (`a`)
(PARTITION `p0` VALUES LESS THAN (10) ENGINE = MyISAM,
 PARTITION `p1` VALUES LESS THAN MAXVALUE ENGINE = MyISAM)
SELECT * FROM t1;
a	b
1	Original from partition p0
11	Original from partition p1
12	Original from partition p1
13	Original from partition p1
14	Original from partition p1
2	Original from partition p0
21	Original from partition p1
22	Original from partition p1
23	Original from partition p1
24	Original from partition p1
3	Original from partition p0
4	Original from partition p0
DROP TABLE t1;
SHOW CREATE TABLE t2;
Table	Create Table
t2	CREATE TABLE `t2` (
  `a` int(11) DEFAULT NULL,
  `b` varchar(64) DEFAULT NULL
) ENGINE=MyISAM DEFAULT CHARSET=latin1
SELECT * FROM t2;
a	b
5	Original from table t2
6	Original from table t2
7	Original from table t2
8	Original from table t2
DROP TABLE t2;
SET SESSION debug_dbug=@save_dbug;
SET SESSION debug_dbug="+d,exchange_partition_abort_5";
CREATE TABLE t2 (a INT, b VARCHAR(64));
INSERT INTO t2 VALUES (5, "Original from table t2"), (6, "Original from table t2"), (7, "Original from table t2"), (8, "Original from table t2");
SHOW CREATE TABLE t2;
Table	Create Table
t2	CREATE TABLE `t2` (
  `a` int(11) DEFAULT NULL,
  `b` varchar(64) DEFAULT NULL
) ENGINE=MyISAM DEFAULT CHARSET=latin1
SELECT * FROM t2;
a	b
5	Original from table t2
6	Original from table t2
7	Original from table t2
8	Original from table t2
CREATE TABLE t1 (a INT, b VARCHAR(64)) PARTITION BY RANGE (a)
(PARTITION p0 VALUES LESS THAN (10),
PARTITION p1 VALUES LESS THAN MAXVALUE);
INSERT INTO t1 VALUES (1, "Original from partition p0"), (2, "Original from partition p0"), (3, "Original from partition p0"), (4, "Original from partition p0"), (11, "Original from partition p1"), (12, "Original from partition p1"), (13, "Original from partition p1"), (14, "Original from partition p1"), (21, "Original from partition p1"), (22, "Original from partition p1"), (23, "Original from partition p1"), (24, "Original from partition p1");
# State before crash
db.opt
t1#P#p0.MYD
t1#P#p0.MYI
t1#P#p1.MYD
t1#P#p1.MYI
t1.frm
t1.par
t2.MYD
t2.MYI
t2.frm
SHOW CREATE TABLE t1;
Table	Create Table
t1	CREATE TABLE `t1` (
  `a` int(11) DEFAULT NULL,
  `b` varchar(64) DEFAULT NULL
) ENGINE=MyISAM DEFAULT CHARSET=latin1
 PARTITION BY RANGE (`a`)
(PARTITION `p0` VALUES LESS THAN (10) ENGINE = MyISAM,
 PARTITION `p1` VALUES LESS THAN MAXVALUE ENGINE = MyISAM)
SELECT * FROM t1;
a	b
1	Original from partition p0
11	Original from partition p1
12	Original from partition p1
13	Original from partition p1
14	Original from partition p1
2	Original from partition p0
21	Original from partition p1
22	Original from partition p1
23	Original from partition p1
24	Original from partition p1
3	Original from partition p0
4	Original from partition p0
ALTER TABLE t1 EXCHANGE PARTITION p0 WITH TABLE t2;
ERROR HY000: Lost connection to server during query
# State after crash (before recovery)
#sql-exchange.frm
# State after crash recovery
db.opt
t1#P#p0.MYD
t1#P#p0.MYI
t1#P#p1.MYD
t1#P#p1.MYI
t1.frm
t1.par
t2.MYD
t2.MYI
t2.frm
SHOW CREATE TABLE t1;
Table	Create Table
t1	CREATE TABLE `t1` (
  `a` int(11) DEFAULT NULL,
  `b` varchar(64) DEFAULT NULL
) ENGINE=MyISAM DEFAULT CHARSET=latin1
 PARTITION BY RANGE (`a`)
(PARTITION `p0` VALUES LESS THAN (10) ENGINE = MyISAM,
 PARTITION `p1` VALUES LESS THAN MAXVALUE ENGINE = MyISAM)
SELECT * FROM t1;
a	b
1	Original from partition p0
11	Original from partition p1
12	Original from partition p1
13	Original from partition p1
14	Original from partition p1
2	Original from partition p0
21	Original from partition p1
22	Original from partition p1
23	Original from partition p1
24	Original from partition p1
3	Original from partition p0
4	Original from partition p0
DROP TABLE t1;
SHOW CREATE TABLE t2;
Table	Create Table
t2	CREATE TABLE `t2` (
  `a` int(11) DEFAULT NULL,
  `b` varchar(64) DEFAULT NULL
) ENGINE=MyISAM DEFAULT CHARSET=latin1
SELECT * FROM t2;
a	b
5	Original from table t2
6	Original from table t2
7	Original from table t2
8	Original from table t2
DROP TABLE t2;
SET SESSION debug_dbug=@save_dbug;
SET SESSION debug_dbug="+d,exchange_partition_abort_6";
CREATE TABLE t2 (a INT, b VARCHAR(64));
INSERT INTO t2 VALUES (5, "Original from table t2"), (6, "Original from table t2"), (7, "Original from table t2"), (8, "Original from table t2");
SHOW CREATE TABLE t2;
Table	Create Table
t2	CREATE TABLE `t2` (
  `a` int(11) DEFAULT NULL,
  `b` varchar(64) DEFAULT NULL
) ENGINE=MyISAM DEFAULT CHARSET=latin1
SELECT * FROM t2;
a	b
5	Original from table t2
6	Original from table t2
7	Original from table t2
8	Original from table t2
CREATE TABLE t1 (a INT, b VARCHAR(64)) PARTITION BY RANGE (a)
(PARTITION p0 VALUES LESS THAN (10),
PARTITION p1 VALUES LESS THAN MAXVALUE);
INSERT INTO t1 VALUES (1, "Original from partition p0"), (2, "Original from partition p0"), (3, "Original from partition p0"), (4, "Original from partition p0"), (11, "Original from partition p1"), (12, "Original from partition p1"), (13, "Original from partition p1"), (14, "Original from partition p1"), (21, "Original from partition p1"), (22, "Original from partition p1"), (23, "Original from partition p1"), (24, "Original from partition p1");
# State before crash
db.opt
t1#P#p0.MYD
t1#P#p0.MYI
t1#P#p1.MYD
t1#P#p1.MYI
t1.frm
t1.par
t2.MYD
t2.MYI
t2.frm
SHOW CREATE TABLE t1;
Table	Create Table
t1	CREATE TABLE `t1` (
  `a` int(11) DEFAULT NULL,
  `b` varchar(64) DEFAULT NULL
) ENGINE=MyISAM DEFAULT CHARSET=latin1
 PARTITION BY RANGE (`a`)
(PARTITION `p0` VALUES LESS THAN (10) ENGINE = MyISAM,
 PARTITION `p1` VALUES LESS THAN MAXVALUE ENGINE = MyISAM)
SELECT * FROM t1;
a	b
1	Original from partition p0
11	Original from partition p1
12	Original from partition p1
13	Original from partition p1
14	Original from partition p1
2	Original from partition p0
21	Original from partition p1
22	Original from partition p1
23	Original from partition p1
24	Original from partition p1
3	Original from partition p0
4	Original from partition p0
ALTER TABLE t1 EXCHANGE PARTITION p0 WITH TABLE t2;
ERROR HY000: Lost connection to server during query
# State after crash (before recovery)
#sql-exchange.frm
# State after crash recovery
db.opt
t1#P#p0.MYD
t1#P#p0.MYI
t1#P#p1.MYD
t1#P#p1.MYI
t1.frm
t1.par
t2.MYD
t2.MYI
t2.frm
SHOW CREATE TABLE t1;
Table	Create Table
t1	CREATE TABLE `t1` (
  `a` int(11) DEFAULT NULL,
  `b` varchar(64) DEFAULT NULL
) ENGINE=MyISAM DEFAULT CHARSET=latin1
 PARTITION BY RANGE (`a`)
(PARTITION `p0` VALUES LESS THAN (10) ENGINE = MyISAM,
 PARTITION `p1` VALUES LESS THAN MAXVALUE ENGINE = MyISAM)
SELECT * FROM t1;
a	b
1	Original from partition p0
11	Original from partition p1
12	Original from partition p1
13	Original from partition p1
14	Original from partition p1
2	Original from partition p0
21	Original from partition p1
22	Original from partition p1
23	Original from partition p1
24	Original from partition p1
3	Original from partition p0
4	Original from partition p0
DROP TABLE t1;
SHOW CREATE TABLE t2;
Table	Create Table
t2	CREATE TABLE `t2` (
  `a` int(11) DEFAULT NULL,
  `b` varchar(64) DEFAULT NULL
) ENGINE=MyISAM DEFAULT CHARSET=latin1
SELECT * FROM t2;
a	b
5	Original from table t2
6	Original from table t2
7	Original from table t2
8	Original from table t2
DROP TABLE t2;
SET SESSION debug_dbug=@save_dbug;
SET SESSION debug_dbug="+d,exchange_partition_abort_7";
CREATE TABLE t2 (a INT, b VARCHAR(64));
INSERT INTO t2 VALUES (5, "Original from table t2"), (6, "Original from table t2"), (7, "Original from table t2"), (8, "Original from table t2");
SHOW CREATE TABLE t2;
Table	Create Table
t2	CREATE TABLE `t2` (
  `a` int(11) DEFAULT NULL,
  `b` varchar(64) DEFAULT NULL
) ENGINE=MyISAM DEFAULT CHARSET=latin1
SELECT * FROM t2;
a	b
5	Original from table t2
6	Original from table t2
7	Original from table t2
8	Original from table t2
CREATE TABLE t1 (a INT, b VARCHAR(64)) PARTITION BY RANGE (a)
(PARTITION p0 VALUES LESS THAN (10),
PARTITION p1 VALUES LESS THAN MAXVALUE);
INSERT INTO t1 VALUES (1, "Original from partition p0"), (2, "Original from partition p0"), (3, "Original from partition p0"), (4, "Original from partition p0"), (11, "Original from partition p1"), (12, "Original from partition p1"), (13, "Original from partition p1"), (14, "Original from partition p1"), (21, "Original from partition p1"), (22, "Original from partition p1"), (23, "Original from partition p1"), (24, "Original from partition p1");
# State before crash
db.opt
t1#P#p0.MYD
t1#P#p0.MYI
t1#P#p1.MYD
t1#P#p1.MYI
t1.frm
t1.par
t2.MYD
t2.MYI
t2.frm
SHOW CREATE TABLE t1;
Table	Create Table
t1	CREATE TABLE `t1` (
  `a` int(11) DEFAULT NULL,
  `b` varchar(64) DEFAULT NULL
) ENGINE=MyISAM DEFAULT CHARSET=latin1
 PARTITION BY RANGE (`a`)
(PARTITION `p0` VALUES LESS THAN (10) ENGINE = MyISAM,
 PARTITION `p1` VALUES LESS THAN MAXVALUE ENGINE = MyISAM)
SELECT * FROM t1;
a	b
1	Original from partition p0
11	Original from partition p1
12	Original from partition p1
13	Original from partition p1
14	Original from partition p1
2	Original from partition p0
21	Original from partition p1
22	Original from partition p1
23	Original from partition p1
24	Original from partition p1
3	Original from partition p0
4	Original from partition p0
ALTER TABLE t1 EXCHANGE PARTITION p0 WITH TABLE t2;
ERROR HY000: Lost connection to server during query
# State after crash (before recovery)
#sql-exchange.frm
# State after crash recovery
db.opt
t1#P#p0.MYD
t1#P#p0.MYI
t1#P#p1.MYD
t1#P#p1.MYI
t1.frm
t1.par
t2.MYD
t2.MYI
t2.frm
SHOW CREATE TABLE t1;
Table	Create Table
t1	CREATE TABLE `t1` (
  `a` int(11) DEFAULT NULL,
  `b` varchar(64) DEFAULT NULL
) ENGINE=MyISAM DEFAULT CHARSET=latin1
 PARTITION BY RANGE (`a`)
(PARTITION `p0` VALUES LESS THAN (10) ENGINE = MyISAM,
 PARTITION `p1` VALUES LESS THAN MAXVALUE ENGINE = MyISAM)
SELECT * FROM t1;
a	b
1	Original from partition p0
11	Original from partition p1
12	Original from partition p1
13	Original from partition p1
14	Original from partition p1
2	Original from partition p0
21	Original from partition p1
22	Original from partition p1
23	Original from partition p1
24	Original from partition p1
3	Original from partition p0
4	Original from partition p0
DROP TABLE t1;
SHOW CREATE TABLE t2;
Table	Create Table
t2	CREATE TABLE `t2` (
  `a` int(11) DEFAULT NULL,
  `b` varchar(64) DEFAULT NULL
) ENGINE=MyISAM DEFAULT CHARSET=latin1
SELECT * FROM t2;
a	b
5	Original from table t2
6	Original from table t2
7	Original from table t2
8	Original from table t2
DROP TABLE t2;
SET SESSION debug_dbug=@save_dbug;
SET SESSION debug_dbug="+d,exchange_partition_abort_8";
CREATE TABLE t2 (a INT, b VARCHAR(64));
INSERT INTO t2 VALUES (5, "Original from table t2"), (6, "Original from table t2"), (7, "Original from table t2"), (8, "Original from table t2");
SHOW CREATE TABLE t2;
Table	Create Table
t2	CREATE TABLE `t2` (
  `a` int(11) DEFAULT NULL,
  `b` varchar(64) DEFAULT NULL
) ENGINE=MyISAM DEFAULT CHARSET=latin1
SELECT * FROM t2;
a	b
5	Original from table t2
6	Original from table t2
7	Original from table t2
8	Original from table t2
CREATE TABLE t1 (a INT, b VARCHAR(64)) PARTITION BY RANGE (a)
(PARTITION p0 VALUES LESS THAN (10),
PARTITION p1 VALUES LESS THAN MAXVALUE);
INSERT INTO t1 VALUES (1, "Original from partition p0"), (2, "Original from partition p0"), (3, "Original from partition p0"), (4, "Original from partition p0"), (11, "Original from partition p1"), (12, "Original from partition p1"), (13, "Original from partition p1"), (14, "Original from partition p1"), (21, "Original from partition p1"), (22, "Original from partition p1"), (23, "Original from partition p1"), (24, "Original from partition p1");
# State before crash
db.opt
t1#P#p0.MYD
t1#P#p0.MYI
t1#P#p1.MYD
t1#P#p1.MYI
t1.frm
t1.par
t2.MYD
t2.MYI
t2.frm
SHOW CREATE TABLE t1;
Table	Create Table
t1	CREATE TABLE `t1` (
  `a` int(11) DEFAULT NULL,
  `b` varchar(64) DEFAULT NULL
) ENGINE=MyISAM DEFAULT CHARSET=latin1
 PARTITION BY RANGE (`a`)
(PARTITION `p0` VALUES LESS THAN (10) ENGINE = MyISAM,
 PARTITION `p1` VALUES LESS THAN MAXVALUE ENGINE = MyISAM)
SELECT * FROM t1;
a	b
1	Original from partition p0
11	Original from partition p1
12	Original from partition p1
13	Original from partition p1
14	Original from partition p1
2	Original from partition p0
21	Original from partition p1
22	Original from partition p1
23	Original from partition p1
24	Original from partition p1
3	Original from partition p0
4	Original from partition p0
ALTER TABLE t1 EXCHANGE PARTITION p0 WITH TABLE t2;
ERROR HY000: Lost connection to server during query
# State after crash (before recovery)
db.opt
t1#P#p0.MYD
t1#P#p0.MYI
t1#P#p1.MYD
t1#P#p1.MYI
t1.frm
t1.par
t2.MYD
t2.MYI
t2.frm
# State after crash recovery
db.opt
t1#P#p0.MYD
t1#P#p0.MYI
t1#P#p1.MYD
t1#P#p1.MYI
t1.frm
t1.par
t2.MYD
t2.MYI
t2.frm
SHOW CREATE TABLE t1;
Table	Create Table
t1	CREATE TABLE `t1` (
  `a` int(11) DEFAULT NULL,
  `b` varchar(64) DEFAULT NULL
) ENGINE=MyISAM DEFAULT CHARSET=latin1
 PARTITION BY RANGE (`a`)
(PARTITION `p0` VALUES LESS THAN (10) ENGINE = MyISAM,
 PARTITION `p1` VALUES LESS THAN MAXVALUE ENGINE = MyISAM)
SELECT * FROM t1;
a	b
1	Original from partition p0
11	Original from partition p1
12	Original from partition p1
13	Original from partition p1
14	Original from partition p1
2	Original from partition p0
21	Original from partition p1
22	Original from partition p1
23	Original from partition p1
24	Original from partition p1
3	Original from partition p0
4	Original from partition p0
DROP TABLE t1;
SHOW CREATE TABLE t2;
Table	Create Table
t2	CREATE TABLE `t2` (
  `a` int(11) DEFAULT NULL,
  `b` varchar(64) DEFAULT NULL
) ENGINE=MyISAM DEFAULT CHARSET=latin1
SELECT * FROM t2;
a	b
5	Original from table t2
6	Original from table t2
7	Original from table t2
8	Original from table t2
DROP TABLE t2;
SET SESSION debug_dbug=@save_dbug;
SET SESSION debug_dbug="+d,exchange_partition_abort_9";
CREATE TABLE t2 (a INT, b VARCHAR(64));
INSERT INTO t2 VALUES (5, "Original from table t2"), (6, "Original from table t2"), (7, "Original from table t2"), (8, "Original from table t2");
SHOW CREATE TABLE t2;
Table	Create Table
t2	CREATE TABLE `t2` (
  `a` int(11) DEFAULT NULL,
  `b` varchar(64) DEFAULT NULL
) ENGINE=MyISAM DEFAULT CHARSET=latin1
SELECT * FROM t2;
a	b
5	Original from table t2
6	Original from table t2
7	Original from table t2
8	Original from table t2
CREATE TABLE t1 (a INT, b VARCHAR(64)) PARTITION BY RANGE (a)
(PARTITION p0 VALUES LESS THAN (10),
PARTITION p1 VALUES LESS THAN MAXVALUE);
INSERT INTO t1 VALUES (1, "Original from partition p0"), (2, "Original from partition p0"), (3, "Original from partition p0"), (4, "Original from partition p0"), (11, "Original from partition p1"), (12, "Original from partition p1"), (13, "Original from partition p1"), (14, "Original from partition p1"), (21, "Original from partition p1"), (22, "Original from partition p1"), (23, "Original from partition p1"), (24, "Original from partition p1");
# State before crash
db.opt
t1#P#p0.MYD
t1#P#p0.MYI
t1#P#p1.MYD
t1#P#p1.MYI
t1.frm
t1.par
t2.MYD
t2.MYI
t2.frm
SHOW CREATE TABLE t1;
Table	Create Table
t1	CREATE TABLE `t1` (
  `a` int(11) DEFAULT NULL,
  `b` varchar(64) DEFAULT NULL
) ENGINE=MyISAM DEFAULT CHARSET=latin1
 PARTITION BY RANGE (`a`)
(PARTITION `p0` VALUES LESS THAN (10) ENGINE = MyISAM,
 PARTITION `p1` VALUES LESS THAN MAXVALUE ENGINE = MyISAM)
SELECT * FROM t1;
a	b
1	Original from partition p0
11	Original from partition p1
12	Original from partition p1
13	Original from partition p1
14	Original from partition p1
2	Original from partition p0
21	Original from partition p1
22	Original from partition p1
23	Original from partition p1
24	Original from partition p1
3	Original from partition p0
4	Original from partition p0
ALTER TABLE t1 EXCHANGE PARTITION p0 WITH TABLE t2;
ERROR HY000: Lost connection to server during query
# State after crash (before recovery)
db.opt
t1#P#p0.MYD
t1#P#p0.MYI
t1#P#p1.MYD
t1#P#p1.MYI
t1.frm
t1.par
t2.MYD
t2.MYI
t2.frm
# State after crash recovery
db.opt
t1#P#p0.MYD
t1#P#p0.MYI
t1#P#p1.MYD
t1#P#p1.MYI
t1.frm
t1.par
t2.MYD
t2.MYI
t2.frm
SHOW CREATE TABLE t1;
Table	Create Table
t1	CREATE TABLE `t1` (
  `a` int(11) DEFAULT NULL,
  `b` varchar(64) DEFAULT NULL
) ENGINE=MyISAM DEFAULT CHARSET=latin1
 PARTITION BY RANGE (`a`)
(PARTITION `p0` VALUES LESS THAN (10) ENGINE = MyISAM,
 PARTITION `p1` VALUES LESS THAN MAXVALUE ENGINE = MyISAM)
SELECT * FROM t1;
a	b
11	Original from partition p1
12	Original from partition p1
13	Original from partition p1
14	Original from partition p1
21	Original from partition p1
22	Original from partition p1
23	Original from partition p1
24	Original from partition p1
5	Original from table t2
6	Original from table t2
7	Original from table t2
8	Original from table t2
DROP TABLE t1;
SHOW CREATE TABLE t2;
Table	Create Table
t2	CREATE TABLE `t2` (
  `a` int(11) DEFAULT NULL,
  `b` varchar(64) DEFAULT NULL
) ENGINE=MyISAM DEFAULT CHARSET=latin1
SELECT * FROM t2;
a	b
1	Original from partition p0
2	Original from partition p0
3	Original from partition p0
4	Original from partition p0
DROP TABLE t2;
SET SESSION debug_dbug=@save_dbug;
SET @save_dbug=@@debug_dbug;
SET SESSION debug_dbug="+d,exchange_partition_fail_1";
CREATE TABLE t2 (a INT, b VARCHAR(64));
INSERT INTO t2 VALUES (5, "Original from table t2"), (6, "Original from table t2"), (7, "Original from table t2"), (8, "Original from table t2");
SHOW CREATE TABLE t2;
Table	Create Table
t2	CREATE TABLE `t2` (
  `a` int(11) DEFAULT NULL,
  `b` varchar(64) DEFAULT NULL
) ENGINE=MyISAM DEFAULT CHARSET=latin1
SELECT * FROM t2;
a	b
5	Original from table t2
6	Original from table t2
7	Original from table t2
8	Original from table t2
CREATE TABLE t1 (a INT, b VARCHAR(64)) PARTITION BY RANGE (a)
(PARTITION p0 VALUES LESS THAN (10),
PARTITION p1 VALUES LESS THAN MAXVALUE);
INSERT INTO t1 VALUES (1, "Original from partition p0"), (2, "Original from partition p0"), (3, "Original from partition p0"), (4, "Original from partition p0"), (11, "Original from partition p1"), (12, "Original from partition p1"), (13, "Original from partition p1"), (14, "Original from partition p1"), (21, "Original from partition p1"), (22, "Original from partition p1"), (23, "Original from partition p1"), (24, "Original from partition p1");
# State before failure
db.opt
t1#P#p0.MYD
t1#P#p0.MYI
t1#P#p1.MYD
t1#P#p1.MYI
t1.frm
t1.par
t2.MYD
t2.MYI
t2.frm
SHOW CREATE TABLE t1;
Table	Create Table
t1	CREATE TABLE `t1` (
  `a` int(11) DEFAULT NULL,
  `b` varchar(64) DEFAULT NULL
) ENGINE=MyISAM DEFAULT CHARSET=latin1
 PARTITION BY RANGE (`a`)
(PARTITION `p0` VALUES LESS THAN (10) ENGINE = MyISAM,
 PARTITION `p1` VALUES LESS THAN MAXVALUE ENGINE = MyISAM)
SELECT * FROM t1;
a	b
1	Original from partition p0
11	Original from partition p1
12	Original from partition p1
13	Original from partition p1
14	Original from partition p1
2	Original from partition p0
21	Original from partition p1
22	Original from partition p1
23	Original from partition p1
24	Original from partition p1
3	Original from partition p0
4	Original from partition p0
ALTER TABLE t1 EXCHANGE PARTITION p0 WITH TABLE t2;
ERROR HY000: Error in DDL log
# State after failure
db.opt
t1#P#p0.MYD
t1#P#p0.MYI
t1#P#p1.MYD
t1#P#p1.MYI
t1.frm
t1.par
t2.MYD
t2.MYI
t2.frm
SHOW CREATE TABLE t1;
Table	Create Table
t1	CREATE TABLE `t1` (
  `a` int(11) DEFAULT NULL,
  `b` varchar(64) DEFAULT NULL
) ENGINE=MyISAM DEFAULT CHARSET=latin1
 PARTITION BY RANGE (`a`)
(PARTITION `p0` VALUES LESS THAN (10) ENGINE = MyISAM,
 PARTITION `p1` VALUES LESS THAN MAXVALUE ENGINE = MyISAM)
SELECT * FROM t1;
a	b
1	Original from partition p0
11	Original from partition p1
12	Original from partition p1
13	Original from partition p1
14	Original from partition p1
2	Original from partition p0
21	Original from partition p1
22	Original from partition p1
23	Original from partition p1
24	Original from partition p1
3	Original from partition p0
4	Original from partition p0
DROP TABLE t1;
SHOW CREATE TABLE t2;
Table	Create Table
t2	CREATE TABLE `t2` (
  `a` int(11) DEFAULT NULL,
  `b` varchar(64) DEFAULT NULL
) ENGINE=MyISAM DEFAULT CHARSET=latin1
SELECT * FROM t2;
a	b
5	Original from table t2
6	Original from table t2
7	Original from table t2
8	Original from table t2
DROP TABLE t2;
SET SESSION debug_dbug=@save_dbug;
SET SESSION debug_dbug="+d,exchange_partition_fail_2";
CREATE TABLE t2 (a INT, b VARCHAR(64));
INSERT INTO t2 VALUES (5, "Original from table t2"), (6, "Original from table t2"), (7, "Original from table t2"), (8, "Original from table t2");
SHOW CREATE TABLE t2;
Table	Create Table
t2	CREATE TABLE `t2` (
  `a` int(11) DEFAULT NULL,
  `b` varchar(64) DEFAULT NULL
) ENGINE=MyISAM DEFAULT CHARSET=latin1
SELECT * FROM t2;
a	b
5	Original from table t2
6	Original from table t2
7	Original from table t2
8	Original from table t2
CREATE TABLE t1 (a INT, b VARCHAR(64)) PARTITION BY RANGE (a)
(PARTITION p0 VALUES LESS THAN (10),
PARTITION p1 VALUES LESS THAN MAXVALUE);
INSERT INTO t1 VALUES (1, "Original from partition p0"), (2, "Original from partition p0"), (3, "Original from partition p0"), (4, "Original from partition p0"), (11, "Original from partition p1"), (12, "Original from partition p1"), (13, "Original from partition p1"), (14, "Original from partition p1"), (21, "Original from partition p1"), (22, "Original from partition p1"), (23, "Original from partition p1"), (24, "Original from partition p1");
# State before failure
db.opt
t1#P#p0.MYD
t1#P#p0.MYI
t1#P#p1.MYD
t1#P#p1.MYI
t1.frm
t1.par
t2.MYD
t2.MYI
t2.frm
SHOW CREATE TABLE t1;
Table	Create Table
t1	CREATE TABLE `t1` (
  `a` int(11) DEFAULT NULL,
  `b` varchar(64) DEFAULT NULL
) ENGINE=MyISAM DEFAULT CHARSET=latin1
 PARTITION BY RANGE (`a`)
(PARTITION `p0` VALUES LESS THAN (10) ENGINE = MyISAM,
 PARTITION `p1` VALUES LESS THAN MAXVALUE ENGINE = MyISAM)
SELECT * FROM t1;
a	b
1	Original from partition p0
11	Original from partition p1
12	Original from partition p1
13	Original from partition p1
14	Original from partition p1
2	Original from partition p0
21	Original from partition p1
22	Original from partition p1
23	Original from partition p1
24	Original from partition p1
3	Original from partition p0
4	Original from partition p0
ALTER TABLE t1 EXCHANGE PARTITION p0 WITH TABLE t2;
ERROR HY000: Error in DDL log
# State after failure
db.opt
t1#P#p0.MYD
t1#P#p0.MYI
t1#P#p1.MYD
t1#P#p1.MYI
t1.frm
t1.par
t2.MYD
t2.MYI
t2.frm
SHOW CREATE TABLE t1;
Table	Create Table
t1	CREATE TABLE `t1` (
  `a` int(11) DEFAULT NULL,
  `b` varchar(64) DEFAULT NULL
) ENGINE=MyISAM DEFAULT CHARSET=latin1
 PARTITION BY RANGE (`a`)
(PARTITION `p0` VALUES LESS THAN (10) ENGINE = MyISAM,
 PARTITION `p1` VALUES LESS THAN MAXVALUE ENGINE = MyISAM)
SELECT * FROM t1;
a	b
1	Original from partition p0
11	Original from partition p1
12	Original from partition p1
13	Original from partition p1
14	Original from partition p1
2	Original from partition p0
21	Original from partition p1
22	Original from partition p1
23	Original from partition p1
24	Original from partition p1
3	Original from partition p0
4	Original from partition p0
DROP TABLE t1;
SHOW CREATE TABLE t2;
Table	Create Table
t2	CREATE TABLE `t2` (
  `a` int(11) DEFAULT NULL,
  `b` varchar(64) DEFAULT NULL
) ENGINE=MyISAM DEFAULT CHARSET=latin1
SELECT * FROM t2;
a	b
5	Original from table t2
6	Original from table t2
7	Original from table t2
8	Original from table t2
DROP TABLE t2;
SET SESSION debug_dbug=@save_dbug;
SET SESSION debug_dbug="+d,exchange_partition_fail_3";
CREATE TABLE t2 (a INT, b VARCHAR(64));
INSERT INTO t2 VALUES (5, "Original from table t2"), (6, "Original from table t2"), (7, "Original from table t2"), (8, "Original from table t2");
SHOW CREATE TABLE t2;
Table	Create Table
t2	CREATE TABLE `t2` (
  `a` int(11) DEFAULT NULL,
  `b` varchar(64) DEFAULT NULL
) ENGINE=MyISAM DEFAULT CHARSET=latin1
SELECT * FROM t2;
a	b
5	Original from table t2
6	Original from table t2
7	Original from table t2
8	Original from table t2
CREATE TABLE t1 (a INT, b VARCHAR(64)) PARTITION BY RANGE (a)
(PARTITION p0 VALUES LESS THAN (10),
PARTITION p1 VALUES LESS THAN MAXVALUE);
INSERT INTO t1 VALUES (1, "Original from partition p0"), (2, "Original from partition p0"), (3, "Original from partition p0"), (4, "Original from partition p0"), (11, "Original from partition p1"), (12, "Original from partition p1"), (13, "Original from partition p1"), (14, "Original from partition p1"), (21, "Original from partition p1"), (22, "Original from partition p1"), (23, "Original from partition p1"), (24, "Original from partition p1");
# State before failure
db.opt
t1#P#p0.MYD
t1#P#p0.MYI
t1#P#p1.MYD
t1#P#p1.MYI
t1.frm
t1.par
t2.MYD
t2.MYI
t2.frm
SHOW CREATE TABLE t1;
Table	Create Table
t1	CREATE TABLE `t1` (
  `a` int(11) DEFAULT NULL,
  `b` varchar(64) DEFAULT NULL
) ENGINE=MyISAM DEFAULT CHARSET=latin1
 PARTITION BY RANGE (`a`)
(PARTITION `p0` VALUES LESS THAN (10) ENGINE = MyISAM,
 PARTITION `p1` VALUES LESS THAN MAXVALUE ENGINE = MyISAM)
SELECT * FROM t1;
a	b
1	Original from partition p0
11	Original from partition p1
12	Original from partition p1
13	Original from partition p1
14	Original from partition p1
2	Original from partition p0
21	Original from partition p1
22	Original from partition p1
23	Original from partition p1
24	Original from partition p1
3	Original from partition p0
4	Original from partition p0
ALTER TABLE t1 EXCHANGE PARTITION p0 WITH TABLE t2;
ERROR HY000: Error on rename of './test/t2' to './test/#sql-exchange' (errno: 0 "Internal error/check (Not system error)")
# State after failure
db.opt
t1#P#p0.MYD
t1#P#p0.MYI
t1#P#p1.MYD
t1#P#p1.MYI
t1.frm
t1.par
t2.MYD
t2.MYI
t2.frm
SHOW CREATE TABLE t1;
Table	Create Table
t1	CREATE TABLE `t1` (
  `a` int(11) DEFAULT NULL,
  `b` varchar(64) DEFAULT NULL
) ENGINE=MyISAM DEFAULT CHARSET=latin1
 PARTITION BY RANGE (`a`)
(PARTITION `p0` VALUES LESS THAN (10) ENGINE = MyISAM,
 PARTITION `p1` VALUES LESS THAN MAXVALUE ENGINE = MyISAM)
SELECT * FROM t1;
a	b
1	Original from partition p0
11	Original from partition p1
12	Original from partition p1
13	Original from partition p1
14	Original from partition p1
2	Original from partition p0
21	Original from partition p1
22	Original from partition p1
23	Original from partition p1
24	Original from partition p1
3	Original from partition p0
4	Original from partition p0
DROP TABLE t1;
SHOW CREATE TABLE t2;
Table	Create Table
t2	CREATE TABLE `t2` (
  `a` int(11) DEFAULT NULL,
  `b` varchar(64) DEFAULT NULL
) ENGINE=MyISAM DEFAULT CHARSET=latin1
SELECT * FROM t2;
a	b
5	Original from table t2
6	Original from table t2
7	Original from table t2
8	Original from table t2
DROP TABLE t2;
SET SESSION debug_dbug=@save_dbug;
SET SESSION debug_dbug="+d,exchange_partition_fail_4";
CREATE TABLE t2 (a INT, b VARCHAR(64));
INSERT INTO t2 VALUES (5, "Original from table t2"), (6, "Original from table t2"), (7, "Original from table t2"), (8, "Original from table t2");
SHOW CREATE TABLE t2;
Table	Create Table
t2	CREATE TABLE `t2` (
  `a` int(11) DEFAULT NULL,
  `b` varchar(64) DEFAULT NULL
) ENGINE=MyISAM DEFAULT CHARSET=latin1
SELECT * FROM t2;
a	b
5	Original from table t2
6	Original from table t2
7	Original from table t2
8	Original from table t2
CREATE TABLE t1 (a INT, b VARCHAR(64)) PARTITION BY RANGE (a)
(PARTITION p0 VALUES LESS THAN (10),
PARTITION p1 VALUES LESS THAN MAXVALUE);
INSERT INTO t1 VALUES (1, "Original from partition p0"), (2, "Original from partition p0"), (3, "Original from partition p0"), (4, "Original from partition p0"), (11, "Original from partition p1"), (12, "Original from partition p1"), (13, "Original from partition p1"), (14, "Original from partition p1"), (21, "Original from partition p1"), (22, "Original from partition p1"), (23, "Original from partition p1"), (24, "Original from partition p1");
# State before failure
db.opt
t1#P#p0.MYD
t1#P#p0.MYI
t1#P#p1.MYD
t1#P#p1.MYI
t1.frm
t1.par
t2.MYD
t2.MYI
t2.frm
SHOW CREATE TABLE t1;
Table	Create Table
t1	CREATE TABLE `t1` (
  `a` int(11) DEFAULT NULL,
  `b` varchar(64) DEFAULT NULL
) ENGINE=MyISAM DEFAULT CHARSET=latin1
 PARTITION BY RANGE (`a`)
(PARTITION `p0` VALUES LESS THAN (10) ENGINE = MyISAM,
 PARTITION `p1` VALUES LESS THAN MAXVALUE ENGINE = MyISAM)
SELECT * FROM t1;
a	b
1	Original from partition p0
11	Original from partition p1
12	Original from partition p1
13	Original from partition p1
14	Original from partition p1
2	Original from partition p0
21	Original from partition p1
22	Original from partition p1
23	Original from partition p1
24	Original from partition p1
3	Original from partition p0
4	Original from partition p0
ALTER TABLE t1 EXCHANGE PARTITION p0 WITH TABLE t2;
ERROR HY000: Error in DDL log
# State after failure
db.opt
t1#P#p0.MYD
t1#P#p0.MYI
t1#P#p1.MYD
t1#P#p1.MYI
t1.frm
t1.par
t2.MYD
t2.MYI
t2.frm
SHOW CREATE TABLE t1;
Table	Create Table
t1	CREATE TABLE `t1` (
  `a` int(11) DEFAULT NULL,
  `b` varchar(64) DEFAULT NULL
) ENGINE=MyISAM DEFAULT CHARSET=latin1
 PARTITION BY RANGE (`a`)
(PARTITION `p0` VALUES LESS THAN (10) ENGINE = MyISAM,
 PARTITION `p1` VALUES LESS THAN MAXVALUE ENGINE = MyISAM)
SELECT * FROM t1;
a	b
1	Original from partition p0
11	Original from partition p1
12	Original from partition p1
13	Original from partition p1
14	Original from partition p1
2	Original from partition p0
21	Original from partition p1
22	Original from partition p1
23	Original from partition p1
24	Original from partition p1
3	Original from partition p0
4	Original from partition p0
DROP TABLE t1;
SHOW CREATE TABLE t2;
Table	Create Table
t2	CREATE TABLE `t2` (
  `a` int(11) DEFAULT NULL,
  `b` varchar(64) DEFAULT NULL
) ENGINE=MyISAM DEFAULT CHARSET=latin1
SELECT * FROM t2;
a	b
5	Original from table t2
6	Original from table t2
7	Original from table t2
8	Original from table t2
DROP TABLE t2;
SET SESSION debug_dbug=@save_dbug;
SET SESSION debug_dbug="+d,exchange_partition_fail_5";
CREATE TABLE t2 (a INT, b VARCHAR(64));
INSERT INTO t2 VALUES (5, "Original from table t2"), (6, "Original from table t2"), (7, "Original from table t2"), (8, "Original from table t2");
SHOW CREATE TABLE t2;
Table	Create Table
t2	CREATE TABLE `t2` (
  `a` int(11) DEFAULT NULL,
  `b` varchar(64) DEFAULT NULL
) ENGINE=MyISAM DEFAULT CHARSET=latin1
SELECT * FROM t2;
a	b
5	Original from table t2
6	Original from table t2
7	Original from table t2
8	Original from table t2
CREATE TABLE t1 (a INT, b VARCHAR(64)) PARTITION BY RANGE (a)
(PARTITION p0 VALUES LESS THAN (10),
PARTITION p1 VALUES LESS THAN MAXVALUE);
INSERT INTO t1 VALUES (1, "Original from partition p0"), (2, "Original from partition p0"), (3, "Original from partition p0"), (4, "Original from partition p0"), (11, "Original from partition p1"), (12, "Original from partition p1"), (13, "Original from partition p1"), (14, "Original from partition p1"), (21, "Original from partition p1"), (22, "Original from partition p1"), (23, "Original from partition p1"), (24, "Original from partition p1");
# State before failure
db.opt
t1#P#p0.MYD
t1#P#p0.MYI
t1#P#p1.MYD
t1#P#p1.MYI
t1.frm
t1.par
t2.MYD
t2.MYI
t2.frm
SHOW CREATE TABLE t1;
Table	Create Table
t1	CREATE TABLE `t1` (
  `a` int(11) DEFAULT NULL,
  `b` varchar(64) DEFAULT NULL
) ENGINE=MyISAM DEFAULT CHARSET=latin1
 PARTITION BY RANGE (`a`)
(PARTITION `p0` VALUES LESS THAN (10) ENGINE = MyISAM,
 PARTITION `p1` VALUES LESS THAN MAXVALUE ENGINE = MyISAM)
SELECT * FROM t1;
a	b
1	Original from partition p0
11	Original from partition p1
12	Original from partition p1
13	Original from partition p1
14	Original from partition p1
2	Original from partition p0
21	Original from partition p1
22	Original from partition p1
23	Original from partition p1
24	Original from partition p1
3	Original from partition p0
4	Original from partition p0
ALTER TABLE t1 EXCHANGE PARTITION p0 WITH TABLE t2;
ERROR HY000: Error on rename of './test/t1#P#p0' to './test/t2' (errno: 0 "Internal error/check (Not system error)")
# State after failure
db.opt
t1#P#p0.MYD
t1#P#p0.MYI
t1#P#p1.MYD
t1#P#p1.MYI
t1.frm
t1.par
t2.MYD
t2.MYI
t2.frm
SHOW CREATE TABLE t1;
Table	Create Table
t1	CREATE TABLE `t1` (
  `a` int(11) DEFAULT NULL,
  `b` varchar(64) DEFAULT NULL
) ENGINE=MyISAM DEFAULT CHARSET=latin1
 PARTITION BY RANGE (`a`)
(PARTITION `p0` VALUES LESS THAN (10) ENGINE = MyISAM,
 PARTITION `p1` VALUES LESS THAN MAXVALUE ENGINE = MyISAM)
SELECT * FROM t1;
a	b
1	Original from partition p0
11	Original from partition p1
12	Original from partition p1
13	Original from partition p1
14	Original from partition p1
2	Original from partition p0
21	Original from partition p1
22	Original from partition p1
23	Original from partition p1
24	Original from partition p1
3	Original from partition p0
4	Original from partition p0
DROP TABLE t1;
SHOW CREATE TABLE t2;
Table	Create Table
t2	CREATE TABLE `t2` (
  `a` int(11) DEFAULT NULL,
  `b` varchar(64) DEFAULT NULL
) ENGINE=MyISAM DEFAULT CHARSET=latin1
SELECT * FROM t2;
a	b
5	Original from table t2
6	Original from table t2
7	Original from table t2
8	Original from table t2
DROP TABLE t2;
SET SESSION debug_dbug=@save_dbug;
SET SESSION debug_dbug="+d,exchange_partition_fail_6";
CREATE TABLE t2 (a INT, b VARCHAR(64));
INSERT INTO t2 VALUES (5, "Original from table t2"), (6, "Original from table t2"), (7, "Original from table t2"), (8, "Original from table t2");
SHOW CREATE TABLE t2;
Table	Create Table
t2	CREATE TABLE `t2` (
  `a` int(11) DEFAULT NULL,
  `b` varchar(64) DEFAULT NULL
) ENGINE=MyISAM DEFAULT CHARSET=latin1
SELECT * FROM t2;
a	b
5	Original from table t2
6	Original from table t2
7	Original from table t2
8	Original from table t2
CREATE TABLE t1 (a INT, b VARCHAR(64)) PARTITION BY RANGE (a)
(PARTITION p0 VALUES LESS THAN (10),
PARTITION p1 VALUES LESS THAN MAXVALUE);
INSERT INTO t1 VALUES (1, "Original from partition p0"), (2, "Original from partition p0"), (3, "Original from partition p0"), (4, "Original from partition p0"), (11, "Original from partition p1"), (12, "Original from partition p1"), (13, "Original from partition p1"), (14, "Original from partition p1"), (21, "Original from partition p1"), (22, "Original from partition p1"), (23, "Original from partition p1"), (24, "Original from partition p1");
# State before failure
db.opt
t1#P#p0.MYD
t1#P#p0.MYI
t1#P#p1.MYD
t1#P#p1.MYI
t1.frm
t1.par
t2.MYD
t2.MYI
t2.frm
SHOW CREATE TABLE t1;
Table	Create Table
t1	CREATE TABLE `t1` (
  `a` int(11) DEFAULT NULL,
  `b` varchar(64) DEFAULT NULL
) ENGINE=MyISAM DEFAULT CHARSET=latin1
 PARTITION BY RANGE (`a`)
(PARTITION `p0` VALUES LESS THAN (10) ENGINE = MyISAM,
 PARTITION `p1` VALUES LESS THAN MAXVALUE ENGINE = MyISAM)
SELECT * FROM t1;
a	b
1	Original from partition p0
11	Original from partition p1
12	Original from partition p1
13	Original from partition p1
14	Original from partition p1
2	Original from partition p0
21	Original from partition p1
22	Original from partition p1
23	Original from partition p1
24	Original from partition p1
3	Original from partition p0
4	Original from partition p0
ALTER TABLE t1 EXCHANGE PARTITION p0 WITH TABLE t2;
ERROR HY000: Error in DDL log
# State after failure
db.opt
t1#P#p0.MYD
t1#P#p0.MYI
t1#P#p1.MYD
t1#P#p1.MYI
t1.frm
t1.par
t2.MYD
t2.MYI
t2.frm
SHOW CREATE TABLE t1;
Table	Create Table
t1	CREATE TABLE `t1` (
  `a` int(11) DEFAULT NULL,
  `b` varchar(64) DEFAULT NULL
) ENGINE=MyISAM DEFAULT CHARSET=latin1
 PARTITION BY RANGE (`a`)
(PARTITION `p0` VALUES LESS THAN (10) ENGINE = MyISAM,
 PARTITION `p1` VALUES LESS THAN MAXVALUE ENGINE = MyISAM)
SELECT * FROM t1;
a	b
1	Original from partition p0
11	Original from partition p1
12	Original from partition p1
13	Original from partition p1
14	Original from partition p1
2	Original from partition p0
21	Original from partition p1
22	Original from partition p1
23	Original from partition p1
24	Original from partition p1
3	Original from partition p0
4	Original from partition p0
DROP TABLE t1;
SHOW CREATE TABLE t2;
Table	Create Table
t2	CREATE TABLE `t2` (
  `a` int(11) DEFAULT NULL,
  `b` varchar(64) DEFAULT NULL
) ENGINE=MyISAM DEFAULT CHARSET=latin1
SELECT * FROM t2;
a	b
5	Original from table t2
6	Original from table t2
7	Original from table t2
8	Original from table t2
DROP TABLE t2;
SET SESSION debug_dbug=@save_dbug;
SET SESSION debug_dbug="+d,exchange_partition_fail_7";
CREATE TABLE t2 (a INT, b VARCHAR(64));
INSERT INTO t2 VALUES (5, "Original from table t2"), (6, "Original from table t2"), (7, "Original from table t2"), (8, "Original from table t2");
SHOW CREATE TABLE t2;
Table	Create Table
t2	CREATE TABLE `t2` (
  `a` int(11) DEFAULT NULL,
  `b` varchar(64) DEFAULT NULL
) ENGINE=MyISAM DEFAULT CHARSET=latin1
SELECT * FROM t2;
a	b
5	Original from table t2
6	Original from table t2
7	Original from table t2
8	Original from table t2
CREATE TABLE t1 (a INT, b VARCHAR(64)) PARTITION BY RANGE (a)
(PARTITION p0 VALUES LESS THAN (10),
PARTITION p1 VALUES LESS THAN MAXVALUE);
INSERT INTO t1 VALUES (1, "Original from partition p0"), (2, "Original from partition p0"), (3, "Original from partition p0"), (4, "Original from partition p0"), (11, "Original from partition p1"), (12, "Original from partition p1"), (13, "Original from partition p1"), (14, "Original from partition p1"), (21, "Original from partition p1"), (22, "Original from partition p1"), (23, "Original from partition p1"), (24, "Original from partition p1");
# State before failure
db.opt
t1#P#p0.MYD
t1#P#p0.MYI
t1#P#p1.MYD
t1#P#p1.MYI
t1.frm
t1.par
t2.MYD
t2.MYI
t2.frm
SHOW CREATE TABLE t1;
Table	Create Table
t1	CREATE TABLE `t1` (
  `a` int(11) DEFAULT NULL,
  `b` varchar(64) DEFAULT NULL
) ENGINE=MyISAM DEFAULT CHARSET=latin1
 PARTITION BY RANGE (`a`)
(PARTITION `p0` VALUES LESS THAN (10) ENGINE = MyISAM,
 PARTITION `p1` VALUES LESS THAN MAXVALUE ENGINE = MyISAM)
SELECT * FROM t1;
a	b
1	Original from partition p0
11	Original from partition p1
12	Original from partition p1
13	Original from partition p1
14	Original from partition p1
2	Original from partition p0
21	Original from partition p1
22	Original from partition p1
23	Original from partition p1
24	Original from partition p1
3	Original from partition p0
4	Original from partition p0
ALTER TABLE t1 EXCHANGE PARTITION p0 WITH TABLE t2;
ERROR HY000: Error on rename of './test/#sql-exchange' to './test/t1#P#p0' (errno: 0 "Internal error/check (Not system error)")
# State after failure
db.opt
t1#P#p0.MYD
t1#P#p0.MYI
t1#P#p1.MYD
t1#P#p1.MYI
t1.frm
t1.par
t2.MYD
t2.MYI
t2.frm
SHOW CREATE TABLE t1;
Table	Create Table
t1	CREATE TABLE `t1` (
  `a` int(11) DEFAULT NULL,
  `b` varchar(64) DEFAULT NULL
) ENGINE=MyISAM DEFAULT CHARSET=latin1
 PARTITION BY RANGE (`a`)
(PARTITION `p0` VALUES LESS THAN (10) ENGINE = MyISAM,
 PARTITION `p1` VALUES LESS THAN MAXVALUE ENGINE = MyISAM)
SELECT * FROM t1;
a	b
1	Original from partition p0
11	Original from partition p1
12	Original from partition p1
13	Original from partition p1
14	Original from partition p1
2	Original from partition p0
21	Original from partition p1
22	Original from partition p1
23	Original from partition p1
24	Original from partition p1
3	Original from partition p0
4	Original from partition p0
DROP TABLE t1;
SHOW CREATE TABLE t2;
Table	Create Table
t2	CREATE TABLE `t2` (
  `a` int(11) DEFAULT NULL,
  `b` varchar(64) DEFAULT NULL
) ENGINE=MyISAM DEFAULT CHARSET=latin1
SELECT * FROM t2;
a	b
5	Original from table t2
6	Original from table t2
7	Original from table t2
8	Original from table t2
DROP TABLE t2;
SET SESSION debug_dbug=@save_dbug;
SET SESSION debug_dbug="+d,exchange_partition_fail_8";
CREATE TABLE t2 (a INT, b VARCHAR(64));
INSERT INTO t2 VALUES (5, "Original from table t2"), (6, "Original from table t2"), (7, "Original from table t2"), (8, "Original from table t2");
SHOW CREATE TABLE t2;
Table	Create Table
t2	CREATE TABLE `t2` (
  `a` int(11) DEFAULT NULL,
  `b` varchar(64) DEFAULT NULL
) ENGINE=MyISAM DEFAULT CHARSET=latin1
SELECT * FROM t2;
a	b
5	Original from table t2
6	Original from table t2
7	Original from table t2
8	Original from table t2
CREATE TABLE t1 (a INT, b VARCHAR(64)) PARTITION BY RANGE (a)
(PARTITION p0 VALUES LESS THAN (10),
PARTITION p1 VALUES LESS THAN MAXVALUE);
INSERT INTO t1 VALUES (1, "Original from partition p0"), (2, "Original from partition p0"), (3, "Original from partition p0"), (4, "Original from partition p0"), (11, "Original from partition p1"), (12, "Original from partition p1"), (13, "Original from partition p1"), (14, "Original from partition p1"), (21, "Original from partition p1"), (22, "Original from partition p1"), (23, "Original from partition p1"), (24, "Original from partition p1");
# State before failure
db.opt
t1#P#p0.MYD
t1#P#p0.MYI
t1#P#p1.MYD
t1#P#p1.MYI
t1.frm
t1.par
t2.MYD
t2.MYI
t2.frm
SHOW CREATE TABLE t1;
Table	Create Table
t1	CREATE TABLE `t1` (
  `a` int(11) DEFAULT NULL,
  `b` varchar(64) DEFAULT NULL
) ENGINE=MyISAM DEFAULT CHARSET=latin1
 PARTITION BY RANGE (`a`)
(PARTITION `p0` VALUES LESS THAN (10) ENGINE = MyISAM,
 PARTITION `p1` VALUES LESS THAN MAXVALUE ENGINE = MyISAM)
SELECT * FROM t1;
a	b
1	Original from partition p0
11	Original from partition p1
12	Original from partition p1
13	Original from partition p1
14	Original from partition p1
2	Original from partition p0
21	Original from partition p1
22	Original from partition p1
23	Original from partition p1
24	Original from partition p1
3	Original from partition p0
4	Original from partition p0
ALTER TABLE t1 EXCHANGE PARTITION p0 WITH TABLE t2;
ERROR HY000: Error in DDL log
# State after failure
db.opt
t1#P#p0.MYD
t1#P#p0.MYI
t1#P#p1.MYD
t1#P#p1.MYI
t1.frm
t1.par
t2.MYD
t2.MYI
t2.frm
SHOW CREATE TABLE t1;
Table	Create Table
t1	CREATE TABLE `t1` (
  `a` int(11) DEFAULT NULL,
  `b` varchar(64) DEFAULT NULL
) ENGINE=MyISAM DEFAULT CHARSET=latin1
 PARTITION BY RANGE (`a`)
(PARTITION `p0` VALUES LESS THAN (10) ENGINE = MyISAM,
 PARTITION `p1` VALUES LESS THAN MAXVALUE ENGINE = MyISAM)
SELECT * FROM t1;
a	b
1	Original from partition p0
11	Original from partition p1
12	Original from partition p1
13	Original from partition p1
14	Original from partition p1
2	Original from partition p0
21	Original from partition p1
22	Original from partition p1
23	Original from partition p1
24	Original from partition p1
3	Original from partition p0
4	Original from partition p0
DROP TABLE t1;
SHOW CREATE TABLE t2;
Table	Create Table
t2	CREATE TABLE `t2` (
  `a` int(11) DEFAULT NULL,
  `b` varchar(64) DEFAULT NULL
) ENGINE=MyISAM DEFAULT CHARSET=latin1
SELECT * FROM t2;
a	b
5	Original from table t2
6	Original from table t2
7	Original from table t2
8	Original from table t2
DROP TABLE t2;
SET SESSION debug_dbug=@save_dbug;
SET SESSION debug_dbug="+d,exchange_partition_fail_9";
CREATE TABLE t2 (a INT, b VARCHAR(64));
INSERT INTO t2 VALUES (5, "Original from table t2"), (6, "Original from table t2"), (7, "Original from table t2"), (8, "Original from table t2");
SHOW CREATE TABLE t2;
Table	Create Table
t2	CREATE TABLE `t2` (
  `a` int(11) DEFAULT NULL,
  `b` varchar(64) DEFAULT NULL
) ENGINE=MyISAM DEFAULT CHARSET=latin1
SELECT * FROM t2;
a	b
5	Original from table t2
6	Original from table t2
7	Original from table t2
8	Original from table t2
CREATE TABLE t1 (a INT, b VARCHAR(64)) PARTITION BY RANGE (a)
(PARTITION p0 VALUES LESS THAN (10),
PARTITION p1 VALUES LESS THAN MAXVALUE);
INSERT INTO t1 VALUES (1, "Original from partition p0"), (2, "Original from partition p0"), (3, "Original from partition p0"), (4, "Original from partition p0"), (11, "Original from partition p1"), (12, "Original from partition p1"), (13, "Original from partition p1"), (14, "Original from partition p1"), (21, "Original from partition p1"), (22, "Original from partition p1"), (23, "Original from partition p1"), (24, "Original from partition p1");
# State before failure
db.opt
t1#P#p0.MYD
t1#P#p0.MYI
t1#P#p1.MYD
t1#P#p1.MYI
t1.frm
t1.par
t2.MYD
t2.MYI
t2.frm
SHOW CREATE TABLE t1;
Table	Create Table
t1	CREATE TABLE `t1` (
  `a` int(11) DEFAULT NULL,
  `b` varchar(64) DEFAULT NULL
) ENGINE=MyISAM DEFAULT CHARSET=latin1
 PARTITION BY RANGE (`a`)
(PARTITION `p0` VALUES LESS THAN (10) ENGINE = MyISAM,
 PARTITION `p1` VALUES LESS THAN MAXVALUE ENGINE = MyISAM)
SELECT * FROM t1;
a	b
1	Original from partition p0
11	Original from partition p1
12	Original from partition p1
13	Original from partition p1
14	Original from partition p1
2	Original from partition p0
21	Original from partition p1
22	Original from partition p1
23	Original from partition p1
24	Original from partition p1
3	Original from partition p0
4	Original from partition p0
ALTER TABLE t1 EXCHANGE PARTITION p0 WITH TABLE t2;
ERROR HY000: Error in DDL log
# State after failure
db.opt
t1#P#p0.MYD
t1#P#p0.MYI
t1#P#p1.MYD
t1#P#p1.MYI
t1.frm
t1.par
t2.MYD
t2.MYI
t2.frm
SHOW CREATE TABLE t1;
Table	Create Table
t1	CREATE TABLE `t1` (
  `a` int(11) DEFAULT NULL,
  `b` varchar(64) DEFAULT NULL
) ENGINE=MyISAM DEFAULT CHARSET=latin1
 PARTITION BY RANGE (`a`)
(PARTITION `p0` VALUES LESS THAN (10) ENGINE = MyISAM,
 PARTITION `p1` VALUES LESS THAN MAXVALUE ENGINE = MyISAM)
SELECT * FROM t1;
a	b
11	Original from partition p1
12	Original from partition p1
13	Original from partition p1
14	Original from partition p1
21	Original from partition p1
22	Original from partition p1
23	Original from partition p1
24	Original from partition p1
5	Original from table t2
6	Original from table t2
7	Original from table t2
8	Original from table t2
DROP TABLE t1;
SHOW CREATE TABLE t2;
Table	Create Table
t2	CREATE TABLE `t2` (
  `a` int(11) DEFAULT NULL,
  `b` varchar(64) DEFAULT NULL
) ENGINE=MyISAM DEFAULT CHARSET=latin1
SELECT * FROM t2;
a	b
1	Original from partition p0
2	Original from partition p0
3	Original from partition p0
4	Original from partition p0
DROP TABLE t2;
SET SESSION debug_dbug=@save_dbug;
#
# MDEV-22166 MIGRATE PARTITION: move out partition into a table
#
set @save_dbug=@@debug_dbug;
set session debug_dbug="+d,fail_create_before_create_frm";
create or replace table t1 (x int primary key)
partition by range(x) (
partition p1 values less than (10),
partition p2 values less than (20),
partition p3 values less than (30),
partition p4 values less than (40),
partition p5 values less than (50),
partition pn values less than maxvalue);
insert into t1 values (2), (12), (22), (32), (42), (52);
# d,fail_create_before_create_frm: State before failure
db.opt
t1#P#p1.MYD
t1#P#p1.MYI
t1#P#p2.MYD
t1#P#p2.MYI
t1#P#p3.MYD
t1#P#p3.MYI
t1#P#p4.MYD
t1#P#p4.MYI
t1#P#p5.MYD
t1#P#p5.MYI
t1#P#pn.MYD
t1#P#pn.MYI
t1.frm
t1.par
SHOW CREATE TABLE t1;
Table	Create Table
t1	CREATE TABLE `t1` (
  `x` int(11) NOT NULL,
  PRIMARY KEY (`x`)
) ENGINE=MyISAM DEFAULT CHARSET=latin1
 PARTITION BY RANGE (`x`)
(PARTITION `p1` VALUES LESS THAN (10) ENGINE = MyISAM,
 PARTITION `p2` VALUES LESS THAN (20) ENGINE = MyISAM,
 PARTITION `p3` VALUES LESS THAN (30) ENGINE = MyISAM,
 PARTITION `p4` VALUES LESS THAN (40) ENGINE = MyISAM,
 PARTITION `p5` VALUES LESS THAN (50) ENGINE = MyISAM,
 PARTITION `pn` VALUES LESS THAN MAXVALUE ENGINE = MyISAM)
SELECT * FROM t1;
x
12
2
22
32
42
52
alter table t1 extract partition p2 as table tp2;
ERROR HY000: Unknown error
# d,fail_create_before_create_frm: State after failure
db.opt
t1#P#p1.MYD
t1#P#p1.MYI
t1#P#p2.MYD
t1#P#p2.MYI
t1#P#p3.MYD
t1#P#p3.MYI
t1#P#p4.MYD
t1#P#p4.MYI
t1#P#p5.MYD
t1#P#p5.MYI
t1#P#pn.MYD
t1#P#pn.MYI
t1.frm
t1.par
SHOW CREATE TABLE t1;
Table	Create Table
t1	CREATE TABLE `t1` (
  `x` int(11) NOT NULL,
  PRIMARY KEY (`x`)
) ENGINE=MyISAM DEFAULT CHARSET=latin1
 PARTITION BY RANGE (`x`)
(PARTITION `p1` VALUES LESS THAN (10) ENGINE = MyISAM,
 PARTITION `p2` VALUES LESS THAN (20) ENGINE = MyISAM,
 PARTITION `p3` VALUES LESS THAN (30) ENGINE = MyISAM,
 PARTITION `p4` VALUES LESS THAN (40) ENGINE = MyISAM,
 PARTITION `p5` VALUES LESS THAN (50) ENGINE = MyISAM,
 PARTITION `pn` VALUES LESS THAN MAXVALUE ENGINE = MyISAM)
SELECT * FROM t1;
x
12
2
22
32
42
52
DROP TABLE t1;
create or replace table t1 (x int primary key)
partition by range(x) (
partition p1 values less than (10),
partition p2 values less than (20),
partition p3 values less than (30),
partition p4 values less than (40),
partition p5 values less than (50),
partition pn values less than maxvalue);
insert into t1 values (2), (12), (22), (32), (42), (52);
# d,fail_create_before_create_frm: State before failure (under LOCK TABLE)
db.opt
t1#P#p1.MYD
t1#P#p1.MYI
t1#P#p2.MYD
t1#P#p2.MYI
t1#P#p3.MYD
t1#P#p3.MYI
t1#P#p4.MYD
t1#P#p4.MYI
t1#P#p5.MYD
t1#P#p5.MYI
t1#P#pn.MYD
t1#P#pn.MYI
t1.frm
t1.par
SHOW CREATE TABLE t1;
Table	Create Table
t1	CREATE TABLE `t1` (
  `x` int(11) NOT NULL,
  PRIMARY KEY (`x`)
) ENGINE=MyISAM DEFAULT CHARSET=latin1
 PARTITION BY RANGE (`x`)
(PARTITION `p1` VALUES LESS THAN (10) ENGINE = MyISAM,
 PARTITION `p2` VALUES LESS THAN (20) ENGINE = MyISAM,
 PARTITION `p3` VALUES LESS THAN (30) ENGINE = MyISAM,
 PARTITION `p4` VALUES LESS THAN (40) ENGINE = MyISAM,
 PARTITION `p5` VALUES LESS THAN (50) ENGINE = MyISAM,
 PARTITION `pn` VALUES LESS THAN MAXVALUE ENGINE = MyISAM)
SELECT * FROM t1;
x
12
2
22
32
42
52
LOCK TABLE t1 WRITE;
alter table t1 extract partition p2 as table tp2;
ERROR HY000: Unknown error
# d,fail_create_before_create_frm: State after failure (under LOCK TABLE)
db.opt
t1#P#p1.MYD
t1#P#p1.MYI
t1#P#p2.MYD
t1#P#p2.MYI
t1#P#p3.MYD
t1#P#p3.MYI
t1#P#p4.MYD
t1#P#p4.MYI
t1#P#p5.MYD
t1#P#p5.MYI
t1#P#pn.MYD
t1#P#pn.MYI
t1.frm
t1.par
SHOW CREATE TABLE t1;
Table	Create Table
t1	CREATE TABLE `t1` (
  `x` int(11) NOT NULL,
  PRIMARY KEY (`x`)
) ENGINE=MyISAM DEFAULT CHARSET=latin1
 PARTITION BY RANGE (`x`)
(PARTITION `p1` VALUES LESS THAN (10) ENGINE = MyISAM,
 PARTITION `p2` VALUES LESS THAN (20) ENGINE = MyISAM,
 PARTITION `p3` VALUES LESS THAN (30) ENGINE = MyISAM,
 PARTITION `p4` VALUES LESS THAN (40) ENGINE = MyISAM,
 PARTITION `p5` VALUES LESS THAN (50) ENGINE = MyISAM,
 PARTITION `pn` VALUES LESS THAN MAXVALUE ENGINE = MyISAM)
SELECT * FROM t1;
x
12
2
22
32
42
52
UNLOCK TABLES;
DROP TABLE t1;
set session debug_dbug=@save_dbug;
set session debug_dbug="+d,fail_alter_partition_after_write_frm";
create or replace table t1 (x int primary key)
partition by range(x) (
partition p1 values less than (10),
partition p2 values less than (20),
partition p3 values less than (30),
partition p4 values less than (40),
partition p5 values less than (50),
partition pn values less than maxvalue);
insert into t1 values (2), (12), (22), (32), (42), (52);
# d,fail_alter_partition_after_write_frm: State before failure
db.opt
t1#P#p1.MYD
t1#P#p1.MYI
t1#P#p2.MYD
t1#P#p2.MYI
t1#P#p3.MYD
t1#P#p3.MYI
t1#P#p4.MYD
t1#P#p4.MYI
t1#P#p5.MYD
t1#P#p5.MYI
t1#P#pn.MYD
t1#P#pn.MYI
t1.frm
t1.par
SHOW CREATE TABLE t1;
Table	Create Table
t1	CREATE TABLE `t1` (
  `x` int(11) NOT NULL,
  PRIMARY KEY (`x`)
) ENGINE=MyISAM DEFAULT CHARSET=latin1
 PARTITION BY RANGE (`x`)
(PARTITION `p1` VALUES LESS THAN (10) ENGINE = MyISAM,
 PARTITION `p2` VALUES LESS THAN (20) ENGINE = MyISAM,
 PARTITION `p3` VALUES LESS THAN (30) ENGINE = MyISAM,
 PARTITION `p4` VALUES LESS THAN (40) ENGINE = MyISAM,
 PARTITION `p5` VALUES LESS THAN (50) ENGINE = MyISAM,
 PARTITION `pn` VALUES LESS THAN MAXVALUE ENGINE = MyISAM)
SELECT * FROM t1;
x
12
2
22
32
42
52
alter table t1 extract partition p2 as table tp2;
ERROR HY000: Unknown error
# d,fail_alter_partition_after_write_frm: State after failure
db.opt
t1#P#p1.MYD
t1#P#p1.MYI
t1#P#p2.MYD
t1#P#p2.MYI
t1#P#p3.MYD
t1#P#p3.MYI
t1#P#p4.MYD
t1#P#p4.MYI
t1#P#p5.MYD
t1#P#p5.MYI
t1#P#pn.MYD
t1#P#pn.MYI
t1.frm
t1.par
SHOW CREATE TABLE t1;
Table	Create Table
t1	CREATE TABLE `t1` (
  `x` int(11) NOT NULL,
  PRIMARY KEY (`x`)
) ENGINE=MyISAM DEFAULT CHARSET=latin1
 PARTITION BY RANGE (`x`)
(PARTITION `p1` VALUES LESS THAN (10) ENGINE = MyISAM,
 PARTITION `p2` VALUES LESS THAN (20) ENGINE = MyISAM,
 PARTITION `p3` VALUES LESS THAN (30) ENGINE = MyISAM,
 PARTITION `p4` VALUES LESS THAN (40) ENGINE = MyISAM,
 PARTITION `p5` VALUES LESS THAN (50) ENGINE = MyISAM,
 PARTITION `pn` VALUES LESS THAN MAXVALUE ENGINE = MyISAM)
SELECT * FROM t1;
x
12
2
22
32
42
52
DROP TABLE t1;
create or replace table t1 (x int primary key)
partition by range(x) (
partition p1 values less than (10),
partition p2 values less than (20),
partition p3 values less than (30),
partition p4 values less than (40),
partition p5 values less than (50),
partition pn values less than maxvalue);
insert into t1 values (2), (12), (22), (32), (42), (52);
# d,fail_alter_partition_after_write_frm: State before failure (under LOCK TABLE)
db.opt
t1#P#p1.MYD
t1#P#p1.MYI
t1#P#p2.MYD
t1#P#p2.MYI
t1#P#p3.MYD
t1#P#p3.MYI
t1#P#p4.MYD
t1#P#p4.MYI
t1#P#p5.MYD
t1#P#p5.MYI
t1#P#pn.MYD
t1#P#pn.MYI
t1.frm
t1.par
SHOW CREATE TABLE t1;
Table	Create Table
t1	CREATE TABLE `t1` (
  `x` int(11) NOT NULL,
  PRIMARY KEY (`x`)
) ENGINE=MyISAM DEFAULT CHARSET=latin1
 PARTITION BY RANGE (`x`)
(PARTITION `p1` VALUES LESS THAN (10) ENGINE = MyISAM,
 PARTITION `p2` VALUES LESS THAN (20) ENGINE = MyISAM,
 PARTITION `p3` VALUES LESS THAN (30) ENGINE = MyISAM,
 PARTITION `p4` VALUES LESS THAN (40) ENGINE = MyISAM,
 PARTITION `p5` VALUES LESS THAN (50) ENGINE = MyISAM,
 PARTITION `pn` VALUES LESS THAN MAXVALUE ENGINE = MyISAM)
SELECT * FROM t1;
x
12
2
22
32
42
52
LOCK TABLE t1 WRITE;
alter table t1 extract partition p2 as table tp2;
ERROR HY000: Unknown error
# d,fail_alter_partition_after_write_frm: State after failure (under LOCK TABLE)
db.opt
t1#P#p1.MYD
t1#P#p1.MYI
t1#P#p2.MYD
t1#P#p2.MYI
t1#P#p3.MYD
t1#P#p3.MYI
t1#P#p4.MYD
t1#P#p4.MYI
t1#P#p5.MYD
t1#P#p5.MYI
t1#P#pn.MYD
t1#P#pn.MYI
t1.frm
t1.par
SHOW CREATE TABLE t1;
Table	Create Table
t1	CREATE TABLE `t1` (
  `x` int(11) NOT NULL,
  PRIMARY KEY (`x`)
) ENGINE=MyISAM DEFAULT CHARSET=latin1
 PARTITION BY RANGE (`x`)
(PARTITION `p1` VALUES LESS THAN (10) ENGINE = MyISAM,
 PARTITION `p2` VALUES LESS THAN (20) ENGINE = MyISAM,
 PARTITION `p3` VALUES LESS THAN (30) ENGINE = MyISAM,
 PARTITION `p4` VALUES LESS THAN (40) ENGINE = MyISAM,
 PARTITION `p5` VALUES LESS THAN (50) ENGINE = MyISAM,
 PARTITION `pn` VALUES LESS THAN MAXVALUE ENGINE = MyISAM)
SELECT * FROM t1;
x
12
2
22
32
42
52
UNLOCK TABLES;
DROP TABLE t1;
set session debug_dbug=@save_dbug;
set session debug_dbug="+d,error_extract_partition_00";
create or replace table t1 (x int primary key)
partition by range(x) (
partition p1 values less than (10),
partition p2 values less than (20),
partition p3 values less than (30),
partition p4 values less than (40),
partition p5 values less than (50),
partition pn values less than maxvalue);
insert into t1 values (2), (12), (22), (32), (42), (52);
# d,error_extract_partition_00: State before failure
db.opt
t1#P#p1.MYD
t1#P#p1.MYI
t1#P#p2.MYD
t1#P#p2.MYI
t1#P#p3.MYD
t1#P#p3.MYI
t1#P#p4.MYD
t1#P#p4.MYI
t1#P#p5.MYD
t1#P#p5.MYI
t1#P#pn.MYD
t1#P#pn.MYI
t1.frm
t1.par
SHOW CREATE TABLE t1;
Table	Create Table
t1	CREATE TABLE `t1` (
  `x` int(11) NOT NULL,
  PRIMARY KEY (`x`)
) ENGINE=MyISAM DEFAULT CHARSET=latin1
 PARTITION BY RANGE (`x`)
(PARTITION `p1` VALUES LESS THAN (10) ENGINE = MyISAM,
 PARTITION `p2` VALUES LESS THAN (20) ENGINE = MyISAM,
 PARTITION `p3` VALUES LESS THAN (30) ENGINE = MyISAM,
 PARTITION `p4` VALUES LESS THAN (40) ENGINE = MyISAM,
 PARTITION `p5` VALUES LESS THAN (50) ENGINE = MyISAM,
 PARTITION `pn` VALUES LESS THAN MAXVALUE ENGINE = MyISAM)
SELECT * FROM t1;
x
12
2
22
32
42
52
alter table t1 extract partition p2 as table tp2;
ERROR HY000: Error on rename of './test/t1#P#p2' to './test/tp2' (errno: 137 "No more records (read after end of file)")
# d,error_extract_partition_00: State after failure
db.opt
t1#P#p1.MYD
t1#P#p1.MYI
t1#P#p2.MYD
t1#P#p2.MYI
t1#P#p3.MYD
t1#P#p3.MYI
t1#P#p4.MYD
t1#P#p4.MYI
t1#P#p5.MYD
t1#P#p5.MYI
t1#P#pn.MYD
t1#P#pn.MYI
t1.frm
t1.par
SHOW CREATE TABLE t1;
Table	Create Table
t1	CREATE TABLE `t1` (
  `x` int(11) NOT NULL,
  PRIMARY KEY (`x`)
) ENGINE=MyISAM DEFAULT CHARSET=latin1
 PARTITION BY RANGE (`x`)
(PARTITION `p1` VALUES LESS THAN (10) ENGINE = MyISAM,
 PARTITION `p2` VALUES LESS THAN (20) ENGINE = MyISAM,
 PARTITION `p3` VALUES LESS THAN (30) ENGINE = MyISAM,
 PARTITION `p4` VALUES LESS THAN (40) ENGINE = MyISAM,
 PARTITION `p5` VALUES LESS THAN (50) ENGINE = MyISAM,
 PARTITION `pn` VALUES LESS THAN MAXVALUE ENGINE = MyISAM)
SELECT * FROM t1;
x
12
2
22
32
42
52
DROP TABLE t1;
create or replace table t1 (x int primary key)
partition by range(x) (
partition p1 values less than (10),
partition p2 values less than (20),
partition p3 values less than (30),
partition p4 values less than (40),
partition p5 values less than (50),
partition pn values less than maxvalue);
insert into t1 values (2), (12), (22), (32), (42), (52);
# d,error_extract_partition_00: State before failure (under LOCK TABLE)
db.opt
t1#P#p1.MYD
t1#P#p1.MYI
t1#P#p2.MYD
t1#P#p2.MYI
t1#P#p3.MYD
t1#P#p3.MYI
t1#P#p4.MYD
t1#P#p4.MYI
t1#P#p5.MYD
t1#P#p5.MYI
t1#P#pn.MYD
t1#P#pn.MYI
t1.frm
t1.par
SHOW CREATE TABLE t1;
Table	Create Table
t1	CREATE TABLE `t1` (
  `x` int(11) NOT NULL,
  PRIMARY KEY (`x`)
) ENGINE=MyISAM DEFAULT CHARSET=latin1
 PARTITION BY RANGE (`x`)
(PARTITION `p1` VALUES LESS THAN (10) ENGINE = MyISAM,
 PARTITION `p2` VALUES LESS THAN (20) ENGINE = MyISAM,
 PARTITION `p3` VALUES LESS THAN (30) ENGINE = MyISAM,
 PARTITION `p4` VALUES LESS THAN (40) ENGINE = MyISAM,
 PARTITION `p5` VALUES LESS THAN (50) ENGINE = MyISAM,
 PARTITION `pn` VALUES LESS THAN MAXVALUE ENGINE = MyISAM)
SELECT * FROM t1;
x
12
2
22
32
42
52
LOCK TABLE t1 WRITE;
alter table t1 extract partition p2 as table tp2;
ERROR HY000: Error on rename of './test/t1#P#p2' to './test/tp2' (errno: 137 "No more records (read after end of file)")
# d,error_extract_partition_00: State after failure (under LOCK TABLE)
db.opt
t1#P#p1.MYD
t1#P#p1.MYI
t1#P#p2.MYD
t1#P#p2.MYI
t1#P#p3.MYD
t1#P#p3.MYI
t1#P#p4.MYD
t1#P#p4.MYI
t1#P#p5.MYD
t1#P#p5.MYI
t1#P#pn.MYD
t1#P#pn.MYI
t1.frm
t1.par
SHOW CREATE TABLE t1;
Table	Create Table
t1	CREATE TABLE `t1` (
  `x` int(11) NOT NULL,
  PRIMARY KEY (`x`)
) ENGINE=MyISAM DEFAULT CHARSET=latin1
 PARTITION BY RANGE (`x`)
(PARTITION `p1` VALUES LESS THAN (10) ENGINE = MyISAM,
 PARTITION `p2` VALUES LESS THAN (20) ENGINE = MyISAM,
 PARTITION `p3` VALUES LESS THAN (30) ENGINE = MyISAM,
 PARTITION `p4` VALUES LESS THAN (40) ENGINE = MyISAM,
 PARTITION `p5` VALUES LESS THAN (50) ENGINE = MyISAM,
 PARTITION `pn` VALUES LESS THAN MAXVALUE ENGINE = MyISAM)
SELECT * FROM t1;
x
12
2
22
32
42
52
UNLOCK TABLES;
DROP TABLE t1;
set session debug_dbug=@save_dbug;
set session debug_dbug="+d,fail_extract_partition_1";
create or replace table t1 (x int primary key)
partition by range(x) (
partition p1 values less than (10),
partition p2 values less than (20),
partition p3 values less than (30),
partition p4 values less than (40),
partition p5 values less than (50),
partition pn values less than maxvalue);
insert into t1 values (2), (12), (22), (32), (42), (52);
# d,fail_extract_partition_1: State before failure
db.opt
t1#P#p1.MYD
t1#P#p1.MYI
t1#P#p2.MYD
t1#P#p2.MYI
t1#P#p3.MYD
t1#P#p3.MYI
t1#P#p4.MYD
t1#P#p4.MYI
t1#P#p5.MYD
t1#P#p5.MYI
t1#P#pn.MYD
t1#P#pn.MYI
t1.frm
t1.par
SHOW CREATE TABLE t1;
Table	Create Table
t1	CREATE TABLE `t1` (
  `x` int(11) NOT NULL,
  PRIMARY KEY (`x`)
) ENGINE=MyISAM DEFAULT CHARSET=latin1
 PARTITION BY RANGE (`x`)
(PARTITION `p1` VALUES LESS THAN (10) ENGINE = MyISAM,
 PARTITION `p2` VALUES LESS THAN (20) ENGINE = MyISAM,
 PARTITION `p3` VALUES LESS THAN (30) ENGINE = MyISAM,
 PARTITION `p4` VALUES LESS THAN (40) ENGINE = MyISAM,
 PARTITION `p5` VALUES LESS THAN (50) ENGINE = MyISAM,
 PARTITION `pn` VALUES LESS THAN MAXVALUE ENGINE = MyISAM)
SELECT * FROM t1;
x
12
2
22
32
42
52
alter table t1 extract partition p2 as table tp2;
ERROR HY000: Unknown error
# d,fail_extract_partition_1: State after failure
db.opt
t1#P#p1.MYD
t1#P#p1.MYI
t1#P#p2.MYD
t1#P#p2.MYI
t1#P#p3.MYD
t1#P#p3.MYI
t1#P#p4.MYD
t1#P#p4.MYI
t1#P#p5.MYD
t1#P#p5.MYI
t1#P#pn.MYD
t1#P#pn.MYI
t1.frm
t1.par
SHOW CREATE TABLE t1;
Table	Create Table
t1	CREATE TABLE `t1` (
  `x` int(11) NOT NULL,
  PRIMARY KEY (`x`)
) ENGINE=MyISAM DEFAULT CHARSET=latin1
 PARTITION BY RANGE (`x`)
(PARTITION `p1` VALUES LESS THAN (10) ENGINE = MyISAM,
 PARTITION `p2` VALUES LESS THAN (20) ENGINE = MyISAM,
 PARTITION `p3` VALUES LESS THAN (30) ENGINE = MyISAM,
 PARTITION `p4` VALUES LESS THAN (40) ENGINE = MyISAM,
 PARTITION `p5` VALUES LESS THAN (50) ENGINE = MyISAM,
 PARTITION `pn` VALUES LESS THAN MAXVALUE ENGINE = MyISAM)
SELECT * FROM t1;
x
12
2
22
32
42
52
DROP TABLE t1;
create or replace table t1 (x int primary key)
partition by range(x) (
partition p1 values less than (10),
partition p2 values less than (20),
partition p3 values less than (30),
partition p4 values less than (40),
partition p5 values less than (50),
partition pn values less than maxvalue);
insert into t1 values (2), (12), (22), (32), (42), (52);
# d,fail_extract_partition_1: State before failure (under LOCK TABLE)
db.opt
t1#P#p1.MYD
t1#P#p1.MYI
t1#P#p2.MYD
t1#P#p2.MYI
t1#P#p3.MYD
t1#P#p3.MYI
t1#P#p4.MYD
t1#P#p4.MYI
t1#P#p5.MYD
t1#P#p5.MYI
t1#P#pn.MYD
t1#P#pn.MYI
t1.frm
t1.par
SHOW CREATE TABLE t1;
Table	Create Table
t1	CREATE TABLE `t1` (
  `x` int(11) NOT NULL,
  PRIMARY KEY (`x`)
) ENGINE=MyISAM DEFAULT CHARSET=latin1
 PARTITION BY RANGE (`x`)
(PARTITION `p1` VALUES LESS THAN (10) ENGINE = MyISAM,
 PARTITION `p2` VALUES LESS THAN (20) ENGINE = MyISAM,
 PARTITION `p3` VALUES LESS THAN (30) ENGINE = MyISAM,
 PARTITION `p4` VALUES LESS THAN (40) ENGINE = MyISAM,
 PARTITION `p5` VALUES LESS THAN (50) ENGINE = MyISAM,
 PARTITION `pn` VALUES LESS THAN MAXVALUE ENGINE = MyISAM)
SELECT * FROM t1;
x
12
2
22
32
42
52
LOCK TABLE t1 WRITE;
alter table t1 extract partition p2 as table tp2;
ERROR HY000: Unknown error
# d,fail_extract_partition_1: State after failure (under LOCK TABLE)
db.opt
t1#P#p1.MYD
t1#P#p1.MYI
t1#P#p2.MYD
t1#P#p2.MYI
t1#P#p3.MYD
t1#P#p3.MYI
t1#P#p4.MYD
t1#P#p4.MYI
t1#P#p5.MYD
t1#P#p5.MYI
t1#P#pn.MYD
t1#P#pn.MYI
t1.frm
t1.par
SHOW CREATE TABLE t1;
Table	Create Table
t1	CREATE TABLE `t1` (
  `x` int(11) NOT NULL,
  PRIMARY KEY (`x`)
) ENGINE=MyISAM DEFAULT CHARSET=latin1
 PARTITION BY RANGE (`x`)
(PARTITION `p1` VALUES LESS THAN (10) ENGINE = MyISAM,
 PARTITION `p2` VALUES LESS THAN (20) ENGINE = MyISAM,
 PARTITION `p3` VALUES LESS THAN (30) ENGINE = MyISAM,
 PARTITION `p4` VALUES LESS THAN (40) ENGINE = MyISAM,
 PARTITION `p5` VALUES LESS THAN (50) ENGINE = MyISAM,
 PARTITION `pn` VALUES LESS THAN MAXVALUE ENGINE = MyISAM)
SELECT * FROM t1;
x
12
2
22
32
42
52
UNLOCK TABLES;
DROP TABLE t1;
set session debug_dbug=@save_dbug;
set session debug_dbug="+d,fail_extract_partition_2";
create or replace table t1 (x int primary key)
partition by range(x) (
partition p1 values less than (10),
partition p2 values less than (20),
partition p3 values less than (30),
partition p4 values less than (40),
partition p5 values less than (50),
partition pn values less than maxvalue);
insert into t1 values (2), (12), (22), (32), (42), (52);
# d,fail_extract_partition_2: State before failure
db.opt
t1#P#p1.MYD
t1#P#p1.MYI
t1#P#p2.MYD
t1#P#p2.MYI
t1#P#p3.MYD
t1#P#p3.MYI
t1#P#p4.MYD
t1#P#p4.MYI
t1#P#p5.MYD
t1#P#p5.MYI
t1#P#pn.MYD
t1#P#pn.MYI
t1.frm
t1.par
SHOW CREATE TABLE t1;
Table	Create Table
t1	CREATE TABLE `t1` (
  `x` int(11) NOT NULL,
  PRIMARY KEY (`x`)
) ENGINE=MyISAM DEFAULT CHARSET=latin1
 PARTITION BY RANGE (`x`)
(PARTITION `p1` VALUES LESS THAN (10) ENGINE = MyISAM,
 PARTITION `p2` VALUES LESS THAN (20) ENGINE = MyISAM,
 PARTITION `p3` VALUES LESS THAN (30) ENGINE = MyISAM,
 PARTITION `p4` VALUES LESS THAN (40) ENGINE = MyISAM,
 PARTITION `p5` VALUES LESS THAN (50) ENGINE = MyISAM,
 PARTITION `pn` VALUES LESS THAN MAXVALUE ENGINE = MyISAM)
SELECT * FROM t1;
x
12
2
22
32
42
52
alter table t1 extract partition p2 as table tp2;
ERROR HY000: Unknown error
# d,fail_extract_partition_2: State after failure
db.opt
t1#P#p1.MYD
t1#P#p1.MYI
t1#P#p2.MYD
t1#P#p2.MYI
t1#P#p3.MYD
t1#P#p3.MYI
t1#P#p4.MYD
t1#P#p4.MYI
t1#P#p5.MYD
t1#P#p5.MYI
t1#P#pn.MYD
t1#P#pn.MYI
t1.frm
t1.par
SHOW CREATE TABLE t1;
Table	Create Table
t1	CREATE TABLE `t1` (
  `x` int(11) NOT NULL,
  PRIMARY KEY (`x`)
) ENGINE=MyISAM DEFAULT CHARSET=latin1
 PARTITION BY RANGE (`x`)
(PARTITION `p1` VALUES LESS THAN (10) ENGINE = MyISAM,
 PARTITION `p2` VALUES LESS THAN (20) ENGINE = MyISAM,
 PARTITION `p3` VALUES LESS THAN (30) ENGINE = MyISAM,
 PARTITION `p4` VALUES LESS THAN (40) ENGINE = MyISAM,
 PARTITION `p5` VALUES LESS THAN (50) ENGINE = MyISAM,
 PARTITION `pn` VALUES LESS THAN MAXVALUE ENGINE = MyISAM)
SELECT * FROM t1;
x
12
2
22
32
42
52
DROP TABLE t1;
create or replace table t1 (x int primary key)
partition by range(x) (
partition p1 values less than (10),
partition p2 values less than (20),
partition p3 values less than (30),
partition p4 values less than (40),
partition p5 values less than (50),
partition pn values less than maxvalue);
insert into t1 values (2), (12), (22), (32), (42), (52);
# d,fail_extract_partition_2: State before failure (under LOCK TABLE)
db.opt
t1#P#p1.MYD
t1#P#p1.MYI
t1#P#p2.MYD
t1#P#p2.MYI
t1#P#p3.MYD
t1#P#p3.MYI
t1#P#p4.MYD
t1#P#p4.MYI
t1#P#p5.MYD
t1#P#p5.MYI
t1#P#pn.MYD
t1#P#pn.MYI
t1.frm
t1.par
SHOW CREATE TABLE t1;
Table	Create Table
t1	CREATE TABLE `t1` (
  `x` int(11) NOT NULL,
  PRIMARY KEY (`x`)
) ENGINE=MyISAM DEFAULT CHARSET=latin1
 PARTITION BY RANGE (`x`)
(PARTITION `p1` VALUES LESS THAN (10) ENGINE = MyISAM,
 PARTITION `p2` VALUES LESS THAN (20) ENGINE = MyISAM,
 PARTITION `p3` VALUES LESS THAN (30) ENGINE = MyISAM,
 PARTITION `p4` VALUES LESS THAN (40) ENGINE = MyISAM,
 PARTITION `p5` VALUES LESS THAN (50) ENGINE = MyISAM,
 PARTITION `pn` VALUES LESS THAN MAXVALUE ENGINE = MyISAM)
SELECT * FROM t1;
x
12
2
22
32
42
52
LOCK TABLE t1 WRITE;
alter table t1 extract partition p2 as table tp2;
ERROR HY000: Unknown error
# d,fail_extract_partition_2: State after failure (under LOCK TABLE)
db.opt
t1#P#p1.MYD
t1#P#p1.MYI
t1#P#p2.MYD
t1#P#p2.MYI
t1#P#p3.MYD
t1#P#p3.MYI
t1#P#p4.MYD
t1#P#p4.MYI
t1#P#p5.MYD
t1#P#p5.MYI
t1#P#pn.MYD
t1#P#pn.MYI
t1.frm
t1.par
SHOW CREATE TABLE t1;
Table	Create Table
t1	CREATE TABLE `t1` (
  `x` int(11) NOT NULL,
  PRIMARY KEY (`x`)
) ENGINE=MyISAM DEFAULT CHARSET=latin1
 PARTITION BY RANGE (`x`)
(PARTITION `p1` VALUES LESS THAN (10) ENGINE = MyISAM,
 PARTITION `p2` VALUES LESS THAN (20) ENGINE = MyISAM,
 PARTITION `p3` VALUES LESS THAN (30) ENGINE = MyISAM,
 PARTITION `p4` VALUES LESS THAN (40) ENGINE = MyISAM,
 PARTITION `p5` VALUES LESS THAN (50) ENGINE = MyISAM,
 PARTITION `pn` VALUES LESS THAN MAXVALUE ENGINE = MyISAM)
SELECT * FROM t1;
x
12
2
22
32
42
52
UNLOCK TABLES;
DROP TABLE t1;
set session debug_dbug=@save_dbug;
set session debug_dbug="+d,fail_extract_partition_3";
create or replace table t1 (x int primary key)
partition by range(x) (
partition p1 values less than (10),
partition p2 values less than (20),
partition p3 values less than (30),
partition p4 values less than (40),
partition p5 values less than (50),
partition pn values less than maxvalue);
insert into t1 values (2), (12), (22), (32), (42), (52);
# d,fail_extract_partition_3: State before failure
db.opt
t1#P#p1.MYD
t1#P#p1.MYI
t1#P#p2.MYD
t1#P#p2.MYI
t1#P#p3.MYD
t1#P#p3.MYI
t1#P#p4.MYD
t1#P#p4.MYI
t1#P#p5.MYD
t1#P#p5.MYI
t1#P#pn.MYD
t1#P#pn.MYI
t1.frm
t1.par
SHOW CREATE TABLE t1;
Table	Create Table
t1	CREATE TABLE `t1` (
  `x` int(11) NOT NULL,
  PRIMARY KEY (`x`)
) ENGINE=MyISAM DEFAULT CHARSET=latin1
 PARTITION BY RANGE (`x`)
(PARTITION `p1` VALUES LESS THAN (10) ENGINE = MyISAM,
 PARTITION `p2` VALUES LESS THAN (20) ENGINE = MyISAM,
 PARTITION `p3` VALUES LESS THAN (30) ENGINE = MyISAM,
 PARTITION `p4` VALUES LESS THAN (40) ENGINE = MyISAM,
 PARTITION `p5` VALUES LESS THAN (50) ENGINE = MyISAM,
 PARTITION `pn` VALUES LESS THAN MAXVALUE ENGINE = MyISAM)
SELECT * FROM t1;
x
12
2
22
32
42
52
alter table t1 extract partition p2 as table tp2;
ERROR HY000: Unknown error
# d,fail_extract_partition_3: State after failure
db.opt
t1#P#p1.MYD
t1#P#p1.MYI
t1#P#p2.MYD
t1#P#p2.MYI
t1#P#p3.MYD
t1#P#p3.MYI
t1#P#p4.MYD
t1#P#p4.MYI
t1#P#p5.MYD
t1#P#p5.MYI
t1#P#pn.MYD
t1#P#pn.MYI
t1.frm
t1.par
SHOW CREATE TABLE t1;
Table	Create Table
t1	CREATE TABLE `t1` (
  `x` int(11) NOT NULL,
  PRIMARY KEY (`x`)
) ENGINE=MyISAM DEFAULT CHARSET=latin1
 PARTITION BY RANGE (`x`)
(PARTITION `p1` VALUES LESS THAN (10) ENGINE = MyISAM,
 PARTITION `p2` VALUES LESS THAN (20) ENGINE = MyISAM,
 PARTITION `p3` VALUES LESS THAN (30) ENGINE = MyISAM,
 PARTITION `p4` VALUES LESS THAN (40) ENGINE = MyISAM,
 PARTITION `p5` VALUES LESS THAN (50) ENGINE = MyISAM,
 PARTITION `pn` VALUES LESS THAN MAXVALUE ENGINE = MyISAM)
SELECT * FROM t1;
x
12
2
22
32
42
52
DROP TABLE t1;
create or replace table t1 (x int primary key)
partition by range(x) (
partition p1 values less than (10),
partition p2 values less than (20),
partition p3 values less than (30),
partition p4 values less than (40),
partition p5 values less than (50),
partition pn values less than maxvalue);
insert into t1 values (2), (12), (22), (32), (42), (52);
# d,fail_extract_partition_3: State before failure (under LOCK TABLE)
db.opt
t1#P#p1.MYD
t1#P#p1.MYI
t1#P#p2.MYD
t1#P#p2.MYI
t1#P#p3.MYD
t1#P#p3.MYI
t1#P#p4.MYD
t1#P#p4.MYI
t1#P#p5.MYD
t1#P#p5.MYI
t1#P#pn.MYD
t1#P#pn.MYI
t1.frm
t1.par
SHOW CREATE TABLE t1;
Table	Create Table
t1	CREATE TABLE `t1` (
  `x` int(11) NOT NULL,
  PRIMARY KEY (`x`)
) ENGINE=MyISAM DEFAULT CHARSET=latin1
 PARTITION BY RANGE (`x`)
(PARTITION `p1` VALUES LESS THAN (10) ENGINE = MyISAM,
 PARTITION `p2` VALUES LESS THAN (20) ENGINE = MyISAM,
 PARTITION `p3` VALUES LESS THAN (30) ENGINE = MyISAM,
 PARTITION `p4` VALUES LESS THAN (40) ENGINE = MyISAM,
 PARTITION `p5` VALUES LESS THAN (50) ENGINE = MyISAM,
 PARTITION `pn` VALUES LESS THAN MAXVALUE ENGINE = MyISAM)
SELECT * FROM t1;
x
12
2
22
32
42
52
LOCK TABLE t1 WRITE;
alter table t1 extract partition p2 as table tp2;
ERROR HY000: Unknown error
# d,fail_extract_partition_3: State after failure (under LOCK TABLE)
db.opt
t1#P#p1.MYD
t1#P#p1.MYI
t1#P#p2.MYD
t1#P#p2.MYI
t1#P#p3.MYD
t1#P#p3.MYI
t1#P#p4.MYD
t1#P#p4.MYI
t1#P#p5.MYD
t1#P#p5.MYI
t1#P#pn.MYD
t1#P#pn.MYI
t1.frm
t1.par
SHOW CREATE TABLE t1;
Table	Create Table
t1	CREATE TABLE `t1` (
  `x` int(11) NOT NULL,
  PRIMARY KEY (`x`)
) ENGINE=MyISAM DEFAULT CHARSET=latin1
 PARTITION BY RANGE (`x`)
(PARTITION `p1` VALUES LESS THAN (10) ENGINE = MyISAM,
 PARTITION `p2` VALUES LESS THAN (20) ENGINE = MyISAM,
 PARTITION `p3` VALUES LESS THAN (30) ENGINE = MyISAM,
 PARTITION `p4` VALUES LESS THAN (40) ENGINE = MyISAM,
 PARTITION `p5` VALUES LESS THAN (50) ENGINE = MyISAM,
 PARTITION `pn` VALUES LESS THAN MAXVALUE ENGINE = MyISAM)
SELECT * FROM t1;
x
12
2
22
32
42
52
UNLOCK TABLES;
DROP TABLE t1;
set session debug_dbug=@save_dbug;
set session debug_dbug="+d,fail_extract_partition_4";
create or replace table t1 (x int primary key)
partition by range(x) (
partition p1 values less than (10),
partition p2 values less than (20),
partition p3 values less than (30),
partition p4 values less than (40),
partition p5 values less than (50),
partition pn values less than maxvalue);
insert into t1 values (2), (12), (22), (32), (42), (52);
# d,fail_extract_partition_4: State before failure
db.opt
t1#P#p1.MYD
t1#P#p1.MYI
t1#P#p2.MYD
t1#P#p2.MYI
t1#P#p3.MYD
t1#P#p3.MYI
t1#P#p4.MYD
t1#P#p4.MYI
t1#P#p5.MYD
t1#P#p5.MYI
t1#P#pn.MYD
t1#P#pn.MYI
t1.frm
t1.par
SHOW CREATE TABLE t1;
Table	Create Table
t1	CREATE TABLE `t1` (
  `x` int(11) NOT NULL,
  PRIMARY KEY (`x`)
) ENGINE=MyISAM DEFAULT CHARSET=latin1
 PARTITION BY RANGE (`x`)
(PARTITION `p1` VALUES LESS THAN (10) ENGINE = MyISAM,
 PARTITION `p2` VALUES LESS THAN (20) ENGINE = MyISAM,
 PARTITION `p3` VALUES LESS THAN (30) ENGINE = MyISAM,
 PARTITION `p4` VALUES LESS THAN (40) ENGINE = MyISAM,
 PARTITION `p5` VALUES LESS THAN (50) ENGINE = MyISAM,
 PARTITION `pn` VALUES LESS THAN MAXVALUE ENGINE = MyISAM)
SELECT * FROM t1;
x
12
2
22
32
42
52
alter table t1 extract partition p2 as table tp2;
ERROR HY000: Unknown error
# d,fail_extract_partition_4: State after failure
db.opt
t1#P#p1.MYD
t1#P#p1.MYI
t1#P#p2.MYD
t1#P#p2.MYI
t1#P#p3.MYD
t1#P#p3.MYI
t1#P#p4.MYD
t1#P#p4.MYI
t1#P#p5.MYD
t1#P#p5.MYI
t1#P#pn.MYD
t1#P#pn.MYI
t1.frm
t1.par
SHOW CREATE TABLE t1;
Table	Create Table
t1	CREATE TABLE `t1` (
  `x` int(11) NOT NULL,
  PRIMARY KEY (`x`)
) ENGINE=MyISAM DEFAULT CHARSET=latin1
 PARTITION BY RANGE (`x`)
(PARTITION `p1` VALUES LESS THAN (10) ENGINE = MyISAM,
 PARTITION `p2` VALUES LESS THAN (20) ENGINE = MyISAM,
 PARTITION `p3` VALUES LESS THAN (30) ENGINE = MyISAM,
 PARTITION `p4` VALUES LESS THAN (40) ENGINE = MyISAM,
 PARTITION `p5` VALUES LESS THAN (50) ENGINE = MyISAM,
 PARTITION `pn` VALUES LESS THAN MAXVALUE ENGINE = MyISAM)
SELECT * FROM t1;
x
12
2
22
32
42
52
DROP TABLE t1;
create or replace table t1 (x int primary key)
partition by range(x) (
partition p1 values less than (10),
partition p2 values less than (20),
partition p3 values less than (30),
partition p4 values less than (40),
partition p5 values less than (50),
partition pn values less than maxvalue);
insert into t1 values (2), (12), (22), (32), (42), (52);
# d,fail_extract_partition_4: State before failure (under LOCK TABLE)
db.opt
t1#P#p1.MYD
t1#P#p1.MYI
t1#P#p2.MYD
t1#P#p2.MYI
t1#P#p3.MYD
t1#P#p3.MYI
t1#P#p4.MYD
t1#P#p4.MYI
t1#P#p5.MYD
t1#P#p5.MYI
t1#P#pn.MYD
t1#P#pn.MYI
t1.frm
t1.par
SHOW CREATE TABLE t1;
Table	Create Table
t1	CREATE TABLE `t1` (
  `x` int(11) NOT NULL,
  PRIMARY KEY (`x`)
) ENGINE=MyISAM DEFAULT CHARSET=latin1
 PARTITION BY RANGE (`x`)
(PARTITION `p1` VALUES LESS THAN (10) ENGINE = MyISAM,
 PARTITION `p2` VALUES LESS THAN (20) ENGINE = MyISAM,
 PARTITION `p3` VALUES LESS THAN (30) ENGINE = MyISAM,
 PARTITION `p4` VALUES LESS THAN (40) ENGINE = MyISAM,
 PARTITION `p5` VALUES LESS THAN (50) ENGINE = MyISAM,
 PARTITION `pn` VALUES LESS THAN MAXVALUE ENGINE = MyISAM)
SELECT * FROM t1;
x
12
2
22
32
42
52
LOCK TABLE t1 WRITE;
alter table t1 extract partition p2 as table tp2;
ERROR HY000: Unknown error
# d,fail_extract_partition_4: State after failure (under LOCK TABLE)
db.opt
t1#P#p1.MYD
t1#P#p1.MYI
t1#P#p2.MYD
t1#P#p2.MYI
t1#P#p3.MYD
t1#P#p3.MYI
t1#P#p4.MYD
t1#P#p4.MYI
t1#P#p5.MYD
t1#P#p5.MYI
t1#P#pn.MYD
t1#P#pn.MYI
t1.frm
t1.par
SHOW CREATE TABLE t1;
Table	Create Table
t1	CREATE TABLE `t1` (
  `x` int(11) NOT NULL,
  PRIMARY KEY (`x`)
) ENGINE=MyISAM DEFAULT CHARSET=latin1
 PARTITION BY RANGE (`x`)
(PARTITION `p1` VALUES LESS THAN (10) ENGINE = MyISAM,
 PARTITION `p2` VALUES LESS THAN (20) ENGINE = MyISAM,
 PARTITION `p3` VALUES LESS THAN (30) ENGINE = MyISAM,
 PARTITION `p4` VALUES LESS THAN (40) ENGINE = MyISAM,
 PARTITION `p5` VALUES LESS THAN (50) ENGINE = MyISAM,
 PARTITION `pn` VALUES LESS THAN MAXVALUE ENGINE = MyISAM)
SELECT * FROM t1;
x
12
2
22
32
42
52
UNLOCK TABLES;
DROP TABLE t1;
set session debug_dbug=@save_dbug;
set session debug_dbug="+d,fail_extract_partition_5";
create or replace table t1 (x int primary key)
partition by range(x) (
partition p1 values less than (10),
partition p2 values less than (20),
partition p3 values less than (30),
partition p4 values less than (40),
partition p5 values less than (50),
partition pn values less than maxvalue);
insert into t1 values (2), (12), (22), (32), (42), (52);
# d,fail_extract_partition_5: State before failure
db.opt
t1#P#p1.MYD
t1#P#p1.MYI
t1#P#p2.MYD
t1#P#p2.MYI
t1#P#p3.MYD
t1#P#p3.MYI
t1#P#p4.MYD
t1#P#p4.MYI
t1#P#p5.MYD
t1#P#p5.MYI
t1#P#pn.MYD
t1#P#pn.MYI
t1.frm
t1.par
SHOW CREATE TABLE t1;
Table	Create Table
t1	CREATE TABLE `t1` (
  `x` int(11) NOT NULL,
  PRIMARY KEY (`x`)
) ENGINE=MyISAM DEFAULT CHARSET=latin1
 PARTITION BY RANGE (`x`)
(PARTITION `p1` VALUES LESS THAN (10) ENGINE = MyISAM,
 PARTITION `p2` VALUES LESS THAN (20) ENGINE = MyISAM,
 PARTITION `p3` VALUES LESS THAN (30) ENGINE = MyISAM,
 PARTITION `p4` VALUES LESS THAN (40) ENGINE = MyISAM,
 PARTITION `p5` VALUES LESS THAN (50) ENGINE = MyISAM,
 PARTITION `pn` VALUES LESS THAN MAXVALUE ENGINE = MyISAM)
SELECT * FROM t1;
x
12
2
22
32
42
52
alter table t1 extract partition p2 as table tp2;
ERROR HY000: Unknown error
# d,fail_extract_partition_5: State after failure
db.opt
t1#P#p1.MYD
t1#P#p1.MYI
t1#P#p2.MYD
t1#P#p2.MYI
t1#P#p3.MYD
t1#P#p3.MYI
t1#P#p4.MYD
t1#P#p4.MYI
t1#P#p5.MYD
t1#P#p5.MYI
t1#P#pn.MYD
t1#P#pn.MYI
t1.frm
t1.par
SHOW CREATE TABLE t1;
Table	Create Table
t1	CREATE TABLE `t1` (
  `x` int(11) NOT NULL,
  PRIMARY KEY (`x`)
) ENGINE=MyISAM DEFAULT CHARSET=latin1
 PARTITION BY RANGE (`x`)
(PARTITION `p1` VALUES LESS THAN (10) ENGINE = MyISAM,
 PARTITION `p2` VALUES LESS THAN (20) ENGINE = MyISAM,
 PARTITION `p3` VALUES LESS THAN (30) ENGINE = MyISAM,
 PARTITION `p4` VALUES LESS THAN (40) ENGINE = MyISAM,
 PARTITION `p5` VALUES LESS THAN (50) ENGINE = MyISAM,
 PARTITION `pn` VALUES LESS THAN MAXVALUE ENGINE = MyISAM)
SELECT * FROM t1;
x
12
2
22
32
42
52
DROP TABLE t1;
create or replace table t1 (x int primary key)
partition by range(x) (
partition p1 values less than (10),
partition p2 values less than (20),
partition p3 values less than (30),
partition p4 values less than (40),
partition p5 values less than (50),
partition pn values less than maxvalue);
insert into t1 values (2), (12), (22), (32), (42), (52);
# d,fail_extract_partition_5: State before failure (under LOCK TABLE)
db.opt
t1#P#p1.MYD
t1#P#p1.MYI
t1#P#p2.MYD
t1#P#p2.MYI
t1#P#p3.MYD
t1#P#p3.MYI
t1#P#p4.MYD
t1#P#p4.MYI
t1#P#p5.MYD
t1#P#p5.MYI
t1#P#pn.MYD
t1#P#pn.MYI
t1.frm
t1.par
SHOW CREATE TABLE t1;
Table	Create Table
t1	CREATE TABLE `t1` (
  `x` int(11) NOT NULL,
  PRIMARY KEY (`x`)
) ENGINE=MyISAM DEFAULT CHARSET=latin1
 PARTITION BY RANGE (`x`)
(PARTITION `p1` VALUES LESS THAN (10) ENGINE = MyISAM,
 PARTITION `p2` VALUES LESS THAN (20) ENGINE = MyISAM,
 PARTITION `p3` VALUES LESS THAN (30) ENGINE = MyISAM,
 PARTITION `p4` VALUES LESS THAN (40) ENGINE = MyISAM,
 PARTITION `p5` VALUES LESS THAN (50) ENGINE = MyISAM,
 PARTITION `pn` VALUES LESS THAN MAXVALUE ENGINE = MyISAM)
SELECT * FROM t1;
x
12
2
22
32
42
52
LOCK TABLE t1 WRITE;
alter table t1 extract partition p2 as table tp2;
ERROR HY000: Unknown error
# d,fail_extract_partition_5: State after failure (under LOCK TABLE)
db.opt
t1#P#p1.MYD
t1#P#p1.MYI
t1#P#p2.MYD
t1#P#p2.MYI
t1#P#p3.MYD
t1#P#p3.MYI
t1#P#p4.MYD
t1#P#p4.MYI
t1#P#p5.MYD
t1#P#p5.MYI
t1#P#pn.MYD
t1#P#pn.MYI
t1.frm
t1.par
SHOW CREATE TABLE t1;
Table	Create Table
t1	CREATE TABLE `t1` (
  `x` int(11) NOT NULL,
  PRIMARY KEY (`x`)
) ENGINE=MyISAM DEFAULT CHARSET=latin1
 PARTITION BY RANGE (`x`)
(PARTITION `p1` VALUES LESS THAN (10) ENGINE = MyISAM,
 PARTITION `p2` VALUES LESS THAN (20) ENGINE = MyISAM,
 PARTITION `p3` VALUES LESS THAN (30) ENGINE = MyISAM,
 PARTITION `p4` VALUES LESS THAN (40) ENGINE = MyISAM,
 PARTITION `p5` VALUES LESS THAN (50) ENGINE = MyISAM,
 PARTITION `pn` VALUES LESS THAN MAXVALUE ENGINE = MyISAM)
SELECT * FROM t1;
x
12
2
22
32
42
52
UNLOCK TABLES;
DROP TABLE t1;
set session debug_dbug=@save_dbug;
set session debug_dbug="+d,fail_extract_partition_6";
create or replace table t1 (x int primary key)
partition by range(x) (
partition p1 values less than (10),
partition p2 values less than (20),
partition p3 values less than (30),
partition p4 values less than (40),
partition p5 values less than (50),
partition pn values less than maxvalue);
insert into t1 values (2), (12), (22), (32), (42), (52);
# d,fail_extract_partition_6: State before failure
db.opt
t1#P#p1.MYD
t1#P#p1.MYI
t1#P#p2.MYD
t1#P#p2.MYI
t1#P#p3.MYD
t1#P#p3.MYI
t1#P#p4.MYD
t1#P#p4.MYI
t1#P#p5.MYD
t1#P#p5.MYI
t1#P#pn.MYD
t1#P#pn.MYI
t1.frm
t1.par
SHOW CREATE TABLE t1;
Table	Create Table
t1	CREATE TABLE `t1` (
  `x` int(11) NOT NULL,
  PRIMARY KEY (`x`)
) ENGINE=MyISAM DEFAULT CHARSET=latin1
 PARTITION BY RANGE (`x`)
(PARTITION `p1` VALUES LESS THAN (10) ENGINE = MyISAM,
 PARTITION `p2` VALUES LESS THAN (20) ENGINE = MyISAM,
 PARTITION `p3` VALUES LESS THAN (30) ENGINE = MyISAM,
 PARTITION `p4` VALUES LESS THAN (40) ENGINE = MyISAM,
 PARTITION `p5` VALUES LESS THAN (50) ENGINE = MyISAM,
 PARTITION `pn` VALUES LESS THAN MAXVALUE ENGINE = MyISAM)
SELECT * FROM t1;
x
12
2
22
32
42
52
alter table t1 extract partition p2 as table tp2;
ERROR HY000: Unknown error
# d,fail_extract_partition_6: State after failure
db.opt
t1#P#p1.MYD
t1#P#p1.MYI
t1#P#p2.MYD
t1#P#p2.MYI
t1#P#p3.MYD
t1#P#p3.MYI
t1#P#p4.MYD
t1#P#p4.MYI
t1#P#p5.MYD
t1#P#p5.MYI
t1#P#pn.MYD
t1#P#pn.MYI
t1.frm
t1.par
SHOW CREATE TABLE t1;
Table	Create Table
t1	CREATE TABLE `t1` (
  `x` int(11) NOT NULL,
  PRIMARY KEY (`x`)
) ENGINE=MyISAM DEFAULT CHARSET=latin1
 PARTITION BY RANGE (`x`)
(PARTITION `p1` VALUES LESS THAN (10) ENGINE = MyISAM,
 PARTITION `p2` VALUES LESS THAN (20) ENGINE = MyISAM,
 PARTITION `p3` VALUES LESS THAN (30) ENGINE = MyISAM,
 PARTITION `p4` VALUES LESS THAN (40) ENGINE = MyISAM,
 PARTITION `p5` VALUES LESS THAN (50) ENGINE = MyISAM,
 PARTITION `pn` VALUES LESS THAN MAXVALUE ENGINE = MyISAM)
SELECT * FROM t1;
x
12
2
22
32
42
52
DROP TABLE t1;
create or replace table t1 (x int primary key)
partition by range(x) (
partition p1 values less than (10),
partition p2 values less than (20),
partition p3 values less than (30),
partition p4 values less than (40),
partition p5 values less than (50),
partition pn values less than maxvalue);
insert into t1 values (2), (12), (22), (32), (42), (52);
# d,fail_extract_partition_6: State before failure (under LOCK TABLE)
db.opt
t1#P#p1.MYD
t1#P#p1.MYI
t1#P#p2.MYD
t1#P#p2.MYI
t1#P#p3.MYD
t1#P#p3.MYI
t1#P#p4.MYD
t1#P#p4.MYI
t1#P#p5.MYD
t1#P#p5.MYI
t1#P#pn.MYD
t1#P#pn.MYI
t1.frm
t1.par
SHOW CREATE TABLE t1;
Table	Create Table
t1	CREATE TABLE `t1` (
  `x` int(11) NOT NULL,
  PRIMARY KEY (`x`)
) ENGINE=MyISAM DEFAULT CHARSET=latin1
 PARTITION BY RANGE (`x`)
(PARTITION `p1` VALUES LESS THAN (10) ENGINE = MyISAM,
 PARTITION `p2` VALUES LESS THAN (20) ENGINE = MyISAM,
 PARTITION `p3` VALUES LESS THAN (30) ENGINE = MyISAM,
 PARTITION `p4` VALUES LESS THAN (40) ENGINE = MyISAM,
 PARTITION `p5` VALUES LESS THAN (50) ENGINE = MyISAM,
 PARTITION `pn` VALUES LESS THAN MAXVALUE ENGINE = MyISAM)
SELECT * FROM t1;
x
12
2
22
32
42
52
LOCK TABLE t1 WRITE;
alter table t1 extract partition p2 as table tp2;
ERROR HY000: Unknown error
# d,fail_extract_partition_6: State after failure (under LOCK TABLE)
db.opt
t1#P#p1.MYD
t1#P#p1.MYI
t1#P#p2.MYD
t1#P#p2.MYI
t1#P#p3.MYD
t1#P#p3.MYI
t1#P#p4.MYD
t1#P#p4.MYI
t1#P#p5.MYD
t1#P#p5.MYI
t1#P#pn.MYD
t1#P#pn.MYI
t1.frm
t1.par
SHOW CREATE TABLE t1;
Table	Create Table
t1	CREATE TABLE `t1` (
  `x` int(11) NOT NULL,
  PRIMARY KEY (`x`)
) ENGINE=MyISAM DEFAULT CHARSET=latin1
 PARTITION BY RANGE (`x`)
(PARTITION `p1` VALUES LESS THAN (10) ENGINE = MyISAM,
 PARTITION `p2` VALUES LESS THAN (20) ENGINE = MyISAM,
 PARTITION `p3` VALUES LESS THAN (30) ENGINE = MyISAM,
 PARTITION `p4` VALUES LESS THAN (40) ENGINE = MyISAM,
 PARTITION `p5` VALUES LESS THAN (50) ENGINE = MyISAM,
 PARTITION `pn` VALUES LESS THAN MAXVALUE ENGINE = MyISAM)
SELECT * FROM t1;
x
12
2
22
32
42
52
UNLOCK TABLES;
DROP TABLE t1;
set session debug_dbug=@save_dbug;
set session debug_dbug="+d,fail_extract_partition_7";
create or replace table t1 (x int primary key)
partition by range(x) (
partition p1 values less than (10),
partition p2 values less than (20),
partition p3 values less than (30),
partition p4 values less than (40),
partition p5 values less than (50),
partition pn values less than maxvalue);
insert into t1 values (2), (12), (22), (32), (42), (52);
# d,fail_extract_partition_7: State before failure
db.opt
t1#P#p1.MYD
t1#P#p1.MYI
t1#P#p2.MYD
t1#P#p2.MYI
t1#P#p3.MYD
t1#P#p3.MYI
t1#P#p4.MYD
t1#P#p4.MYI
t1#P#p5.MYD
t1#P#p5.MYI
t1#P#pn.MYD
t1#P#pn.MYI
t1.frm
t1.par
SHOW CREATE TABLE t1;
Table	Create Table
t1	CREATE TABLE `t1` (
  `x` int(11) NOT NULL,
  PRIMARY KEY (`x`)
) ENGINE=MyISAM DEFAULT CHARSET=latin1
 PARTITION BY RANGE (`x`)
(PARTITION `p1` VALUES LESS THAN (10) ENGINE = MyISAM,
 PARTITION `p2` VALUES LESS THAN (20) ENGINE = MyISAM,
 PARTITION `p3` VALUES LESS THAN (30) ENGINE = MyISAM,
 PARTITION `p4` VALUES LESS THAN (40) ENGINE = MyISAM,
 PARTITION `p5` VALUES LESS THAN (50) ENGINE = MyISAM,
 PARTITION `pn` VALUES LESS THAN MAXVALUE ENGINE = MyISAM)
SELECT * FROM t1;
x
12
2
22
32
42
52
alter table t1 extract partition p2 as table tp2;
ERROR HY000: Unknown error
# d,fail_extract_partition_7: State after failure
db.opt
t1#P#p1.MYD
t1#P#p1.MYI
t1#P#p2.MYD
t1#P#p2.MYI
t1#P#p3.MYD
t1#P#p3.MYI
t1#P#p4.MYD
t1#P#p4.MYI
t1#P#p5.MYD
t1#P#p5.MYI
t1#P#pn.MYD
t1#P#pn.MYI
t1.frm
t1.par
SHOW CREATE TABLE t1;
Table	Create Table
t1	CREATE TABLE `t1` (
  `x` int(11) NOT NULL,
  PRIMARY KEY (`x`)
) ENGINE=MyISAM DEFAULT CHARSET=latin1
 PARTITION BY RANGE (`x`)
(PARTITION `p1` VALUES LESS THAN (10) ENGINE = MyISAM,
 PARTITION `p2` VALUES LESS THAN (20) ENGINE = MyISAM,
 PARTITION `p3` VALUES LESS THAN (30) ENGINE = MyISAM,
 PARTITION `p4` VALUES LESS THAN (40) ENGINE = MyISAM,
 PARTITION `p5` VALUES LESS THAN (50) ENGINE = MyISAM,
 PARTITION `pn` VALUES LESS THAN MAXVALUE ENGINE = MyISAM)
SELECT * FROM t1;
x
12
2
22
32
42
52
DROP TABLE t1;
create or replace table t1 (x int primary key)
partition by range(x) (
partition p1 values less than (10),
partition p2 values less than (20),
partition p3 values less than (30),
partition p4 values less than (40),
partition p5 values less than (50),
partition pn values less than maxvalue);
insert into t1 values (2), (12), (22), (32), (42), (52);
# d,fail_extract_partition_7: State before failure (under LOCK TABLE)
db.opt
t1#P#p1.MYD
t1#P#p1.MYI
t1#P#p2.MYD
t1#P#p2.MYI
t1#P#p3.MYD
t1#P#p3.MYI
t1#P#p4.MYD
t1#P#p4.MYI
t1#P#p5.MYD
t1#P#p5.MYI
t1#P#pn.MYD
t1#P#pn.MYI
t1.frm
t1.par
SHOW CREATE TABLE t1;
Table	Create Table
t1	CREATE TABLE `t1` (
  `x` int(11) NOT NULL,
  PRIMARY KEY (`x`)
) ENGINE=MyISAM DEFAULT CHARSET=latin1
 PARTITION BY RANGE (`x`)
(PARTITION `p1` VALUES LESS THAN (10) ENGINE = MyISAM,
 PARTITION `p2` VALUES LESS THAN (20) ENGINE = MyISAM,
 PARTITION `p3` VALUES LESS THAN (30) ENGINE = MyISAM,
 PARTITION `p4` VALUES LESS THAN (40) ENGINE = MyISAM,
 PARTITION `p5` VALUES LESS THAN (50) ENGINE = MyISAM,
 PARTITION `pn` VALUES LESS THAN MAXVALUE ENGINE = MyISAM)
SELECT * FROM t1;
x
12
2
22
32
42
52
LOCK TABLE t1 WRITE;
alter table t1 extract partition p2 as table tp2;
ERROR HY000: Unknown error
# d,fail_extract_partition_7: State after failure (under LOCK TABLE)
db.opt
t1#P#p1.MYD
t1#P#p1.MYI
t1#P#p2.MYD
t1#P#p2.MYI
t1#P#p3.MYD
t1#P#p3.MYI
t1#P#p4.MYD
t1#P#p4.MYI
t1#P#p5.MYD
t1#P#p5.MYI
t1#P#pn.MYD
t1#P#pn.MYI
t1.frm
t1.par
SHOW CREATE TABLE t1;
Table	Create Table
t1	CREATE TABLE `t1` (
  `x` int(11) NOT NULL,
  PRIMARY KEY (`x`)
) ENGINE=MyISAM DEFAULT CHARSET=latin1
 PARTITION BY RANGE (`x`)
(PARTITION `p1` VALUES LESS THAN (10) ENGINE = MyISAM,
 PARTITION `p2` VALUES LESS THAN (20) ENGINE = MyISAM,
 PARTITION `p3` VALUES LESS THAN (30) ENGINE = MyISAM,
 PARTITION `p4` VALUES LESS THAN (40) ENGINE = MyISAM,
 PARTITION `p5` VALUES LESS THAN (50) ENGINE = MyISAM,
 PARTITION `pn` VALUES LESS THAN MAXVALUE ENGINE = MyISAM)
SELECT * FROM t1;
x
12
2
22
32
42
52
UNLOCK TABLES;
DROP TABLE t1;
set session debug_dbug=@save_dbug;
set session debug_dbug="+d,fail_extract_partition_8";
create or replace table t1 (x int primary key)
partition by range(x) (
partition p1 values less than (10),
partition p2 values less than (20),
partition p3 values less than (30),
partition p4 values less than (40),
partition p5 values less than (50),
partition pn values less than maxvalue);
insert into t1 values (2), (12), (22), (32), (42), (52);
# d,fail_extract_partition_8: State before failure
db.opt
t1#P#p1.MYD
t1#P#p1.MYI
t1#P#p2.MYD
t1#P#p2.MYI
t1#P#p3.MYD
t1#P#p3.MYI
t1#P#p4.MYD
t1#P#p4.MYI
t1#P#p5.MYD
t1#P#p5.MYI
t1#P#pn.MYD
t1#P#pn.MYI
t1.frm
t1.par
SHOW CREATE TABLE t1;
Table	Create Table
t1	CREATE TABLE `t1` (
  `x` int(11) NOT NULL,
  PRIMARY KEY (`x`)
) ENGINE=MyISAM DEFAULT CHARSET=latin1
 PARTITION BY RANGE (`x`)
(PARTITION `p1` VALUES LESS THAN (10) ENGINE = MyISAM,
 PARTITION `p2` VALUES LESS THAN (20) ENGINE = MyISAM,
 PARTITION `p3` VALUES LESS THAN (30) ENGINE = MyISAM,
 PARTITION `p4` VALUES LESS THAN (40) ENGINE = MyISAM,
 PARTITION `p5` VALUES LESS THAN (50) ENGINE = MyISAM,
 PARTITION `pn` VALUES LESS THAN MAXVALUE ENGINE = MyISAM)
SELECT * FROM t1;
x
12
2
22
32
42
52
alter table t1 extract partition p2 as table tp2;
ERROR HY000: Unknown error
# d,fail_extract_partition_8: State after failure
db.opt
t1#P#p1.MYD
t1#P#p1.MYI
t1#P#p2.MYD
t1#P#p2.MYI
t1#P#p3.MYD
t1#P#p3.MYI
t1#P#p4.MYD
t1#P#p4.MYI
t1#P#p5.MYD
t1#P#p5.MYI
t1#P#pn.MYD
t1#P#pn.MYI
t1.frm
t1.par
SHOW CREATE TABLE t1;
Table	Create Table
t1	CREATE TABLE `t1` (
  `x` int(11) NOT NULL,
  PRIMARY KEY (`x`)
) ENGINE=MyISAM DEFAULT CHARSET=latin1
 PARTITION BY RANGE (`x`)
(PARTITION `p1` VALUES LESS THAN (10) ENGINE = MyISAM,
 PARTITION `p2` VALUES LESS THAN (20) ENGINE = MyISAM,
 PARTITION `p3` VALUES LESS THAN (30) ENGINE = MyISAM,
 PARTITION `p4` VALUES LESS THAN (40) ENGINE = MyISAM,
 PARTITION `p5` VALUES LESS THAN (50) ENGINE = MyISAM,
 PARTITION `pn` VALUES LESS THAN MAXVALUE ENGINE = MyISAM)
SELECT * FROM t1;
x
12
2
22
32
42
52
DROP TABLE t1;
create or replace table t1 (x int primary key)
partition by range(x) (
partition p1 values less than (10),
partition p2 values less than (20),
partition p3 values less than (30),
partition p4 values less than (40),
partition p5 values less than (50),
partition pn values less than maxvalue);
insert into t1 values (2), (12), (22), (32), (42), (52);
# d,fail_extract_partition_8: State before failure (under LOCK TABLE)
db.opt
t1#P#p1.MYD
t1#P#p1.MYI
t1#P#p2.MYD
t1#P#p2.MYI
t1#P#p3.MYD
t1#P#p3.MYI
t1#P#p4.MYD
t1#P#p4.MYI
t1#P#p5.MYD
t1#P#p5.MYI
t1#P#pn.MYD
t1#P#pn.MYI
t1.frm
t1.par
SHOW CREATE TABLE t1;
Table	Create Table
t1	CREATE TABLE `t1` (
  `x` int(11) NOT NULL,
  PRIMARY KEY (`x`)
) ENGINE=MyISAM DEFAULT CHARSET=latin1
 PARTITION BY RANGE (`x`)
(PARTITION `p1` VALUES LESS THAN (10) ENGINE = MyISAM,
 PARTITION `p2` VALUES LESS THAN (20) ENGINE = MyISAM,
 PARTITION `p3` VALUES LESS THAN (30) ENGINE = MyISAM,
 PARTITION `p4` VALUES LESS THAN (40) ENGINE = MyISAM,
 PARTITION `p5` VALUES LESS THAN (50) ENGINE = MyISAM,
 PARTITION `pn` VALUES LESS THAN MAXVALUE ENGINE = MyISAM)
SELECT * FROM t1;
x
12
2
22
32
42
52
LOCK TABLE t1 WRITE;
alter table t1 extract partition p2 as table tp2;
ERROR HY000: Unknown error
# d,fail_extract_partition_8: State after failure (under LOCK TABLE)
db.opt
t1#P#p1.MYD
t1#P#p1.MYI
t1#P#p2.MYD
t1#P#p2.MYI
t1#P#p3.MYD
t1#P#p3.MYI
t1#P#p4.MYD
t1#P#p4.MYI
t1#P#p5.MYD
t1#P#p5.MYI
t1#P#pn.MYD
t1#P#pn.MYI
t1.frm
t1.par
SHOW CREATE TABLE t1;
Table	Create Table
t1	CREATE TABLE `t1` (
  `x` int(11) NOT NULL,
  PRIMARY KEY (`x`)
) ENGINE=MyISAM DEFAULT CHARSET=latin1
 PARTITION BY RANGE (`x`)
(PARTITION `p1` VALUES LESS THAN (10) ENGINE = MyISAM,
 PARTITION `p2` VALUES LESS THAN (20) ENGINE = MyISAM,
 PARTITION `p3` VALUES LESS THAN (30) ENGINE = MyISAM,
 PARTITION `p4` VALUES LESS THAN (40) ENGINE = MyISAM,
 PARTITION `p5` VALUES LESS THAN (50) ENGINE = MyISAM,
 PARTITION `pn` VALUES LESS THAN MAXVALUE ENGINE = MyISAM)
SELECT * FROM t1;
x
12
2
22
32
42
52
UNLOCK TABLES;
DROP TABLE t1;
set session debug_dbug=@save_dbug;
set session debug_dbug="+d,fail_extract_partition_9";
# Already finished DDL logging, so tp2 now exists:
create or replace table t1 (x int primary key)
partition by range(x) (
partition p1 values less than (10),
partition p2 values less than (20),
partition p3 values less than (30),
partition p4 values less than (40),
partition p5 values less than (50),
partition pn values less than maxvalue);
insert into t1 values (2), (12), (22), (32), (42), (52);
# d,fail_extract_partition_9: State before failure
db.opt
t1#P#p1.MYD
t1#P#p1.MYI
t1#P#p2.MYD
t1#P#p2.MYI
t1#P#p3.MYD
t1#P#p3.MYI
t1#P#p4.MYD
t1#P#p4.MYI
t1#P#p5.MYD
t1#P#p5.MYI
t1#P#pn.MYD
t1#P#pn.MYI
t1.frm
t1.par
SHOW CREATE TABLE t1;
Table	Create Table
t1	CREATE TABLE `t1` (
  `x` int(11) NOT NULL,
  PRIMARY KEY (`x`)
) ENGINE=MyISAM DEFAULT CHARSET=latin1
 PARTITION BY RANGE (`x`)
(PARTITION `p1` VALUES LESS THAN (10) ENGINE = MyISAM,
 PARTITION `p2` VALUES LESS THAN (20) ENGINE = MyISAM,
 PARTITION `p3` VALUES LESS THAN (30) ENGINE = MyISAM,
 PARTITION `p4` VALUES LESS THAN (40) ENGINE = MyISAM,
 PARTITION `p5` VALUES LESS THAN (50) ENGINE = MyISAM,
 PARTITION `pn` VALUES LESS THAN MAXVALUE ENGINE = MyISAM)
SELECT * FROM t1;
x
12
2
22
32
42
52
alter table t1 extract partition p2 as table tp2;
ERROR HY000: Unknown error
# d,fail_extract_partition_9: State after failure
db.opt
t1#P#p1.MYD
t1#P#p1.MYI
t1#P#p3.MYD
t1#P#p3.MYI
t1#P#p4.MYD
t1#P#p4.MYI
t1#P#p5.MYD
t1#P#p5.MYI
t1#P#pn.MYD
t1#P#pn.MYI
t1.frm
t1.par
tp2.MYD
tp2.MYI
tp2.frm
SHOW CREATE TABLE t1;
Table	Create Table
t1	CREATE TABLE `t1` (
  `x` int(11) NOT NULL,
  PRIMARY KEY (`x`)
) ENGINE=MyISAM DEFAULT CHARSET=latin1
 PARTITION BY RANGE (`x`)
(PARTITION `p1` VALUES LESS THAN (10) ENGINE = MyISAM,
 PARTITION `p3` VALUES LESS THAN (30) ENGINE = MyISAM,
 PARTITION `p4` VALUES LESS THAN (40) ENGINE = MyISAM,
 PARTITION `p5` VALUES LESS THAN (50) ENGINE = MyISAM,
 PARTITION `pn` VALUES LESS THAN MAXVALUE ENGINE = MyISAM)
SELECT * FROM t1;
x
2
22
32
42
52
DROP TABLE t1;
create or replace table t1 (x int primary key)
partition by range(x) (
partition p1 values less than (10),
partition p2 values less than (20),
partition p3 values less than (30),
partition p4 values less than (40),
partition p5 values less than (50),
partition pn values less than maxvalue);
insert into t1 values (2), (12), (22), (32), (42), (52);
# d,fail_extract_partition_9: State before failure (under LOCK TABLE)
db.opt
t1#P#p1.MYD
t1#P#p1.MYI
t1#P#p2.MYD
t1#P#p2.MYI
t1#P#p3.MYD
t1#P#p3.MYI
t1#P#p4.MYD
t1#P#p4.MYI
t1#P#p5.MYD
t1#P#p5.MYI
t1#P#pn.MYD
t1#P#pn.MYI
t1.frm
t1.par
tp2.MYD
tp2.MYI
tp2.frm
SHOW CREATE TABLE t1;
Table	Create Table
t1	CREATE TABLE `t1` (
  `x` int(11) NOT NULL,
  PRIMARY KEY (`x`)
) ENGINE=MyISAM DEFAULT CHARSET=latin1
 PARTITION BY RANGE (`x`)
(PARTITION `p1` VALUES LESS THAN (10) ENGINE = MyISAM,
 PARTITION `p2` VALUES LESS THAN (20) ENGINE = MyISAM,
 PARTITION `p3` VALUES LESS THAN (30) ENGINE = MyISAM,
 PARTITION `p4` VALUES LESS THAN (40) ENGINE = MyISAM,
 PARTITION `p5` VALUES LESS THAN (50) ENGINE = MyISAM,
 PARTITION `pn` VALUES LESS THAN MAXVALUE ENGINE = MyISAM)
SELECT * FROM t1;
x
12
2
22
32
42
52
LOCK TABLE t1 WRITE;
alter table t1 extract partition p2 as table tp2;
ERROR 42S01: Table 'tp2' already exists
# d,fail_extract_partition_9: State after failure (under LOCK TABLE)
db.opt
t1#P#p1.MYD
t1#P#p1.MYI
t1#P#p2.MYD
t1#P#p2.MYI
t1#P#p3.MYD
t1#P#p3.MYI
t1#P#p4.MYD
t1#P#p4.MYI
t1#P#p5.MYD
t1#P#p5.MYI
t1#P#pn.MYD
t1#P#pn.MYI
t1.frm
t1.par
tp2.MYD
tp2.MYI
tp2.frm
SHOW CREATE TABLE t1;
Table	Create Table
t1	CREATE TABLE `t1` (
  `x` int(11) NOT NULL,
  PRIMARY KEY (`x`)
) ENGINE=MyISAM DEFAULT CHARSET=latin1
 PARTITION BY RANGE (`x`)
(PARTITION `p1` VALUES LESS THAN (10) ENGINE = MyISAM,
 PARTITION `p2` VALUES LESS THAN (20) ENGINE = MyISAM,
 PARTITION `p3` VALUES LESS THAN (30) ENGINE = MyISAM,
 PARTITION `p4` VALUES LESS THAN (40) ENGINE = MyISAM,
 PARTITION `p5` VALUES LESS THAN (50) ENGINE = MyISAM,
 PARTITION `pn` VALUES LESS THAN MAXVALUE ENGINE = MyISAM)
SELECT * FROM t1;
x
12
2
22
32
42
52
UNLOCK TABLES;
DROP TABLE t1;
set session debug_dbug=@save_dbug;
show create table tp2;
Table	Create Table
tp2	CREATE TABLE `tp2` (
  `x` int(11) NOT NULL,
  PRIMARY KEY (`x`)
) ENGINE=MyISAM DEFAULT CHARSET=latin1
select * from tp2;
x
12
drop table tp2;
