SET @debug_ref_cursor=TRUE;
SET sql_mode=ORACLE;
#
# MDEV-10152 Add support for TYPE .. IS REF CURSOR
#
CREATE PROCEDURE p0 AS
BEGIN
IF @debug_ref_cursor IS TRUE
THEN
EXECUTE IMMEDIATE 'SHOW PROCEDURE CODE p1';
END IF;
CALL p1;
END;
$$
CREATE TABLE t1 (a INT, b VARCHAR(10));
INSERT INTO t1 VALUES (1,'b1');
CREATE PROCEDURE p1 IS
/*empty*/
/*empty*/
TYPE cur_t IS REF CURSOR RETURN t1%ROWTYPE;
c0 cur_t;
v0a INT;
v0b VARCHAR(10);
v0c VARCHAR(10);
BEGIN
OPEN c0 FOR SELECT * FROM t1;
FETCH c0 INTO v0a, v0b, v0c;
END;
$$
CALL p0;
Pos	Instruction
0	set c0@0 NULL
1	set _child_0@1 NULL
2	set v0a@2 NULL
3	set v0b@3 NULL
4	set v0c@4 NULL
5	copen STMT.cursor[c0@0] return _child_0@1
6	cfetch STMT.cursor[c0@0] _child_0@1
7	set (v0a@2,v0b@3,v0c@4) _child_0@1
8	destruct sys_refcursor c0@0
ERROR HY000: Illegal parameter data types row<2> and row<3> for operation 'FETCH..INTO'
DROP PROCEDURE p1;
DROP TABLE t1;
CREATE TABLE t1 (a INT, b VARCHAR(10));
INSERT INTO t1 VALUES (1,'b1');
CREATE PROCEDURE p1 IS
/*empty*/
/*empty*/
TYPE cur_t IS REF CURSOR RETURN t1%ROWTYPE;
c0 cur_t;
v0a INT;
BEGIN
OPEN c0 FOR SELECT * FROM t1;
FETCH c0 INTO v0a;
END;
$$
CALL p0;
Pos	Instruction
0	set c0@0 NULL
1	set _child_0@1 NULL
2	set v0a@2 NULL
3	copen STMT.cursor[c0@0] return _child_0@1
4	cfetch STMT.cursor[c0@0] _child_0@1
5	set (v0a@2) _child_0@1
6	destruct sys_refcursor c0@0
ERROR HY000: Illegal parameter data types row<2> and row<1> for operation 'FETCH..INTO'
DROP PROCEDURE p1;
DROP TABLE t1;
CREATE TABLE t1 (a INT);
INSERT INTO t1 VALUES (1);
CREATE PROCEDURE p1 IS
/*empty*/
/*empty*/
TYPE cur_t IS REF CURSOR RETURN t1%ROWTYPE;
c0 cur_t;
v0a INT;
v0b INT;
BEGIN
OPEN c0 FOR SELECT * FROM t1;
FETCH c0 INTO v0a, v0b;
END;
$$
CALL p0;
Pos	Instruction
0	set c0@0 NULL
1	set _child_0@1 NULL
2	set v0a@2 NULL
3	set v0b@3 NULL
4	copen STMT.cursor[c0@0] return _child_0@1
5	cfetch STMT.cursor[c0@0] _child_0@1
6	set (v0a@2,v0b@3) _child_0@1
7	destruct sys_refcursor c0@0
ERROR HY000: Illegal parameter data types row<1> and row<2> for operation 'FETCH..INTO'
DROP PROCEDURE p1;
DROP TABLE t1;
DROP PROCEDURE p0;
CREATE PROCEDURE p0 AS
BEGIN
IF @debug_ref_cursor IS TRUE
THEN
EXECUTE IMMEDIATE 'SHOW PROCEDURE CODE p1';
END IF;
CALL p1;
END;
$$
CREATE TABLE t1 (a INT, b VARCHAR(10));
INSERT INTO t1 VALUES (1,'b1');
CREATE PROCEDURE p1 IS
/*empty*/
var_sample t1%ROWTYPE;
TYPE cur_t IS REF CURSOR RETURN var_sample%TYPE;
c0 cur_t;
v0a INT;
v0b VARCHAR(10);
v0c VARCHAR(10);
BEGIN
OPEN c0 FOR SELECT * FROM t1;
FETCH c0 INTO v0a, v0b, v0c;
END;
$$
CALL p0;
Pos	Instruction
0	set var_sample@0 NULL
1	set c0@1 NULL
2	set _child_1@2 NULL
3	set v0a@3 NULL
4	set v0b@4 NULL
5	set v0c@5 NULL
6	copen STMT.cursor[c0@1] return _child_1@2
7	cfetch STMT.cursor[c0@1] _child_1@2
8	set (v0a@3,v0b@4,v0c@5) _child_1@2
9	destruct sys_refcursor c0@1
ERROR HY000: Illegal parameter data types row<2> and row<3> for operation 'FETCH..INTO'
DROP PROCEDURE p1;
DROP TABLE t1;
CREATE TABLE t1 (a INT, b VARCHAR(10));
INSERT INTO t1 VALUES (1,'b1');
CREATE PROCEDURE p1 IS
/*empty*/
var_sample t1%ROWTYPE;
TYPE cur_t IS REF CURSOR RETURN var_sample%TYPE;
c0 cur_t;
v0a INT;
BEGIN
OPEN c0 FOR SELECT * FROM t1;
FETCH c0 INTO v0a;
END;
$$
CALL p0;
Pos	Instruction
0	set var_sample@0 NULL
1	set c0@1 NULL
2	set _child_1@2 NULL
3	set v0a@3 NULL
4	copen STMT.cursor[c0@1] return _child_1@2
5	cfetch STMT.cursor[c0@1] _child_1@2
6	set (v0a@3) _child_1@2
7	destruct sys_refcursor c0@1
ERROR HY000: Illegal parameter data types row<2> and row<1> for operation 'FETCH..INTO'
DROP PROCEDURE p1;
DROP TABLE t1;
CREATE TABLE t1 (a INT);
INSERT INTO t1 VALUES (1);
CREATE PROCEDURE p1 IS
/*empty*/
var_sample t1%ROWTYPE;
TYPE cur_t IS REF CURSOR RETURN var_sample%TYPE;
c0 cur_t;
v0a INT;
v0b INT;
BEGIN
OPEN c0 FOR SELECT * FROM t1;
FETCH c0 INTO v0a, v0b;
END;
$$
CALL p0;
Pos	Instruction
0	set var_sample@0 NULL
1	set c0@1 NULL
2	set _child_1@2 NULL
3	set v0a@3 NULL
4	set v0b@4 NULL
5	copen STMT.cursor[c0@1] return _child_1@2
6	cfetch STMT.cursor[c0@1] _child_1@2
7	set (v0a@3,v0b@4) _child_1@2
8	destruct sys_refcursor c0@1
ERROR HY000: Illegal parameter data types row<1> and row<2> for operation 'FETCH..INTO'
DROP PROCEDURE p1;
DROP TABLE t1;
DROP PROCEDURE p0;
