SET @debug_ref_cursor=TRUE;
SET sql_mode=ORACLE;
#
# MDEV-10152 Add support for TYPE .. IS REF CURSOR
#
CREATE PROCEDURE p0 AS
BEGIN
IF @debug_ref_cursor IS TRUE
THEN
EXECUTE IMMEDIATE 'SHOW PROCEDURE CODE p1';
END IF;
CALL p1;
END;
$$
CREATE TABLE t1 (a INT, b VARCHAR(10));
INSERT INTO t1 VALUES (1,'b1');
CREATE PROCEDURE p1 IS
CURSOR cursor_sample1 IS SELECT * FROM t1;
/*empty*/
TYPE cur_t IS REF CURSOR RETURN cursor_sample1%ROWTYPE;
c0 cur_t;
v0a INT;
v0b VARCHAR(10);
v0c VARCHAR(10);
BEGIN
OPEN c0 FOR SELECT * FROM t1;
FETCH c0 INTO v0a, v0b, v0c;
END;
$$
CALL p0;
Pos	Instruction
0	set c0@0 NULL
1	cursor_copy_struct cursor_sample1 _friend_var_0@1
2	set _friend_var_0@1 NULL
3	set v0a@2 NULL
4	set v0b@3 NULL
5	set v0c@4 NULL
6	cpush cursor_sample1@0
7	cursor_copy_struct cursor_sample1 _cursor_open_tmp_var@5
8	set _cursor_open_tmp_var@5 NULL
9	copen STMT.cursor[c0@0]
10	cursor_copy_struct cursor_sample1 _cursor_fetch_tmp_var@6
11	set _cursor_fetch_tmp_var@6 NULL
12	cfetch STMT.cursor[c0@0] _cursor_fetch_tmp_var@6
13	set (v0a@2,v0b@3,v0c@4) _cursor_fetch_tmp_var@6
14	cpop 1
15	destruct sys_refcursor c0@0
ERROR HY000: Illegal parameter data types ROW<2> and ROW<3> for operation 'FETCH..INTO'
DROP PROCEDURE p1;
DROP TABLE t1;
CREATE TABLE t1 (a INT, b VARCHAR(10));
INSERT INTO t1 VALUES (1,'b1');
CREATE PROCEDURE p1 IS
CURSOR cursor_sample1 IS SELECT * FROM t1;
/*empty*/
TYPE cur_t IS REF CURSOR RETURN cursor_sample1%ROWTYPE;
c0 cur_t;
v0a INT;
BEGIN
OPEN c0 FOR SELECT * FROM t1;
FETCH c0 INTO v0a;
END;
$$
CALL p0;
Pos	Instruction
0	set c0@0 NULL
1	cursor_copy_struct cursor_sample1 _friend_var_0@1
2	set _friend_var_0@1 NULL
3	set v0a@2 NULL
4	cpush cursor_sample1@0
5	cursor_copy_struct cursor_sample1 _cursor_open_tmp_var@3
6	set _cursor_open_tmp_var@3 NULL
7	copen STMT.cursor[c0@0]
8	cursor_copy_struct cursor_sample1 _cursor_fetch_tmp_var@4
9	set _cursor_fetch_tmp_var@4 NULL
10	cfetch STMT.cursor[c0@0] _cursor_fetch_tmp_var@4
11	set (v0a@2) _cursor_fetch_tmp_var@4
12	cpop 1
13	destruct sys_refcursor c0@0
ERROR HY000: Illegal parameter data types ROW<2> and ROW<1> for operation 'FETCH..INTO'
DROP PROCEDURE p1;
DROP TABLE t1;
CREATE TABLE t1 (a INT);
INSERT INTO t1 VALUES (1);
CREATE PROCEDURE p1 IS
CURSOR cursor_sample1 IS SELECT * FROM t1;
/*empty*/
TYPE cur_t IS REF CURSOR RETURN cursor_sample1%ROWTYPE;
c0 cur_t;
v0a INT;
v0b INT;
BEGIN
OPEN c0 FOR SELECT * FROM t1;
FETCH c0 INTO v0a, v0b;
END;
$$
CALL p0;
Pos	Instruction
0	set c0@0 NULL
1	cursor_copy_struct cursor_sample1 _friend_var_0@1
2	set _friend_var_0@1 NULL
3	set v0a@2 NULL
4	set v0b@3 NULL
5	cpush cursor_sample1@0
6	cursor_copy_struct cursor_sample1 _cursor_open_tmp_var@4
7	set _cursor_open_tmp_var@4 NULL
8	copen STMT.cursor[c0@0]
9	cursor_copy_struct cursor_sample1 _cursor_fetch_tmp_var@5
10	set _cursor_fetch_tmp_var@5 NULL
11	cfetch STMT.cursor[c0@0] _cursor_fetch_tmp_var@5
12	set (v0a@2,v0b@3) _cursor_fetch_tmp_var@5
13	cpop 1
14	destruct sys_refcursor c0@0
ERROR HY000: Illegal parameter data types ROW<1> and ROW<2> for operation 'FETCH..INTO'
DROP PROCEDURE p1;
DROP TABLE t1;
DROP PROCEDURE p0;
CREATE PROCEDURE p0 AS
BEGIN
IF @debug_ref_cursor IS TRUE
THEN
EXECUTE IMMEDIATE 'SHOW PROCEDURE CODE p1';
END IF;
CALL p1;
END;
$$
CREATE TABLE t1 (a INT, b VARCHAR(10));
INSERT INTO t1 VALUES (1,'b1');
CREATE PROCEDURE p1 IS
CURSOR cursor_sample IS SELECT * FROM t1;
var_sample cursor_sample%ROWTYPE;
TYPE cur_t IS REF CURSOR RETURN var_sample%TYPE;
c0 cur_t;
v0a INT;
v0b VARCHAR(10);
v0c VARCHAR(10);
BEGIN
OPEN c0 FOR SELECT * FROM t1;
FETCH c0 INTO v0a, v0b, v0c;
END;
$$
CALL p0;
Pos	Instruction
0	cursor_copy_struct cursor_sample var_sample@0
1	set var_sample@0 NULL
2	set c0@1 NULL
3	cursor_copy_struct cursor_sample _friend_var_1@2
4	set _friend_var_1@2 NULL
5	set v0a@3 NULL
6	set v0b@4 NULL
7	set v0c@5 NULL
8	cpush cursor_sample@0
9	cursor_copy_struct cursor_sample _cursor_open_tmp_var@6
10	set _cursor_open_tmp_var@6 NULL
11	copen STMT.cursor[c0@1]
12	cursor_copy_struct cursor_sample _cursor_fetch_tmp_var@7
13	set _cursor_fetch_tmp_var@7 NULL
14	cfetch STMT.cursor[c0@1] _cursor_fetch_tmp_var@7
15	set (v0a@3,v0b@4,v0c@5) _cursor_fetch_tmp_var@7
16	cpop 1
17	destruct sys_refcursor c0@1
ERROR HY000: Illegal parameter data types ROW<2> and ROW<3> for operation 'FETCH..INTO'
DROP PROCEDURE p1;
DROP TABLE t1;
CREATE TABLE t1 (a INT, b VARCHAR(10));
INSERT INTO t1 VALUES (1,'b1');
CREATE PROCEDURE p1 IS
CURSOR cursor_sample IS SELECT * FROM t1;
var_sample cursor_sample%ROWTYPE;
TYPE cur_t IS REF CURSOR RETURN var_sample%TYPE;
c0 cur_t;
v0a INT;
BEGIN
OPEN c0 FOR SELECT * FROM t1;
FETCH c0 INTO v0a;
END;
$$
CALL p0;
Pos	Instruction
0	cursor_copy_struct cursor_sample var_sample@0
1	set var_sample@0 NULL
2	set c0@1 NULL
3	cursor_copy_struct cursor_sample _friend_var_1@2
4	set _friend_var_1@2 NULL
5	set v0a@3 NULL
6	cpush cursor_sample@0
7	cursor_copy_struct cursor_sample _cursor_open_tmp_var@4
8	set _cursor_open_tmp_var@4 NULL
9	copen STMT.cursor[c0@1]
10	cursor_copy_struct cursor_sample _cursor_fetch_tmp_var@5
11	set _cursor_fetch_tmp_var@5 NULL
12	cfetch STMT.cursor[c0@1] _cursor_fetch_tmp_var@5
13	set (v0a@3) _cursor_fetch_tmp_var@5
14	cpop 1
15	destruct sys_refcursor c0@1
ERROR HY000: Illegal parameter data types ROW<2> and ROW<1> for operation 'FETCH..INTO'
DROP PROCEDURE p1;
DROP TABLE t1;
CREATE TABLE t1 (a INT);
INSERT INTO t1 VALUES (1);
CREATE PROCEDURE p1 IS
CURSOR cursor_sample IS SELECT * FROM t1;
var_sample cursor_sample%ROWTYPE;
TYPE cur_t IS REF CURSOR RETURN var_sample%TYPE;
c0 cur_t;
v0a INT;
v0b INT;
BEGIN
OPEN c0 FOR SELECT * FROM t1;
FETCH c0 INTO v0a, v0b;
END;
$$
CALL p0;
Pos	Instruction
0	cursor_copy_struct cursor_sample var_sample@0
1	set var_sample@0 NULL
2	set c0@1 NULL
3	cursor_copy_struct cursor_sample _friend_var_1@2
4	set _friend_var_1@2 NULL
5	set v0a@3 NULL
6	set v0b@4 NULL
7	cpush cursor_sample@0
8	cursor_copy_struct cursor_sample _cursor_open_tmp_var@5
9	set _cursor_open_tmp_var@5 NULL
10	copen STMT.cursor[c0@1]
11	cursor_copy_struct cursor_sample _cursor_fetch_tmp_var@6
12	set _cursor_fetch_tmp_var@6 NULL
13	cfetch STMT.cursor[c0@1] _cursor_fetch_tmp_var@6
14	set (v0a@3,v0b@4) _cursor_fetch_tmp_var@6
15	cpop 1
16	destruct sys_refcursor c0@1
ERROR HY000: Illegal parameter data types ROW<1> and ROW<2> for operation 'FETCH..INTO'
DROP PROCEDURE p1;
DROP TABLE t1;
DROP PROCEDURE p0;
