SET @debug_ref_cursor=TRUE;
SET sql_mode=ORACLE;
#
# MDEV-10152 Add support for TYPE .. IS REF CURSOR
#
CREATE PROCEDURE p0 AS
BEGIN
IF @debug_ref_cursor IS TRUE
THEN
EXECUTE IMMEDIATE 'SHOW PROCEDURE CODE p1';
END IF;
CALL p1;
END;
$$
#
# REF CURSOR with RETURN, with FETCH INTO record_variable
# VARCHAR to INT to VARCHAR conversion
#
# Using explicit ROW type
CREATE PROCEDURE p1 AS
TYPE rec0_t IS RECORD (a INT, b INT);
TYPE cur0_t IS REF CURSOR RETURN rec0_t;
c0 cur0_t;
v0a INT;
v0b VARCHAR(10);
BEGIN
OPEN c0 FOR SELECT '1', '2 ' FROM DUAL;
FETCH c0 INTO v0a, v0b;
SELECT LENGTH(v0a) || ' ' || LENGTH(v0b) || ' <'|| v0a || '><'|| v0b || '> ' AS line;
CLOSE c0;
END;
$$
CALL p0;
Pos	Instruction
0	set c0@0 NULL
1	set v0a@1 NULL
2	set v0b@2 NULL
3	copen STMT.cursor[c0@0] return row<2>
4	cfetch STMT.cursor[c0@0] v0a@1 v0b@2
5	stmt 0 "SELECT LENGTH(v0a) || ' ' || LENGTH(v..."
6	cclose STMT.cursor[c0@0]
7	destruct sys_refcursor c0@0
line
1 1 <1><2> 
Warnings:
Note	1265	Data truncated for column 'b' at row 1
DROP PROCEDURE p1;
# Using table%ROWTYPE
CREATE TABLE table_sample (a INT, b INT);
CREATE PROCEDURE p1 AS
TYPE cur0_t IS REF CURSOR RETURN table_sample%ROWTYPE;
c0 cur0_t;
v0a INT;
v0b VARCHAR(10);
BEGIN
OPEN c0 FOR SELECT '1', '2 ' FROM DUAL;
FETCH c0 INTO v0a, v0b;
SELECT LENGTH(v0a) || ' ' || LENGTH(v0b) || ' <'|| v0a || '><'|| v0b || '> ' AS line;
CLOSE c0;
END;
$$
CALL p0;
Pos	Instruction
0	set c0@0 NULL
1	set v0a@1 NULL
2	set v0b@2 NULL
3	copen STMT.cursor[c0@0] return table_sample%ROWTYPE
4	cfetch STMT.cursor[c0@0] v0a@1 v0b@2
5	stmt 0 "SELECT LENGTH(v0a) || ' ' || LENGTH(v..."
6	cclose STMT.cursor[c0@0]
7	destruct sys_refcursor c0@0
line
1 1 <1><2> 
Warnings:
Note	1265	Data truncated for column 'b' at row 1
DROP PROCEDURE p1;
DROP TABLE table_sample;
# Using cursor%ROWTYPE
CREATE TABLE table_sample (a INT, b INT);
CREATE PROCEDURE p1 AS
CURSOR cursor_sample IS SELECT a, b FROM table_sample;
TYPE cur0_t IS REF CURSOR RETURN cursor_sample%ROWTYPE;
c0 cur0_t;
v0a INT;
v0b VARCHAR(10);
BEGIN
OPEN c0 FOR SELECT '1', '2 ' FROM DUAL;
FETCH c0 INTO v0a, v0b;
SELECT LENGTH(v0a) || ' ' || LENGTH(v0b) || ' <'|| v0a || '><'|| v0b || '> ' AS line;
CLOSE c0;
END;
$$
CALL p0;
Pos	Instruction
0	cursor_copy_struct cursor_sample c0@0
1	set c0@0 NULL
2	set v0a@1 NULL
3	set v0b@2 NULL
4	cpush cursor_sample@0
5	copen STMT.cursor[c0@0] return cursor_sample@0%ROWTYPE
6	cfetch STMT.cursor[c0@0] v0a@1 v0b@2
7	stmt 0 "SELECT LENGTH(v0a) || ' ' || LENGTH(v..."
8	cclose STMT.cursor[c0@0]
9	cpop 1
10	destruct sys_refcursor c0@0
line
1 1 <1><2> 
Warnings:
Note	1265	Data truncated for column 'b' at row 1
DROP PROCEDURE p1;
DROP TABLE table_sample;
DROP PROCEDURE p0;
