SET @debug_ref_cursor=TRUE;
SET sql_mode=ORACLE;
#
# MDEV-10152 Add support for TYPE .. IS REF CURSOR
#
CREATE PROCEDURE p0 IS
BEGIN
IF @debug_ref_cursor IS TRUE THEN
EXECUTE IMMEDIATE 'SHOW PROCEDURE CODE p1';
END IF;
CALL p1;
END;
$$
# Explicit RECORD + element count mismatch
CREATE TABLE t1 (a INT, b VARCHAR(10), c VARCHAR(10));
INSERT INTO t1 VALUES (1,'b1','c1');
CREATE PROCEDURE p1 IS
TYPE rec_t IS RECORD (a INT, b VARCHAR(10));
TYPE cur_t IS REF CURSOR RETURN rec_t;
c0 cur_t;
v0 rec_t;
BEGIN
OPEN c0 FOR SELECT * FROM t1;
END;
$$
CALL p0;
Pos	Instruction
0	set c0@0 NULL
1	set v0@1 NULL
2	copen STMT.cursor[c0@0]
3	destruct sys_refcursor c0@0
ERROR HY000: Illegal parameter data types row<2> and row<3> for operation 'OPEN .. FOR'
DROP PROCEDURE p1;
DROP TABLE t1;
CREATE TABLE t1 (a INT, b VARCHAR(10), c VARCHAR(10));
INSERT INTO t1 VALUES (1,'b1','c1');
CREATE PROCEDURE p1 IS
TYPE rec_t IS RECORD (a INT, b VARCHAR(10));
r0 rec_t;
TYPE cur_t IS REF CURSOR RETURN r0%TYPE;
c0 cur_t;
v0 rec_t;
BEGIN
OPEN c0 FOR SELECT * FROM t1;
END;
$$
CALL p0;
Pos	Instruction
0	set r0@0 NULL
1	set c0@1 NULL
2	set v0@2 NULL
3	set _cursor_open_tmp_var@3 NULL
4	copen STMT.cursor[c0@1]
5	destruct sys_refcursor c0@1
ERROR HY000: Illegal parameter data types row<2> and row<3> for operation 'OPEN .. FOR'
DROP PROCEDURE p1;
DROP TABLE t1;
# Explicit RECORD + inassignable member
CREATE PROCEDURE p1 IS
TYPE rec0_t IS RECORD (a INT, b INET6);
TYPE cur0_t IS REF CURSOR RETURN rec0_t;
c0 cur0_t;
BEGIN
OPEN c0 FOR SELECT 1,TIME'10:20:30' FROM DUAL;
END;
$$
CALL p0;
Pos	Instruction
0	set c0@0 NULL
1	copen STMT.cursor[c0@0]
2	destruct sys_refcursor c0@0
ERROR HY000: Illegal parameter data types time and inet6 for operation 'OPEN'
DROP PROCEDURE p1;
CREATE PROCEDURE p1 IS
TYPE rec0_t IS RECORD (a INT, b INET6);
r0 rec0_t;
TYPE cur0_t IS REF CURSOR RETURN r0%TYPE;
c0 cur0_t;
BEGIN
OPEN c0 FOR SELECT 1,TIME'10:20:30' FROM DUAL;
END;
$$
CALL p0;
Pos	Instruction
0	set r0@0 NULL
1	set c0@1 NULL
2	set _cursor_open_tmp_var@2 NULL
3	copen STMT.cursor[c0@1]
4	destruct sys_refcursor c0@1
ERROR HY000: Illegal parameter data types time and inet6 for operation 'OPEN'
DROP PROCEDURE p1;
# Explicit RECORD + inassignable member + wildcard
CREATE TABLE t1 (a INT, b INET6);
CREATE PROCEDURE p1 IS
TYPE rec0_t IS RECORD (a INT, b TIME);
TYPE cur0_t IS REF CURSOR RETURN rec0_t;
c0 cur0_t;
BEGIN
OPEN c0 FOR SELECT * FROM t1;
END;
$$
CALL p0;
Pos	Instruction
0	set c0@0 NULL
1	copen STMT.cursor[c0@0]
2	destruct sys_refcursor c0@0
ERROR HY000: Illegal parameter data types inet6 and time for operation 'OPEN'
DROP PROCEDURE p1;
DROP TABLE t1;
CREATE TABLE t1 (a INT, b INET6);
CREATE PROCEDURE p1 IS
TYPE rec0_t IS RECORD (a INT, b TIME);
r0 rec0_t;
TYPE cur0_t IS REF CURSOR RETURN r0%TYPE;
c0 cur0_t;
BEGIN
OPEN c0 FOR SELECT * FROM t1;
END;
$$
CALL p0;
Pos	Instruction
0	set r0@0 NULL
1	set c0@1 NULL
2	set _cursor_open_tmp_var@2 NULL
3	copen STMT.cursor[c0@1]
4	destruct sys_refcursor c0@1
ERROR HY000: Illegal parameter data types inet6 and time for operation 'OPEN'
DROP PROCEDURE p1;
DROP TABLE t1;
# table%ROWTYPE + element count mismatch
CREATE TABLE t1 (a INT, b INET6);
CREATE TABLE table_sample (a INT, b INET6, c VARCHAR(10));
CREATE PROCEDURE p1 IS
TYPE cur0_t IS REF CURSOR RETURN table_sample%ROWTYPE;
c0 cur0_t;
BEGIN
OPEN c0 FOR SELECT * FROM t1;
END;
$$
CALL p0;
Pos	Instruction
0	set c0@0 NULL
1	set _cursor_open_tmp_var@1 NULL
2	copen STMT.cursor[c0@0]
3	destruct sys_refcursor c0@0
ERROR HY000: Illegal parameter data types row<3> and row<2> for operation 'OPEN .. FOR'
DROP PROCEDURE p1;
DROP TABLE t1, table_sample;
CREATE TABLE t1 (a INT, b INET6);
CREATE TABLE table_sample (a INT, b INET6, c VARCHAR(10));
CREATE PROCEDURE p1 IS
r0 table_sample%ROWTYPE;
TYPE cur0_t IS REF CURSOR RETURN r0%TYPE;
c0 cur0_t;
BEGIN
OPEN c0 FOR SELECT * FROM t1;
END;
$$
CALL p0;
Pos	Instruction
0	set r0@0 NULL
1	set c0@1 NULL
2	set _cursor_open_tmp_var@2 NULL
3	copen STMT.cursor[c0@1]
4	destruct sys_refcursor c0@1
ERROR HY000: Illegal parameter data types row<3> and row<2> for operation 'OPEN .. FOR'
DROP PROCEDURE p1;
DROP TABLE t1, table_sample;
# table%ROWTYPE + inassignable members
CREATE TABLE t1 (a INT, b INET6);
CREATE TABLE table_sample (a INT, b TIME);
CREATE PROCEDURE p1 IS
TYPE cur0_t IS REF CURSOR RETURN table_sample%ROWTYPE;
c0 cur0_t;
BEGIN
OPEN c0 FOR SELECT * FROM t1;
END;
$$
CALL p0;
Pos	Instruction
0	set c0@0 NULL
1	set _cursor_open_tmp_var@1 NULL
2	copen STMT.cursor[c0@0]
3	destruct sys_refcursor c0@0
ERROR HY000: Illegal parameter data types inet6 and time for operation 'OPEN'
DROP PROCEDURE p1;
DROP TABLE t1, table_sample;
CREATE TABLE t1 (a INT, b INET6);
CREATE TABLE table_sample (a INT, b TIME);
CREATE PROCEDURE p1 IS
r0 table_sample%ROWTYPE;
TYPE cur0_t IS REF CURSOR RETURN r0%TYPE;
c0 cur0_t;
BEGIN
OPEN c0 FOR SELECT * FROM t1;
END;
$$
CALL p0;
Pos	Instruction
0	set r0@0 NULL
1	set c0@1 NULL
2	set _cursor_open_tmp_var@2 NULL
3	copen STMT.cursor[c0@1]
4	destruct sys_refcursor c0@1
ERROR HY000: Illegal parameter data types inet6 and time for operation 'OPEN'
DROP PROCEDURE p1;
DROP TABLE t1, table_sample;
# cursor%ROWTYPE + element count mismatch
CREATE TABLE t1 (a INT, b INET6);
CREATE TABLE table_sample (a INT, b INET6, c VARCHAR(10));
CREATE PROCEDURE p1 IS
CURSOR cursor_sample IS SELECT * FROM table_sample;
TYPE cur0_t IS REF CURSOR RETURN cursor_sample%ROWTYPE;
c0 cur0_t;
BEGIN
OPEN c0 FOR SELECT * FROM t1;
END;
$$
CALL p0;
Pos	Instruction
0	set c0@0 NULL
1	cpush cursor_sample@0
2	cursor_copy_struct cursor_sample _cursor_open_tmp_var@1
3	set _cursor_open_tmp_var@1 NULL
4	copen STMT.cursor[c0@0]
5	cpop 1
6	destruct sys_refcursor c0@0
ERROR HY000: Illegal parameter data types row<3> and row<2> for operation 'OPEN .. FOR'
DROP PROCEDURE p1;
DROP TABLE t1, table_sample;
CREATE TABLE t1 (a INT, b INET6);
CREATE TABLE table_sample (a INT, b INET6, c VARCHAR(10));
CREATE PROCEDURE p1 IS
CURSOR cursor_sample IS SELECT * FROM table_sample;
r0 cursor_sample%ROWTYPE;
TYPE cur0_t IS REF CURSOR RETURN r0%TYPE;
c0 cur0_t;
BEGIN
OPEN c0 FOR SELECT * FROM t1;
END;
$$
CALL p0;
Pos	Instruction
0	cursor_copy_struct cursor_sample r0@0
1	set r0@0 NULL
2	set c0@1 NULL
3	cpush cursor_sample@0
4	cursor_copy_struct cursor_sample _cursor_open_tmp_var@2
5	set _cursor_open_tmp_var@2 NULL
6	copen STMT.cursor[c0@1]
7	cpop 1
8	destruct sys_refcursor c0@1
ERROR HY000: Illegal parameter data types row<3> and row<2> for operation 'OPEN .. FOR'
DROP PROCEDURE p1;
DROP TABLE t1, table_sample;
# cursor%ROWTYPE + inassignable members
CREATE TABLE t1 (a INT, b INET6);
CREATE TABLE table_sample (a INT, b TIME);
CREATE PROCEDURE p1 IS
CURSOR cursor_sample IS SELECT * FROM table_sample;
TYPE cur0_t IS REF CURSOR RETURN cursor_sample%ROWTYPE;
c0 cur0_t;
BEGIN
OPEN c0 FOR SELECT * FROM t1;
END;
$$
CALL p0;
Pos	Instruction
0	set c0@0 NULL
1	cpush cursor_sample@0
2	cursor_copy_struct cursor_sample _cursor_open_tmp_var@1
3	set _cursor_open_tmp_var@1 NULL
4	copen STMT.cursor[c0@0]
5	cpop 1
6	destruct sys_refcursor c0@0
ERROR HY000: Illegal parameter data types inet6 and time for operation 'OPEN'
DROP PROCEDURE p1;
DROP TABLE t1, table_sample;
CREATE TABLE t1 (a INT, b INET6);
CREATE TABLE table_sample (a INT, b TIME);
CREATE PROCEDURE p1 IS
CURSOR cursor_sample IS SELECT * FROM table_sample;
r0 cursor_sample%ROWTYPE;
TYPE cur0_t IS REF CURSOR RETURN r0%TYPE;
c0 cur0_t;
BEGIN
OPEN c0 FOR SELECT * FROM t1;
END;
$$
CALL p0;
Pos	Instruction
0	cursor_copy_struct cursor_sample r0@0
1	set r0@0 NULL
2	set c0@1 NULL
3	cpush cursor_sample@0
4	cursor_copy_struct cursor_sample _cursor_open_tmp_var@2
5	set _cursor_open_tmp_var@2 NULL
6	copen STMT.cursor[c0@1]
7	cpop 1
8	destruct sys_refcursor c0@1
ERROR HY000: Illegal parameter data types inet6 and time for operation 'OPEN'
DROP PROCEDURE p1;
DROP TABLE t1, table_sample;
# RECORD with column%TYPE ancores + element count mismatch
CREATE TABLE t1 (a INT,b INET6, c VARCHAR(10));
SET sql_mode=ORACLE;
CREATE OR REPLACE PROCEDURE p1 AS
TYPE rec0_t IS RECORD (a t1.a%TYPE, b t1.b%TYPE);
TYPE cur0_t IS REF CURSOR RETURN rec0_t;
c0 cur0_t;
BEGIN
OPEN c0 FOR SELECT * FROM t1;
END;
$$
CALL p0;
Pos	Instruction
0	set c0@0 NULL
1	set _cursor_open_tmp_var@1 NULL
2	copen STMT.cursor[c0@0]
3	destruct sys_refcursor c0@0
ERROR HY000: Illegal parameter data types row<2> and row<3> for operation 'OPEN .. FOR'
DROP PROCEDURE p1;
DROP TABLE t1;
CREATE TABLE t1 (a INT,b INET6, c VARCHAR(10));
SET sql_mode=ORACLE;
CREATE OR REPLACE PROCEDURE p1 AS
TYPE rec0_t IS RECORD (a t1.a%TYPE, b t1.b%TYPE);
r0 rec0_t;
TYPE cur0_t IS REF CURSOR RETURN r0%TYPE;
c0 cur0_t;
BEGIN
OPEN c0 FOR SELECT * FROM t1;
END;
$$
CALL p0;
Pos	Instruction
0	set r0@0 NULL
1	set c0@1 NULL
2	set _cursor_open_tmp_var@2 NULL
3	copen STMT.cursor[c0@1]
4	destruct sys_refcursor c0@1
ERROR HY000: Illegal parameter data types row<2> and row<3> for operation 'OPEN .. FOR'
DROP PROCEDURE p1;
DROP TABLE t1;
# RECORD with column%TYPE + inassignable members
CREATE TABLE t1 (a INT,b INET6);
CREATE OR REPLACE PROCEDURE p1 AS
TYPE rec0_t IS RECORD (b t1.b%TYPE, a t1.a%TYPE);
TYPE cur0_t IS REF CURSOR RETURN rec0_t;
c0 cur0_t;
BEGIN
OPEN c0 FOR SELECT UUID(), 1 FROM DUAL;
END;
$$
CALL p0;
Pos	Instruction
0	set c0@0 NULL
1	set _cursor_open_tmp_var@1 NULL
2	copen STMT.cursor[c0@0]
3	destruct sys_refcursor c0@0
ERROR HY000: Illegal parameter data types uuid and inet6 for operation 'OPEN'
DROP PROCEDURE p1;
DROP TABLE t1;
CREATE TABLE t1 (a INT,b INET6);
CREATE OR REPLACE PROCEDURE p1 AS
TYPE rec0_t IS RECORD (b t1.b%TYPE, a t1.a%TYPE);
r0 rec0_t;
TYPE cur0_t IS REF CURSOR RETURN r0%TYPE;
c0 cur0_t;
BEGIN
OPEN c0 FOR SELECT UUID(), 1 FROM DUAL;
END;
$$
CALL p0;
Pos	Instruction
0	set r0@0 NULL
1	set c0@1 NULL
2	set _cursor_open_tmp_var@2 NULL
3	copen STMT.cursor[c0@1]
4	destruct sys_refcursor c0@1
ERROR HY000: Illegal parameter data types uuid and inet6 for operation 'OPEN'
DROP PROCEDURE p1;
DROP TABLE t1;
DROP PROCEDURE p0;
