SET sql_mode=ORACLE;
#
# MDEV-10152 Add support for TYPE .. IS REF CURSOR
#
CREATE PROCEDURE p0 IS
BEGIN
IF @debug_ref_cursor IS TRUE THEN
EXECUTE IMMEDIATE 'SHOW PROCEDURE CODE p1';
END IF;
CALL p1;
END;
$$
# Explicit RECORD + element count mismatch
CREATE TABLE t1 (a INT, b VARCHAR(10), c VARCHAR(10));
INSERT INTO t1 VALUES (1,'b1','c1');
CREATE PROCEDURE p1 IS
TYPE rec0_t IS RECORD (a INT, b VARCHAR(10));
TYPE cur0_t IS REF CURSOR RETURN rec0_t;
c0 cur0_t;
v0 rec0_t;
BEGIN
OPEN c0 FOR SELECT * FROM t1;
END;
$$
CALL p0;
ERROR HY000: Cannot cast 'row<3>' as 'row<2>' in assignment of `c0` for operation OPEN..FOR
DROP PROCEDURE p1;
DROP TABLE t1;
CREATE TABLE t1 (a INT, b VARCHAR(10), c VARCHAR(10));
INSERT INTO t1 VALUES (1,'b1','c1');
CREATE PROCEDURE p1 IS
TYPE rec0_t IS RECORD (a INT, b VARCHAR(10));
r0 rec0_t;
TYPE cur0_t IS REF CURSOR RETURN r0%TYPE;
c0 cur0_t;
v0 rec0_t;
BEGIN
OPEN c0 FOR SELECT * FROM t1;
END;
$$
CALL p0;
ERROR HY000: Cannot cast 'row<3>' as 'row<2>' in assignment of `c0` for operation OPEN..FOR
DROP PROCEDURE p1;
DROP TABLE t1;
# Explicit RECORD + inassignable member
CREATE PROCEDURE p1 IS
TYPE rec0_t IS RECORD (a INT, b INET6);
TYPE cur0_t IS REF CURSOR RETURN rec0_t;
c0 cur0_t;
BEGIN
OPEN c0 FOR SELECT 1,TIME'10:20:30' FROM DUAL;
END;
$$
CALL p0;
ERROR HY000: Cannot cast 'time' as 'inet6' in assignment of `c0`.`b` for operation OPEN..FOR
DROP PROCEDURE p1;
CREATE PROCEDURE p1 IS
TYPE rec0_t IS RECORD (a INT, b INET6);
r0 rec0_t;
TYPE cur0_t IS REF CURSOR RETURN r0%TYPE;
c0 cur0_t;
BEGIN
OPEN c0 FOR SELECT 1,TIME'10:20:30' FROM DUAL;
END;
$$
CALL p0;
ERROR HY000: Cannot cast 'time' as 'inet6' in assignment of `c0`.`b` for operation OPEN..FOR
DROP PROCEDURE p1;
# Explicit RECORD + inassignable member + wildcard
CREATE TABLE t1 (a INT, b INET6);
CREATE PROCEDURE p1 IS
TYPE rec0_t IS RECORD (a INT, b TIME);
TYPE cur0_t IS REF CURSOR RETURN rec0_t;
c0 cur0_t;
BEGIN
OPEN c0 FOR SELECT * FROM t1;
END;
$$
CALL p0;
ERROR HY000: Cannot cast 'inet6' as 'time' in assignment of `c0`.`b` for operation OPEN..FOR
DROP PROCEDURE p1;
DROP TABLE t1;
CREATE TABLE t1 (a INT, b INET6);
CREATE PROCEDURE p1 IS
TYPE rec0_t IS RECORD (a INT, b TIME);
r0 rec0_t;
TYPE cur0_t IS REF CURSOR RETURN r0%TYPE;
c0 cur0_t;
BEGIN
OPEN c0 FOR SELECT * FROM t1;
END;
$$
CALL p0;
ERROR HY000: Cannot cast 'inet6' as 'time' in assignment of `c0`.`b` for operation OPEN..FOR
DROP PROCEDURE p1;
DROP TABLE t1;
# table%ROWTYPE + element count mismatch
CREATE TABLE t1 (a INT, b INET6);
CREATE TABLE table_sample (a INT, b INET6, c VARCHAR(10));
CREATE PROCEDURE p1 IS
TYPE cur0_t IS REF CURSOR RETURN table_sample%ROWTYPE;
c0 cur0_t;
BEGIN
OPEN c0 FOR SELECT * FROM t1;
END;
$$
CALL p0;
ERROR HY000: Cannot cast 'row<2>' as 'row<3>' in assignment of `c0` for operation OPEN..FOR
DROP PROCEDURE p1;
DROP TABLE t1, table_sample;
CREATE TABLE t1 (a INT, b INET6);
CREATE TABLE table_sample (a INT, b INET6, c VARCHAR(10));
CREATE PROCEDURE p1 IS
r0 table_sample%ROWTYPE;
TYPE cur0_t IS REF CURSOR RETURN r0%TYPE;
c0 cur0_t;
BEGIN
OPEN c0 FOR SELECT * FROM t1;
END;
$$
CALL p0;
ERROR HY000: Cannot cast 'row<2>' as 'row<3>' in assignment of `c0` for operation OPEN..FOR
DROP PROCEDURE p1;
DROP TABLE t1, table_sample;
# table%ROWTYPE + inassignable members
CREATE TABLE t1 (a INT, b INET6);
CREATE TABLE table_sample (a INT, b TIME);
CREATE PROCEDURE p1 IS
TYPE cur0_t IS REF CURSOR RETURN table_sample%ROWTYPE;
c0 cur0_t;
BEGIN
OPEN c0 FOR SELECT * FROM t1;
END;
$$
CALL p0;
ERROR HY000: Cannot cast 'inet6' as 'time' in assignment of `c0`.`b` for operation OPEN..FOR
DROP PROCEDURE p1;
DROP TABLE t1, table_sample;
CREATE TABLE t1 (a INT, b INET6);
CREATE TABLE table_sample (a INT, b TIME);
CREATE PROCEDURE p1 IS
r0 table_sample%ROWTYPE;
TYPE cur0_t IS REF CURSOR RETURN r0%TYPE;
c0 cur0_t;
BEGIN
OPEN c0 FOR SELECT * FROM t1;
END;
$$
CALL p0;
ERROR HY000: Cannot cast 'inet6' as 'time' in assignment of `c0`.`b` for operation OPEN..FOR
DROP PROCEDURE p1;
DROP TABLE t1, table_sample;
# cursor%ROWTYPE + element count mismatch
CREATE TABLE t1 (a INT, b INET6);
CREATE TABLE table_sample (a INT, b INET6, c VARCHAR(10));
CREATE PROCEDURE p1 IS
CURSOR cursor_sample IS SELECT * FROM table_sample;
TYPE cur0_t IS REF CURSOR RETURN cursor_sample%ROWTYPE;
c0 cur0_t;
BEGIN
OPEN c0 FOR SELECT * FROM t1;
END;
$$
CALL p0;
ERROR HY000: Cannot cast 'row<2>' as 'row<3>' in assignment of `c0` for operation OPEN..FOR
DROP PROCEDURE p1;
DROP TABLE t1, table_sample;
CREATE TABLE t1 (a INT, b INET6);
CREATE TABLE table_sample (a INT, b INET6, c VARCHAR(10));
CREATE PROCEDURE p1 IS
CURSOR cursor_sample IS SELECT * FROM table_sample;
r0 cursor_sample%ROWTYPE;
TYPE cur0_t IS REF CURSOR RETURN r0%TYPE;
c0 cur0_t;
BEGIN
OPEN c0 FOR SELECT * FROM t1;
END;
$$
CALL p0;
ERROR HY000: Cannot cast 'row<2>' as 'row<3>' in assignment of `c0` for operation OPEN..FOR
DROP PROCEDURE p1;
DROP TABLE t1, table_sample;
# cursor%ROWTYPE + inassignable members
CREATE TABLE t1 (a INT, b INET6);
CREATE TABLE table_sample (a INT, b TIME);
CREATE PROCEDURE p1 IS
CURSOR cursor_sample IS SELECT * FROM table_sample;
TYPE cur0_t IS REF CURSOR RETURN cursor_sample%ROWTYPE;
c0 cur0_t;
BEGIN
OPEN c0 FOR SELECT * FROM t1;
END;
$$
CALL p0;
ERROR HY000: Cannot cast 'inet6' as 'time' in assignment of `c0`.`b` for operation OPEN..FOR
DROP PROCEDURE p1;
DROP TABLE t1, table_sample;
CREATE TABLE t1 (a INT, b INET6);
CREATE TABLE table_sample (a INT, b TIME);
CREATE PROCEDURE p1 IS
CURSOR cursor_sample IS SELECT * FROM table_sample;
r0 cursor_sample%ROWTYPE;
TYPE cur0_t IS REF CURSOR RETURN r0%TYPE;
c0 cur0_t;
BEGIN
OPEN c0 FOR SELECT * FROM t1;
END;
$$
CALL p0;
ERROR HY000: Cannot cast 'inet6' as 'time' in assignment of `c0`.`b` for operation OPEN..FOR
DROP PROCEDURE p1;
DROP TABLE t1, table_sample;
# RECORD with column%TYPE ancores + element count mismatch
CREATE TABLE t1 (a INT,b INET6, c VARCHAR(10));
SET sql_mode=ORACLE;
CREATE OR REPLACE PROCEDURE p1 AS
TYPE rec0_t IS RECORD (a t1.a%TYPE, b t1.b%TYPE);
TYPE cur0_t IS REF CURSOR RETURN rec0_t;
c0 cur0_t;
BEGIN
OPEN c0 FOR SELECT * FROM t1;
END;
$$
CALL p0;
ERROR HY000: Cannot cast 'row<3>' as 'row<2>' in assignment of `c0` for operation OPEN..FOR
DROP PROCEDURE p1;
DROP TABLE t1;
CREATE TABLE t1 (a INT,b INET6, c VARCHAR(10));
SET sql_mode=ORACLE;
CREATE OR REPLACE PROCEDURE p1 AS
TYPE rec0_t IS RECORD (a t1.a%TYPE, b t1.b%TYPE);
r0 rec0_t;
TYPE cur0_t IS REF CURSOR RETURN r0%TYPE;
c0 cur0_t;
BEGIN
OPEN c0 FOR SELECT * FROM t1;
END;
$$
CALL p0;
ERROR HY000: Cannot cast 'row<3>' as 'row<2>' in assignment of `c0` for operation OPEN..FOR
DROP PROCEDURE p1;
DROP TABLE t1;
# RECORD with column%TYPE + inassignable members
CREATE TABLE t1 (a INT,b INET6);
CREATE OR REPLACE PROCEDURE p1 AS
TYPE rec0_t IS RECORD (b t1.b%TYPE, a t1.a%TYPE);
TYPE cur0_t IS REF CURSOR RETURN rec0_t;
c0 cur0_t;
BEGIN
OPEN c0 FOR SELECT UUID(), 1 FROM DUAL;
END;
$$
CALL p0;
ERROR HY000: Cannot cast 'uuid' as 'inet6' in assignment of `c0`.`b` for operation OPEN..FOR
DROP PROCEDURE p1;
DROP TABLE t1;
CREATE TABLE t1 (a INT,b INET6);
CREATE OR REPLACE PROCEDURE p1 AS
TYPE rec0_t IS RECORD (b t1.b%TYPE, a t1.a%TYPE);
r0 rec0_t;
TYPE cur0_t IS REF CURSOR RETURN r0%TYPE;
c0 cur0_t;
BEGIN
OPEN c0 FOR SELECT UUID(), 1 FROM DUAL;
END;
$$
CALL p0;
ERROR HY000: Cannot cast 'uuid' as 'inet6' in assignment of `c0`.`b` for operation OPEN..FOR
DROP PROCEDURE p1;
DROP TABLE t1;
DROP PROCEDURE p0;
