connection node_1;
CREATE TABLE t1 (f1 INTEGER) ENGINE=InnoDB;
CREATE TABLE t2 (f1 INTEGER) ENGINE=InnoDB;
SHOW CREATE TABLE t1;
Table	Create Table
t1	CREATE TABLE `t1` (
  `f1` int(11) DEFAULT NULL
) ENGINE=InnoDB DEFAULT CHARSET=latin1
SHOW CREATE TABLE t2;
Table	Create Table
t2	CREATE TABLE `t2` (
  `f1` int(11) DEFAULT NULL
) ENGINE=InnoDB DEFAULT CHARSET=latin1
connection node_2;
SHOW CREATE TABLE t1;
Table	Create Table
t1	CREATE TABLE `t1` (
  `f1` int(11) DEFAULT NULL
) ENGINE=InnoDB DEFAULT CHARSET=latin1
SHOW CREATE TABLE t2;
Table	Create Table
t2	CREATE TABLE `t2` (
  `f1` int(11) DEFAULT NULL
) ENGINE=InnoDB DEFAULT CHARSET=latin1
connection node_1;
CREATE TABLE t3 (f1 INTEGER) ENGINE=InnoDB; CREATE TABLE t4 (f1 INTEGER) ENGINE=InnoDB;;
SHOW CREATE TABLE t3;
Table	Create Table
t3	CREATE TABLE `t3` (
  `f1` int(11) DEFAULT NULL
) ENGINE=InnoDB DEFAULT CHARSET=latin1
SHOW CREATE TABLE t4;
Table	Create Table
t4	CREATE TABLE `t4` (
  `f1` int(11) DEFAULT NULL
) ENGINE=InnoDB DEFAULT CHARSET=latin1
connection node_2;
SHOW CREATE TABLE t3;
Table	Create Table
t3	CREATE TABLE `t3` (
  `f1` int(11) DEFAULT NULL
) ENGINE=InnoDB DEFAULT CHARSET=latin1
SHOW CREATE TABLE t4;
Table	Create Table
t4	CREATE TABLE `t4` (
  `f1` int(11) DEFAULT NULL
) ENGINE=InnoDB DEFAULT CHARSET=latin1
connection node_1;
INSERT INTO t1 VALUES (1);
CREATE TABLE t5 (f1 INTEGER) ENGINE=InnoDB;
SELECT COUNT(*) = 1 FROM t1;
COUNT(*) = 1
1
SHOW CREATE TABLE t5;
Table	Create Table
t5	CREATE TABLE `t5` (
  `f1` int(11) DEFAULT NULL
) ENGINE=InnoDB DEFAULT CHARSET=latin1
connection node_2;
SELECT COUNT(*) = 1 FROM t1;
COUNT(*) = 1
1
SHOW CREATE TABLE t5;
Table	Create Table
t5	CREATE TABLE `t5` (
  `f1` int(11) DEFAULT NULL
) ENGINE=InnoDB DEFAULT CHARSET=latin1
connection node_1;
CREATE TABLE t6 (f1 INTEGER) ENGINE=InnoDB; INSERT INTO t2 VALUES (1);;
SELECT COUNT(*) = 1 FROM t2;
COUNT(*) = 1
1
SHOW CREATE TABLE t6;
Table	Create Table
t6	CREATE TABLE `t6` (
  `f1` int(11) DEFAULT NULL
) ENGINE=InnoDB DEFAULT CHARSET=latin1
connection node_2;
SELECT COUNT(*) = 1 FROM t2;
COUNT(*) = 1
1
SHOW CREATE TABLE t6;
Table	Create Table
t6	CREATE TABLE `t6` (
  `f1` int(11) DEFAULT NULL
) ENGINE=InnoDB DEFAULT CHARSET=latin1
include/diff_servers.inc [servers=1 2]
connection node_1;
DROP TABLE t1, t2, t3, t4, t5, t6;
