CALL mtr.add_suppression("InnoDB: Database page corruption on disk or a failed .*");
CALL mtr.add_suppression("InnoDB: Corruption: Block in space_id .*");
CALL mtr.add_suppression("InnoDB: However key management plugin or used key_version .*");
call mtr.add_suppression("InnoDB: The page \[page id: space=[0-9]+, page number=[0-9]+\] in file test/t1 cannot be decrypted.");
call mtr.add_suppression("InnoDB: The page \[page id: space=[0-9]+, page number=[0-9]+\] in file test/t2 cannot be decrypted.");
call mtr.add_suppression("InnoDB: The page \[page id: space=[0-9]+, page number=[0-9]+\] in file test/t3 cannot be decrypted.");
SET GLOBAL innodb_file_format = `Barracuda`;
SET GLOBAL innodb_file_per_table = ON;
set global innodb_compression_algorithm = 1;
# Create and populate tables to be corrupted
CREATE TABLE t1 (a INT AUTO_INCREMENT PRIMARY KEY, b TEXT,c char(200)) ENGINE=InnoDB encrypted=yes;
CREATE TABLE t2 (a INT AUTO_INCREMENT PRIMARY KEY, b TEXT,c char(200)) ENGINE=InnoDB row_format=compressed encrypted=yes;
CREATE TABLE t3 (a INT AUTO_INCREMENT PRIMARY KEY, b TEXT, c char(200)) ENGINE=InnoDB page_compressed=yes encrypted=yes;
BEGIN;
INSERT INTO t1 (b,c) VALUES ('corrupt me','secret');
INSERT INTO t1 (b,c) VALUES ('corrupt me','moresecretmoresecret');
INSERT INTO t2 select * from t1;
INSERT INTO t3 select * from t1;
COMMIT;
# Backup tables before corrupting
# Corrupt tables
SELECT * FROM t1;
ERROR HY000: Got error 192 'Table encrypted but decryption failed. This could be because correct encryption management plugin is not loaded, used encryption key is not available or encryption method does not match.' from InnoDB
SELECT * FROM t2;
ERROR HY000: Got error 192 'Table encrypted but decryption failed. This could be because correct encryption management plugin is not loaded, used encryption key is not available or encryption method does not match.' from InnoDB
SELECT * FROM t3;
ERROR HY000: Got error 192 'Table encrypted but decryption failed. This could be because correct encryption management plugin is not loaded, used encryption key is not available or encryption method does not match.' from InnoDB
# Restore the original tables
DROP TABLE t1,t2,t3;
