call mtr.add_suppression("InnoDB: Block in space_id .* in file test/.* encrypted");
call mtr.add_suppression("InnoDB: However key management plugin or used key_id .* is not found or used encryption algorithm or method does not match.");
call mtr.add_suppression("InnoDB: Marking tablespace as missing. You may drop this table or install correct key management plugin and key file.");

# Start server with keys2.txt
CREATE TABLE t1(a int not null primary key auto_increment, b varchar(128)) engine=innodb ENCRYPTED=YES ENCRYPTION_KEY_ID=19;
CREATE TABLE t2(a int not null primary key auto_increment, b varchar(128)) engine=innodb ENCRYPTED=YES ENCRYPTION_KEY_ID=1;
CREATE TABLE t3(a int not null primary key auto_increment, b varchar(128)) engine=innodb ENCRYPTED=NO;
INSERT INTO t1(b) VALUES ('thisissecredmessage');
INSERT INTO t1(b) SELECT b FROM t1;
INSERT INTO t1(b) SELECT b FROM t1;
INSERT INTO t1(b) SELECT b FROM t1;
INSERT INTO t1(b) SELECT b FROM t1;
INSERT INTO t1(b) SELECT b FROM t1;
INSERT INTO t1(b) SELECT b FROM t1;
INSERT INTO t1(b) SELECT b FROM t1;
INSERT INTO t1(b) SELECT b FROM t1;
INSERT INTO t1(b) SELECT b FROM t1;
INSERT INTO t1(b) SELECT b FROM t1;
INSERT INTO t1(b) SELECT b FROM t1;
INSERT INTO t2 SELECT * FROM t1;
INSERT INTO t3 SELECT * FROM t1;

# Restart server with keys3.txt
set global innodb_encryption_rotate_key_age = 1;
use test;
CREATE TABLE t4(a int not null primary key auto_increment, b varchar(128)) engine=innodb ENCRYPTED=YES ENCRYPTION_KEY_ID=1;
SELECT SLEEP(5);
SLEEP(5)
0
SELECT COUNT(1) FROM t3;
COUNT(1)
2048
SELECT COUNT(1) FROM t2;
COUNT(1)
2048
SELECT COUNT(1) FROM t2,t1 where t2.a = t1.a;
ERROR HY000: Got error 192 'Table encrypted but decryption failed. This could be because correct encryption management plugin is not loaded, used encryption key is not available or encryption method does not match.' from InnoDB
SELECT COUNT(1) FROM t1 where b = 'ab';
ERROR HY000: Got error 192 'Table encrypted but decryption failed. This could be because correct encryption management plugin is not loaded, used encryption key is not available or encryption method does not match.' from InnoDB
SELECT COUNT(1) FROM t1;
ERROR HY000: Got error 192 'Table encrypted but decryption failed. This could be because correct encryption management plugin is not loaded, used encryption key is not available or encryption method does not match.' from InnoDB

# Start server with keys2.txt
SELECT COUNT(1) FROM t1;
COUNT(1)
2048
SELECT COUNT(1) FROM t2;
COUNT(1)
2048
SELECT COUNT(1) FROM t3;
COUNT(1)
2048
DROP TABLE t1, t2, t3;
