call mtr.add_suppression("Plugin 'file_key_management'");
call mtr.add_suppression("Plugin 'InnoDB' init function returned error.");
call mtr.add_suppression("InnoDB: The page \\[page id: space=[1-9][0-9]*, page number=[0-9]+\\] in file .*test/t[1-4]\\.ibd cannot be decrypted");
call mtr.add_suppression("failed to read or decrypt \\[page id: space=[1-9][0-9]*, page number=[1-9][0-9]*\\]");
call mtr.add_suppression("InnoDB: Unable to decompress .*.test.t1\\.ibd\\[page id: space=[1-9][0-9]*, page number=[0-9]+\\]");
call mtr.add_suppression("InnoDB: Database page corruption on disk or a failed file read of tablespace test/t1 page \\[page id: space=[1-9][0-9]*, page number=[0-9]*\\]");
call mtr.add_suppression("InnoDB: Plugin initialization aborted");
call mtr.add_suppression("Plugin 'InnoDB' registration as a STORAGE ENGINE failed");
# Restart mysqld --file-key-management-filename=keys2.txt
# Wait max 10 min for key encryption threads to encrypt all spaces
SET GLOBAL innodb_file_per_table = ON;
create table t1(a int not null primary key auto_increment, c char(250), b blob, index(b(10))) engine=innodb row_format=compressed encrypted=yes encryption_key_id=4;
create table t2(a int not null primary key auto_increment, c char(250), b blob, index(b(10))) engine=innodb row_format=compressed;
create table t3(a int not null primary key auto_increment, c char(250), b blob, index(b(10))) engine=innodb encrypted=yes encryption_key_id=4;
create table t4(a int not null primary key auto_increment, c char(250), b blob, index(b(10))) engine=innodb;
begin;
insert into t2 select * from t1;
insert into t3 select * from t1;
insert into t4 select * from t1;
commit;
SET GLOBAL innodb_flush_log_at_trx_commit=1;
begin;
update t1 set c = repeat('secret3', 20);
update t2 set c = repeat('secret4', 20);
update t3 set c = repeat('secret4', 20);
update t4 set c = repeat('secret4', 20);
insert into t1 (c,b) values (repeat('secret5',20), repeat('secret6',6000));
insert into t2 (c,b) values (repeat('secret7',20), repeat('secret8',6000));
insert into t3 (c,b) values (repeat('secret9',20), repeat('secre10',6000));
insert into t4 (c,b) values (repeat('secre11',20), repeat('secre12',6000));
COMMIT;
# Kill the server
# restart
# Kill the server
# Restart mysqld --innodb-force-recovery=1
# Kill the server
# Restart mysqld --file-key-management-filename=keys2.txt
drop table t1, t2,t3,t4;
