USE test;
CREATE TABLE t1(c1 INT PRIMARY KEY) ENGINE=INNODB;
INSERT INTO t1 VALUES (1), (2), (3), (4), (5);
SELECT * FROM t1;
c1
1
2
3
4
5

# On node_1
SELECT * FROM test.t1;
c1
1
2
3
4
5

# On node_2
SELECT * FROM test.t1;
c1
1
2
3
4
5
DROP TABLE t1;
# End of test
