SHOW VARIABLES LIKE 'binlog_format';
Variable_name	Value
binlog_format	ROW
SET binlog_format=STATEMENT;
ERROR 42000: Variable 'binlog_format' can't be set to the value of 'STATEMENT'
SHOW WARNINGS;
Level	Code	Message
Warning	1105	MariaDB Galera does not support binlog format: STATEMENT
Error	1231	Variable 'binlog_format' can't be set to the value of 'STATEMENT'
SHOW VARIABLES LIKE 'binlog_format';
Variable_name	Value
binlog_format	ROW
CREATE TABLE IF NOT EXISTS test.t1 AS SELECT * FROM information_schema.routines WHERE 1 = 0;
SET binlog_format=MIXED;
ERROR 42000: Variable 'binlog_format' can't be set to the value of 'MIXED'
SHOW WARNINGS;
Level	Code	Message
Warning	1105	MariaDB Galera does not support binlog format: MIXED
Error	1231	Variable 'binlog_format' can't be set to the value of 'MIXED'
SHOW VARIABLES LIKE 'binlog_format';
Variable_name	Value
binlog_format	ROW
CREATE TABLE IF NOT EXISTS test.t2 AS SELECT * FROM information_schema.routines WHERE 1 = 0;
SET binlog_format=ROW;
SHOW WARNINGS;
Level	Code	Message
SHOW VARIABLES LIKE 'binlog_format';
Variable_name	Value
binlog_format	ROW
CREATE TABLE IF NOT EXISTS test.t3 AS SELECT * FROM information_schema.routines WHERE 1 = 0;
DROP TABLE IF EXISTS test.t1;
DROP TABLE IF EXISTS test.t2;
DROP TABLE IF EXISTS test.t3;
