DROP TABLE IF EXISTS t1;
#---------------------------
# auto_increment_offset
#---------------------------
SET auto_increment_offset = 200;
CREATE TABLE t1 (a INT AUTO_INCREMENT PRIMARY KEY, b CHAR(8)) ENGINE=rocksdb;
INSERT INTO t1 (a,b) VALUES (NULL,'a'),(NULL,'b'),(NULL,'c');
SELECT LAST_INSERT_ID();
LAST_INSERT_ID()
1
SELECT a,b FROM t1 ORDER BY a;
a	b
1	a
2	b
3	c
#---------------------------
# auto_increment_increment
#---------------------------
SET auto_increment_increment = 300;
INSERT INTO t1 (a,b) VALUES (NULL,'d'),(NULL,'e'),(NULL,'f');
SELECT LAST_INSERT_ID();
LAST_INSERT_ID()
200
SELECT a,b FROM t1 ORDER BY a;
a	b
1	a
2	b
3	c
200	d
500	e
800	f
SET auto_increment_increment = 50;
INSERT INTO t1 (a,b) VALUES (NULL,'g'),(NULL,'h'),(NULL,'i');
SELECT LAST_INSERT_ID();
LAST_INSERT_ID()
850
SELECT a,b FROM t1 ORDER BY a;
a	b
1	a
2	b
3	c
200	d
500	e
800	f
850	g
900	h
950	i
DROP TABLE t1;
#---------------------------
# offset is greater than the max value
#---------------------------
SET auto_increment_increment = 500;
SET auto_increment_offset = 300;
CREATE TABLE t1 (a TINYINT AUTO_INCREMENT PRIMARY KEY) ENGINE=rocksdb;
INSERT INTO t1 (a) VALUES (NULL);
Warnings:
Warning	1264	Out of range value for column 'a' at row 1
SELECT LAST_INSERT_ID();
LAST_INSERT_ID()
127
SELECT a FROM t1 ORDER BY a;
a
127
DROP TABLE t1;
