DROP TABLE IF EXISTS t1;
CREATE TABLE t1 (a INT PRIMARY KEY DEFAULT '0') ENGINE=rocksdb;
SHOW COLUMNS IN t1;
Field	Type	Null	Key	Default	Extra
a	int(11)	NO	PRI	0	
INSERT INTO t1 (a) VALUES (1);
SELECT a FROM t1;
a
1
ALTER TABLE t1 ADD COLUMN b CHAR(8) DEFAULT '';
SHOW COLUMNS IN t1;
Field	Type	Null	Key	Default	Extra
a	int(11)	NO	PRI	0	
b	char(8)	YES			
INSERT INTO t1 (b) VALUES ('a');
SELECT a,b FROM t1 ORDER BY a,b;
a	b
0	a
1	
DROP TABLE t1;
