########################
# Fixed point columns (NUMERIC, DECIMAL)
########################
DROP TABLE IF EXISTS t1;
CREATE TABLE t1 (
d DECIMAL ZEROFILL,
d0 DECIMAL(0) ZEROFILL,
d1_1 DECIMAL(1,1) ZEROFILL,
d10_2 DECIMAL(10,2) ZEROFILL,
d60_10 DECIMAL(60,10) ZEROFILL,
n NUMERIC ZEROFILL,
n0_0 NUMERIC(0,0) ZEROFILL,
n1 NUMERIC(1) ZEROFILL,
n20_4 NUMERIC(20,4) ZEROFILL,
n65_4 NUMERIC(65,4) ZEROFILL,
pk NUMERIC ZEROFILL PRIMARY KEY
) ENGINE=rocksdb;
SHOW COLUMNS IN t1;
Field	Type	Null	Key	Default	Extra
d	decimal(10,0) unsigned zerofill	YES		NULL	
d0	decimal(10,0) unsigned zerofill	YES		NULL	
d1_1	decimal(1,1) unsigned zerofill	YES		NULL	
d10_2	decimal(10,2) unsigned zerofill	YES		NULL	
d60_10	decimal(60,10) unsigned zerofill	YES		NULL	
n	decimal(10,0) unsigned zerofill	YES		NULL	
n0_0	decimal(10,0) unsigned zerofill	YES		NULL	
n1	decimal(1,0) unsigned zerofill	YES		NULL	
n20_4	decimal(20,4) unsigned zerofill	YES		NULL	
n65_4	decimal(65,4) unsigned zerofill	YES		NULL	
pk	decimal(10,0) unsigned zerofill	NO	PRI	NULL	
INSERT INTO t1 (d,d0,d1_1,d10_2,d60_10,n,n0_0,n1,n20_4,n65_4,pk) VALUES (100,123456,0.3,40000.25,123456789123456789.10001,1024,7000.0,8.0,999999.9,9223372036854775807,1);
INSERT INTO t1 (d,d0,d1_1,d10_2,d60_10,n,n0_0,n1,n20_4,n65_4,pk) VALUES (0,0,0,0,0,0,0,0,0,0,2);
INSERT INTO t1 (d,d0,d1_1,d10_2,d60_10,n,n0_0,n1,n20_4,n65_4,pk) VALUES (9999999999.0,9999999999.0,0.9,99999999.99,99999999999999999999999999999999999999999999999999.9999999999,9999999999.0,9999999999.0,9.0,9999999999999999.9999,9999999999999999999999999999999999999999999999999999999999999.9999,3);
SELECT d,d0,d1_1,d10_2,d60_10,n,n0_0,n1,n20_4,n65_4 FROM t1;
d	d0	d1_1	d10_2	d60_10	n	n0_0	n1	n20_4	n65_4
0000000000	0000000000	0.0	00000000.00	00000000000000000000000000000000000000000000000000.0000000000	0000000000	0000000000	0	0000000000000000.0000	0000000000000000000000000000000000000000000000000000000000000.0000
0000000100	0000123456	0.3	00040000.25	00000000000000000000000000000000123456789123456789.1000100000	0000001024	0000007000	8	0000000000999999.9000	0000000000000000000000000000000000000000009223372036854775807.0000
9999999999	9999999999	0.9	99999999.99	99999999999999999999999999999999999999999999999999.9999999999	9999999999	9999999999	9	9999999999999999.9999	9999999999999999999999999999999999999999999999999999999999999.9999
INSERT INTO t1 (d,d0,d1_1,d10_2,d60_10,n,n0_0,n1,n20_4,n65_4,pk) VALUES (-100,-123456,-0.3,-40000.25,-123456789123456789.10001,-1024,-7000.0,-8.0,-999999.9,-9223372036854775807,4);
Warnings:
Warning	1264	Out of range value for column 'd' at row 1
Warning	1264	Out of range value for column 'd0' at row 1
Warning	1264	Out of range value for column 'd1_1' at row 1
Warning	1264	Out of range value for column 'd10_2' at row 1
Warning	1264	Out of range value for column 'd60_10' at row 1
Warning	1264	Out of range value for column 'n' at row 1
Warning	1264	Out of range value for column 'n0_0' at row 1
Warning	1264	Out of range value for column 'n1' at row 1
Warning	1264	Out of range value for column 'n20_4' at row 1
Warning	1264	Out of range value for column 'n65_4' at row 1
INSERT INTO t1 (d,d0,d1_1,d10_2,d60_10,n,n0_0,n1,n20_4,n65_4,pk) VALUES (-9999999999.0,-9999999999.0,-0.9,-99999999.99,-99999999999999999999999999999999999999999999999999.9999999999,-9999999999.0,-9999999999.0,-9.0,-9999999999999999.9999,-9999999999999999999999999999999999999999999999999999999999999.9999,5);
Warnings:
Warning	1264	Out of range value for column 'd' at row 1
Warning	1264	Out of range value for column 'd0' at row 1
Warning	1264	Out of range value for column 'd1_1' at row 1
Warning	1264	Out of range value for column 'd10_2' at row 1
Warning	1264	Out of range value for column 'd60_10' at row 1
Warning	1264	Out of range value for column 'n' at row 1
Warning	1264	Out of range value for column 'n0_0' at row 1
Warning	1264	Out of range value for column 'n1' at row 1
Warning	1264	Out of range value for column 'n20_4' at row 1
Warning	1264	Out of range value for column 'n65_4' at row 1
SELECT d,d0,d1_1,d10_2,d60_10,n,n0_0,n1,n20_4,n65_4 FROM t1;
d	d0	d1_1	d10_2	d60_10	n	n0_0	n1	n20_4	n65_4
0000000000	0000000000	0.0	00000000.00	00000000000000000000000000000000000000000000000000.0000000000	0000000000	0000000000	0	0000000000000000.0000	0000000000000000000000000000000000000000000000000000000000000.0000
0000000000	0000000000	0.0	00000000.00	00000000000000000000000000000000000000000000000000.0000000000	0000000000	0000000000	0	0000000000000000.0000	0000000000000000000000000000000000000000000000000000000000000.0000
0000000000	0000000000	0.0	00000000.00	00000000000000000000000000000000000000000000000000.0000000000	0000000000	0000000000	0	0000000000000000.0000	0000000000000000000000000000000000000000000000000000000000000.0000
0000000100	0000123456	0.3	00040000.25	00000000000000000000000000000000123456789123456789.1000100000	0000001024	0000007000	8	0000000000999999.9000	0000000000000000000000000000000000000000009223372036854775807.0000
9999999999	9999999999	0.9	99999999.99	99999999999999999999999999999999999999999999999999.9999999999	9999999999	9999999999	9	9999999999999999.9999	9999999999999999999999999999999999999999999999999999999999999.9999
SELECT d,d0,d1_1,d10_2,d60_10,n,n0_0,n1,n20_4,n65_4 FROM t1 WHERE n20_4 = 9999999999999999.9999 OR d < 100;
d	d0	d1_1	d10_2	d60_10	n	n0_0	n1	n20_4	n65_4
0000000000	0000000000	0.0	00000000.00	00000000000000000000000000000000000000000000000000.0000000000	0000000000	0000000000	0	0000000000000000.0000	0000000000000000000000000000000000000000000000000000000000000.0000
0000000000	0000000000	0.0	00000000.00	00000000000000000000000000000000000000000000000000.0000000000	0000000000	0000000000	0	0000000000000000.0000	0000000000000000000000000000000000000000000000000000000000000.0000
0000000000	0000000000	0.0	00000000.00	00000000000000000000000000000000000000000000000000.0000000000	0000000000	0000000000	0	0000000000000000.0000	0000000000000000000000000000000000000000000000000000000000000.0000
9999999999	9999999999	0.9	99999999.99	99999999999999999999999999999999999999999999999999.9999999999	9999999999	9999999999	9	9999999999999999.9999	9999999999999999999999999999999999999999999999999999999999999.9999
INSERT INTO t1 (d,d0,d1_1,d10_2,d60_10,n,n0_0,n1,n20_4,n65_4,pk) VALUES (
9999999999999999999999999999999999999999999999999999999999999.9999,
9999999999999999999999999999999999999999999999999999999999999.9999,
9999999999999999999999999999999999999999999999999999999999999.9999,
9999999999999999999999999999999999999999999999999999999999999.9999,
9999999999999999999999999999999999999999999999999999999999999.9999,
9999999999999999999999999999999999999999999999999999999999999.9999,
9999999999999999999999999999999999999999999999999999999999999.9999,
9999999999999999999999999999999999999999999999999999999999999.9999,
9999999999999999999999999999999999999999999999999999999999999.9999,
9999999999999999999999999999999999999999999999999999999999999.9999,
6
);
Warnings:
Warning	1264	Out of range value for column 'd' at row 1
Warning	1264	Out of range value for column 'd0' at row 1
Warning	1264	Out of range value for column 'd1_1' at row 1
Warning	1264	Out of range value for column 'd10_2' at row 1
Warning	1264	Out of range value for column 'd60_10' at row 1
Warning	1264	Out of range value for column 'n' at row 1
Warning	1264	Out of range value for column 'n0_0' at row 1
Warning	1264	Out of range value for column 'n1' at row 1
Warning	1264	Out of range value for column 'n20_4' at row 1
SELECT d,d0,d1_1,d10_2,d60_10,n,n0_0,n1,n20_4,n65_4 FROM t1;
d	d0	d1_1	d10_2	d60_10	n	n0_0	n1	n20_4	n65_4
0000000000	0000000000	0.0	00000000.00	00000000000000000000000000000000000000000000000000.0000000000	0000000000	0000000000	0	0000000000000000.0000	0000000000000000000000000000000000000000000000000000000000000.0000
0000000000	0000000000	0.0	00000000.00	00000000000000000000000000000000000000000000000000.0000000000	0000000000	0000000000	0	0000000000000000.0000	0000000000000000000000000000000000000000000000000000000000000.0000
0000000000	0000000000	0.0	00000000.00	00000000000000000000000000000000000000000000000000.0000000000	0000000000	0000000000	0	0000000000000000.0000	0000000000000000000000000000000000000000000000000000000000000.0000
0000000100	0000123456	0.3	00040000.25	00000000000000000000000000000000123456789123456789.1000100000	0000001024	0000007000	8	0000000000999999.9000	0000000000000000000000000000000000000000009223372036854775807.0000
9999999999	9999999999	0.9	99999999.99	99999999999999999999999999999999999999999999999999.9999999999	9999999999	9999999999	9	9999999999999999.9999	9999999999999999999999999999999999999999999999999999999999999.9999
9999999999	9999999999	0.9	99999999.99	99999999999999999999999999999999999999999999999999.9999999999	9999999999	9999999999	9	9999999999999999.9999	9999999999999999999999999999999999999999999999999999999999999.9999
INSERT INTO t1 (d,d0,d1_1,d10_2,d60_10,n,n0_0,n1,n20_4,n65_4,pk) VALUES (10000000000.0,10000000000.0,1.1,100000000.99,100000000000000000000000000000000000000000000000000.0,10000000000.0,10000000000.0,10.0,10000000000000000.9999,10000000000000000000000000000000000000000000000000000000000000.9999,7);
Warnings:
Warning	1264	Out of range value for column 'd' at row 1
Warning	1264	Out of range value for column 'd0' at row 1
Warning	1264	Out of range value for column 'd1_1' at row 1
Warning	1264	Out of range value for column 'd10_2' at row 1
Warning	1264	Out of range value for column 'd60_10' at row 1
Warning	1264	Out of range value for column 'n' at row 1
Warning	1264	Out of range value for column 'n0_0' at row 1
Warning	1264	Out of range value for column 'n1' at row 1
Warning	1264	Out of range value for column 'n20_4' at row 1
Warning	1264	Out of range value for column 'n65_4' at row 1
SELECT d,d0,d1_1,d10_2,d60_10,n,n0_0,n1,n20_4,n65_4 FROM t1;
d	d0	d1_1	d10_2	d60_10	n	n0_0	n1	n20_4	n65_4
0000000000	0000000000	0.0	00000000.00	00000000000000000000000000000000000000000000000000.0000000000	0000000000	0000000000	0	0000000000000000.0000	0000000000000000000000000000000000000000000000000000000000000.0000
0000000000	0000000000	0.0	00000000.00	00000000000000000000000000000000000000000000000000.0000000000	0000000000	0000000000	0	0000000000000000.0000	0000000000000000000000000000000000000000000000000000000000000.0000
0000000000	0000000000	0.0	00000000.00	00000000000000000000000000000000000000000000000000.0000000000	0000000000	0000000000	0	0000000000000000.0000	0000000000000000000000000000000000000000000000000000000000000.0000
0000000100	0000123456	0.3	00040000.25	00000000000000000000000000000000123456789123456789.1000100000	0000001024	0000007000	8	0000000000999999.9000	0000000000000000000000000000000000000000009223372036854775807.0000
9999999999	9999999999	0.9	99999999.99	99999999999999999999999999999999999999999999999999.9999999999	9999999999	9999999999	9	9999999999999999.9999	9999999999999999999999999999999999999999999999999999999999999.9999
9999999999	9999999999	0.9	99999999.99	99999999999999999999999999999999999999999999999999.9999999999	9999999999	9999999999	9	9999999999999999.9999	9999999999999999999999999999999999999999999999999999999999999.9999
9999999999	9999999999	0.9	99999999.99	99999999999999999999999999999999999999999999999999.9999999999	9999999999	9999999999	9	9999999999999999.9999	9999999999999999999999999999999999999999999999999999999999999.9999
INSERT INTO t1 (d,d0,d1_1,d10_2,d60_10,n,n0_0,n1,n20_4,n65_4,pk) VALUES (9999999999.1,9999999999.1,1.9,99999999.001,99999999999999999999999999999999999999999999999999.99999999991,9999999999.1,9999999999.1,9.1,9999999999999999.00001,9999999999999999999999999999999999999999999999999999999999999.11111,8);
Warnings:
Note	1265	Data truncated for column 'd' at row 1
Note	1265	Data truncated for column 'd0' at row 1
Warning	1264	Out of range value for column 'd1_1' at row 1
Note	1265	Data truncated for column 'd10_2' at row 1
Note	1265	Data truncated for column 'd60_10' at row 1
Note	1265	Data truncated for column 'n' at row 1
Note	1265	Data truncated for column 'n0_0' at row 1
Note	1265	Data truncated for column 'n1' at row 1
Note	1265	Data truncated for column 'n20_4' at row 1
Note	1265	Data truncated for column 'n65_4' at row 1
SELECT d,d0,d1_1,d10_2,d60_10,n,n0_0,n1,n20_4,n65_4 FROM t1;
d	d0	d1_1	d10_2	d60_10	n	n0_0	n1	n20_4	n65_4
0000000000	0000000000	0.0	00000000.00	00000000000000000000000000000000000000000000000000.0000000000	0000000000	0000000000	0	0000000000000000.0000	0000000000000000000000000000000000000000000000000000000000000.0000
0000000000	0000000000	0.0	00000000.00	00000000000000000000000000000000000000000000000000.0000000000	0000000000	0000000000	0	0000000000000000.0000	0000000000000000000000000000000000000000000000000000000000000.0000
0000000000	0000000000	0.0	00000000.00	00000000000000000000000000000000000000000000000000.0000000000	0000000000	0000000000	0	0000000000000000.0000	0000000000000000000000000000000000000000000000000000000000000.0000
0000000100	0000123456	0.3	00040000.25	00000000000000000000000000000000123456789123456789.1000100000	0000001024	0000007000	8	0000000000999999.9000	0000000000000000000000000000000000000000009223372036854775807.0000
9999999999	9999999999	0.9	99999999.00	99999999999999999999999999999999999999999999999999.9999999999	9999999999	9999999999	9	9999999999999999.0000	9999999999999999999999999999999999999999999999999999999999999.1111
9999999999	9999999999	0.9	99999999.99	99999999999999999999999999999999999999999999999999.9999999999	9999999999	9999999999	9	9999999999999999.9999	9999999999999999999999999999999999999999999999999999999999999.9999
9999999999	9999999999	0.9	99999999.99	99999999999999999999999999999999999999999999999999.9999999999	9999999999	9999999999	9	9999999999999999.9999	9999999999999999999999999999999999999999999999999999999999999.9999
9999999999	9999999999	0.9	99999999.99	99999999999999999999999999999999999999999999999999.9999999999	9999999999	9999999999	9	9999999999999999.9999	9999999999999999999999999999999999999999999999999999999999999.9999
ALTER TABLE t1 ADD COLUMN n66 NUMERIC(66) ZEROFILL;
ERROR 42000: Too big precision 66 specified for 'n66'. Maximum is 65
ALTER TABLE t1 ADD COLUMN n66_6 DECIMAL(66,6) ZEROFILL;
ERROR 42000: Too big precision 66 specified for 'n66_6'. Maximum is 65
ALTER TABLE t1 ADD COLUMN n66_66 DECIMAL(66,66) ZEROFILL;
ERROR 42000: Too big scale 66 specified for 'n66_66'. Maximum is 38
DROP TABLE t1;
CREATE TABLE t1 (
a DECIMAL ZEROFILL,
b NUMERIC ZEROFILL,
PRIMARY KEY (a)
) ENGINE=rocksdb;
SHOW COLUMNS IN t1;
Field	Type	Null	Key	Default	Extra
a	decimal(10,0) unsigned zerofill	NO	PRI	NULL	
b	decimal(10,0) unsigned zerofill	YES		NULL	
INSERT INTO t1 (a,b) VALUES (1.1,1234);
Warnings:
Note	1265	Data truncated for column 'a' at row 1
SELECT a,b FROM t1;
a	b
0000000001	0000001234
DROP TABLE t1;
########################
# Floating point columns (FLOAT, DOUBLE)
########################
DROP TABLE IF EXISTS t1;
CREATE TABLE t1 (
f FLOAT ZEROFILL,
f0 FLOAT(0) ZEROFILL,
r1_1 REAL(1,1) ZEROFILL,
f23_0 FLOAT(23) ZEROFILL,
f20_3 FLOAT(20,3) ZEROFILL,
d DOUBLE ZEROFILL,
d1_0 DOUBLE(1,0) ZEROFILL,
d10_10 DOUBLE PRECISION (10,10) ZEROFILL,
d53 DOUBLE(53,0) ZEROFILL,
d53_10 DOUBLE(53,10) ZEROFILL,
pk DOUBLE ZEROFILL PRIMARY KEY
) ENGINE=rocksdb;
SHOW COLUMNS IN t1;
Field	Type	Null	Key	Default	Extra
f	float unsigned zerofill	YES		NULL	
f0	float unsigned zerofill	YES		NULL	
r1_1	double(1,1) unsigned zerofill	YES		NULL	
f23_0	float unsigned zerofill	YES		NULL	
f20_3	float(20,3) unsigned zerofill	YES		NULL	
d	double unsigned zerofill	YES		NULL	
d1_0	double(1,0) unsigned zerofill	YES		NULL	
d10_10	double(10,10) unsigned zerofill	YES		NULL	
d53	double(53,0) unsigned zerofill	YES		NULL	
d53_10	double(53,10) unsigned zerofill	YES		NULL	
pk	double unsigned zerofill	NO	PRI	NULL	
INSERT INTO t1 (f,f0,r1_1,f23_0,f20_3,d,d1_0,d10_10,d53,d53_10,pk) VALUES (12345.12345,12345.12345,0.9,123456789.123,56789.987,11111111.111,8.0,0.0123456789,1234566789123456789,99999999999999999.99999999,1);
SELECT f,f0,r1_1,f23_0,f20_3,d,d1_0,d10_10,d53,d53_10 FROM t1;
f	0000012345.1
d	000000000011111111.111
d10_10	0.0123456789
d1_0	8
d53	00000000000000000000000000000000001234566789123456800
d53_10	000000000000000000000000100000000000000000.0000000000
f0	0000012345.1
f20_3	0000000000056789.988
f23_0	000123457000
r1_1	0.9
INSERT INTO t1 (f,f0,r1_1,f23_0,f20_3,d,d1_0,d10_10,d53,d53_10,pk) VALUES (0,0,0,0,0,0,0,0,0,0,2);
INSERT INTO t1 (f,f0,r1_1,f23_0,f20_3,d,d1_0,d10_10,d53,d53_10,pk) VALUES (
99999999999999999999999999999999999999,
99999999999999999999999999999999999999.9999999999999999,
0.9,
99999999999999999999999999999999999999.9,
99999999999999999.999,
999999999999999999999999999999999999999999999999999999999999999999999999999999999,
9,
0.9999999999, 
1999999999999999999999999999999999999999999999999999999,
19999999999999999999999999999999999999999999.9999999999,
3
);
Warnings:
Warning	1264	Out of range value for column 'd53' at row 1
Warning	1264	Out of range value for column 'd53_10' at row 1
SELECT f,f0,r1_1,f23_0,f20_3,d,d1_0,d10_10,d53,d53_10 FROM t1;
f	0000012345.1
d	0000000000000000000000
d	0000000000000000001e81
d	000000000011111111.111
d10_10	0.0000000000
d10_10	0.0123456789
d10_10	0.9999999999
d1_0	0
d1_0	8
d1_0	9
d53	00000000000000000000000000000000000000000000000000000
d53	00000000000000000000000000000000001234566789123456800
d53	100000000000000000000000000000000000000000000000000000
d53_10	000000000000000000000000000000000000000000.0000000000
d53_10	000000000000000000000000100000000000000000.0000000000
d53_10	10000000000000000000000000000000000000000000.0000000000
f	000000000000
f	000000001e38
f0	000000000000
f0	000000001e38
f0	0000012345.1
f20_3	0000000000000000.000
f20_3	0000000000056789.988
f20_3	99999998430674940.000
f23_0	000000000000
f23_0	000000001e38
f23_0	000123457000
r1_1	0.0
r1_1	0.9
r1_1	0.9
INSERT INTO t1 (f,f0,r1_1,f23_0,f20_3,d,d1_0,d10_10,d53,d53_10,pk) VALUES (-999999999999999999999999,-99999999999.999999999999,-0.9,-999.99999999999999999999,-99999999999999999.999,-999999999999999999999999999999999999999999999999999999999999-0.999,-9,-.9999999999,-999999999999999999999999999999.99999999999999999999999,-9999999999999999999999999999999999999999999.9999999999,4);
Warnings:
Warning	1264	Out of range value for column 'f' at row 1
Warning	1264	Out of range value for column 'f0' at row 1
Warning	1264	Out of range value for column 'r1_1' at row 1
Warning	1264	Out of range value for column 'f23_0' at row 1
Warning	1264	Out of range value for column 'f20_3' at row 1
Warning	1264	Out of range value for column 'd' at row 1
Warning	1264	Out of range value for column 'd1_0' at row 1
Warning	1264	Out of range value for column 'd10_10' at row 1
Warning	1264	Out of range value for column 'd53' at row 1
Warning	1264	Out of range value for column 'd53_10' at row 1
SELECT f,f0,r1_1,f23_0,f20_3,d,d1_0,d10_10,d53,d53_10 FROM t1;
f	0000012345.1
d	0000000000000000000000
d	0000000000000000000000
d	0000000000000000001e81
d	000000000011111111.111
d10_10	0.0000000000
d10_10	0.0000000000
d10_10	0.0123456789
d10_10	0.9999999999
d1_0	0
d1_0	0
d1_0	8
d1_0	9
d53	00000000000000000000000000000000000000000000000000000
d53	00000000000000000000000000000000000000000000000000000
d53	00000000000000000000000000000000001234566789123456800
d53	100000000000000000000000000000000000000000000000000000
d53_10	000000000000000000000000000000000000000000.0000000000
d53_10	000000000000000000000000000000000000000000.0000000000
d53_10	000000000000000000000000100000000000000000.0000000000
d53_10	10000000000000000000000000000000000000000000.0000000000
f	000000000000
f	000000000000
f	000000001e38
f0	000000000000
f0	000000000000
f0	000000001e38
f0	0000012345.1
f20_3	0000000000000000.000
f20_3	0000000000000000.000
f20_3	0000000000056789.988
f20_3	99999998430674940.000
f23_0	000000000000
f23_0	000000000000
f23_0	000000001e38
f23_0	000123457000
r1_1	0.0
r1_1	0.0
r1_1	0.9
r1_1	0.9
SELECT
CONCAT('', MAX(f)),
CONCAT('', MAX(f0)),
CONCAT('', MAX(r1_1)),
CONCAT('', MAX(f23_0)),
CONCAT('', MAX(f20_3)),
CONCAT('', MAX(d)),
CONCAT('', MAX(d1_0)),
CONCAT('', MAX(d10_10)),
CONCAT('', MAX(d53)),
CONCAT('', MAX(d53_10)) FROM t1;
CONCAT('', MAX(f))	9.999999680285692e37
CONCAT('', MAX(d))	1e81
CONCAT('', MAX(d10_10))	0.9999999999
CONCAT('', MAX(d1_0))	9
CONCAT('', MAX(d53))	100000000000000000000000000000000000000000000000000000
CONCAT('', MAX(d53_10))	10000000000000000000000000000000000000000000.0000000000
CONCAT('', MAX(f0))	9.999999680285692e37
CONCAT('', MAX(f20_3))	99999998430674940.000
CONCAT('', MAX(f23_0))	9.999999680285692e37
CONCAT('', MAX(r1_1))	0.9
INSERT INTO t1 (f,f0,r1_1,f23_0,f20_3,d,d1_0,d10_10,d53,d53_10,pk) VALUES (
9999999999999999999999999999999999999999999999999999999999999.9999,
9999999999999999999999999999999999999999999999999999999999999.9999,
9999999999999999999999999999999999999999999999999999999999999.9999,
9999999999999999999999999999999999999999999999999999999999999.9999,
9999999999999999999999999999999999999999999999999999999999999.9999,
9999999999999999999999999999999999999999999999999999999999999.9999,
9999999999999999999999999999999999999999999999999999999999999.9999,
9999999999999999999999999999999999999999999999999999999999999.9999,
9999999999999999999999999999999999999999999999999999999999999.9999,
9999999999999999999999999999999999999999999999999999999999999.9999,
5
);
Warnings:
Warning	1264	Out of range value for column 'f' at row 1
Warning	1264	Out of range value for column 'f0' at row 1
Warning	1264	Out of range value for column 'r1_1' at row 1
Warning	1264	Out of range value for column 'f23_0' at row 1
Warning	1264	Out of range value for column 'f20_3' at row 1
Warning	1264	Out of range value for column 'd1_0' at row 1
Warning	1264	Out of range value for column 'd10_10' at row 1
Warning	1264	Out of range value for column 'd53' at row 1
Warning	1264	Out of range value for column 'd53_10' at row 1
SELECT f,f0,r1_1,f23_0,f20_3,d,d1_0,d10_10,d53,d53_10 FROM t1;
f	0000012345.1
d	0000000000000000000000
d	0000000000000000000000
d	0000000000000000001e61
d	0000000000000000001e81
d	000000000011111111.111
d10_10	0.0000000000
d10_10	0.0000000000
d10_10	0.0123456789
d10_10	0.9999999999
d10_10	0.9999999999
d1_0	0
d1_0	0
d1_0	8
d1_0	9
d1_0	9
d53	00000000000000000000000000000000000000000000000000000
d53	00000000000000000000000000000000000000000000000000000
d53	00000000000000000000000000000000001234566789123456800
d53	100000000000000000000000000000000000000000000000000000
d53	100000000000000000000000000000000000000000000000000000
d53_10	000000000000000000000000000000000000000000.0000000000
d53_10	000000000000000000000000000000000000000000.0000000000
d53_10	000000000000000000000000100000000000000000.0000000000
d53_10	10000000000000000000000000000000000000000000.0000000000
d53_10	10000000000000000000000000000000000000000000.0000000000
f	000000000000
f	000000000000
f	000000001e38
f	003.40282e38
f0	000000000000
f0	000000000000
f0	000000001e38
f0	0000012345.1
f0	003.40282e38
f20_3	0000000000000000.000
f20_3	0000000000000000.000
f20_3	0000000000056789.988
f20_3	99999998430674940.000
f20_3	99999998430674940.000
f23_0	000000000000
f23_0	000000000000
f23_0	000000001e38
f23_0	000123457000
f23_0	003.40282e38
r1_1	0.0
r1_1	0.0
r1_1	0.9
r1_1	0.9
r1_1	0.9
INSERT INTO t1 (f,f0,r1_1,f23_0,f20_3,d,d1_0,d10_10,d53,d53_10,pk) VALUES (
999999999999999999999999999999999999999,
999999999999999999999999999999999999999.9999999999999999,
1.9,
999999999999999999999999999999999999999.9,
999999999999999999.999,
9999999999999999999999999999999999999999999999999999999999999999999999999999999999,
99,
1.9999999999,
1999999999999999999999999999999999999999999999999999999,
19999999999999999999999999999999999999999999.9999999999,
6
);
Warnings:
Warning	1916	Got overflow when converting '' to DECIMAL. Value truncated
Warning	1264	Out of range value for column 'f' at row 1
Warning	1264	Out of range value for column 'f0' at row 1
Warning	1264	Out of range value for column 'r1_1' at row 1
Warning	1264	Out of range value for column 'f23_0' at row 1
Warning	1264	Out of range value for column 'f20_3' at row 1
Warning	1264	Out of range value for column 'd1_0' at row 1
Warning	1264	Out of range value for column 'd10_10' at row 1
Warning	1264	Out of range value for column 'd53' at row 1
Warning	1264	Out of range value for column 'd53_10' at row 1
SELECT f,f0,r1_1,f23_0,f20_3,d,d1_0,d10_10,d53,d53_10 FROM t1;
f	0000012345.1
d	0000000000000000000000
d	0000000000000000000000
d	0000000000000000001e61
d	0000000000000000001e65
d	0000000000000000001e81
d	000000000011111111.111
d10_10	0.0000000000
d10_10	0.0000000000
d10_10	0.0123456789
d10_10	0.9999999999
d10_10	0.9999999999
d10_10	0.9999999999
d1_0	0
d1_0	0
d1_0	8
d1_0	9
d1_0	9
d1_0	9
d53	00000000000000000000000000000000000000000000000000000
d53	00000000000000000000000000000000000000000000000000000
d53	00000000000000000000000000000000001234566789123456800
d53	100000000000000000000000000000000000000000000000000000
d53	100000000000000000000000000000000000000000000000000000
d53	100000000000000000000000000000000000000000000000000000
d53_10	000000000000000000000000000000000000000000.0000000000
d53_10	000000000000000000000000000000000000000000.0000000000
d53_10	000000000000000000000000100000000000000000.0000000000
d53_10	10000000000000000000000000000000000000000000.0000000000
d53_10	10000000000000000000000000000000000000000000.0000000000
d53_10	10000000000000000000000000000000000000000000.0000000000
f	000000000000
f	000000000000
f	000000001e38
f	003.40282e38
f	003.40282e38
f0	000000000000
f0	000000000000
f0	000000001e38
f0	0000012345.1
f0	003.40282e38
f0	003.40282e38
f20_3	0000000000000000.000
f20_3	0000000000000000.000
f20_3	0000000000056789.988
f20_3	99999998430674940.000
f20_3	99999998430674940.000
f20_3	99999998430674940.000
f23_0	000000000000
f23_0	000000000000
f23_0	000000001e38
f23_0	000123457000
f23_0	003.40282e38
f23_0	003.40282e38
r1_1	0.0
r1_1	0.0
r1_1	0.9
r1_1	0.9
r1_1	0.9
r1_1	0.9
ALTER TABLE t1 ADD COLUMN d0_0 DOUBLE(0,0) ZEROFILL;
ALTER TABLE t1 ADD COLUMN n66_6 DECIMAL(256,1) ZEROFILL;
ERROR 42000: Too big precision 256 specified for 'n66_6'. Maximum is 65
ALTER TABLE t1 ADD COLUMN n66_66 DECIMAL(40,35) ZEROFILL;
DROP TABLE t1;
CREATE TABLE t1 (
a DOUBLE ZEROFILL,
b FLOAT ZEROFILL,
PRIMARY KEY (b)
) ENGINE=rocksdb;
SHOW COLUMNS IN t1;
Field	Type	Null	Key	Default	Extra
a	double unsigned zerofill	YES		NULL	
b	float unsigned zerofill	NO	PRI	NULL	
INSERT INTO t1 (a,b) VALUES (1,1234.5);
SELECT a,b FROM t1;
a	b
0000000000000000000001	0000001234.5
DROP TABLE t1;
########################
# INT columns
########################
DROP TABLE IF EXISTS t1;
CREATE TABLE t1 (
i INT ZEROFILL,
i0 INT(0) ZEROFILL,
i1 INT(1) ZEROFILL,
i20 INT(20) ZEROFILL,
t TINYINT ZEROFILL,
t0 TINYINT(0) ZEROFILL,
t1 TINYINT(1) ZEROFILL,
t20 TINYINT(20) ZEROFILL,
s SMALLINT ZEROFILL,
s0 SMALLINT(0) ZEROFILL,
s1 SMALLINT(1) ZEROFILL,
s20 SMALLINT(20) ZEROFILL,
m MEDIUMINT ZEROFILL,
m0 MEDIUMINT(0) ZEROFILL,
m1 MEDIUMINT(1) ZEROFILL,
m20 MEDIUMINT(20) ZEROFILL,
b BIGINT ZEROFILL,
b0 BIGINT(0) ZEROFILL,
b1 BIGINT(1) ZEROFILL,
b20 BIGINT(20) ZEROFILL,
pk INT AUTO_INCREMENT PRIMARY KEY
) ENGINE=rocksdb;
SHOW COLUMNS IN t1;
Field	Type	Null	Key	Default	Extra
i	int(10) unsigned zerofill	YES		NULL	
i0	int(10) unsigned zerofill	YES		NULL	
i1	int(1) unsigned zerofill	YES		NULL	
i20	int(20) unsigned zerofill	YES		NULL	
t	tinyint(3) unsigned zerofill	YES		NULL	
t0	tinyint(3) unsigned zerofill	YES		NULL	
t1	tinyint(1) unsigned zerofill	YES		NULL	
t20	tinyint(20) unsigned zerofill	YES		NULL	
s	smallint(5) unsigned zerofill	YES		NULL	
s0	smallint(5) unsigned zerofill	YES		NULL	
s1	smallint(1) unsigned zerofill	YES		NULL	
s20	smallint(20) unsigned zerofill	YES		NULL	
m	mediumint(8) unsigned zerofill	YES		NULL	
m0	mediumint(8) unsigned zerofill	YES		NULL	
m1	mediumint(1) unsigned zerofill	YES		NULL	
m20	mediumint(20) unsigned zerofill	YES		NULL	
b	bigint(20) unsigned zerofill	YES		NULL	
b0	bigint(20) unsigned zerofill	YES		NULL	
b1	bigint(1) unsigned zerofill	YES		NULL	
b20	bigint(20) unsigned zerofill	YES		NULL	
pk	int(11)	NO	PRI	NULL	auto_increment
INSERT INTO t1 (i,i0,i1,i20,t,t0,t1,t20,s,s0,s1,s20,m,m0,m1,m20,b,b0,b1,b20) VALUES (1,2,3,4,5,6,7,8,9,10,11,12,13,14,15,16,17,18,19,20);
INSERT INTO t1 (i,i0,i1,i20,t,t0,t1,t20,s,s0,s1,s20,m,m0,m1,m20,b,b0,b1,b20) VALUES (0,0,0,0,0,0,0,0,0,0,0,0,0,0,0,0,0,0,0,0);
INSERT INTO t1 (i,i0,i1,i20,t,t0,t1,t20,s,s0,s1,s20,m,m0,m1,m20,b,b0,b1,b20) VALUES (2147483647,2147483647,2147483647,2147483647,127,127,127,127,32767,32767,32767,32767,8388607,8388607,8388607,8388607,9223372036854775807,9223372036854775807,9223372036854775807,9223372036854775807);
SELECT i,i0,i1,i20,t,t0,t1,t20,s,s0,s1,s20,m,m0,m1,m20,b,b0,b1,b20 FROM t1;
i	i0	i1	i20	t	t0	t1	t20	s	s0	s1	s20	m	m0	m1	m20	b	b0	b1	b20
0000000000	0000000000	0	00000000000000000000	000	000	0	00000000000000000000	00000	00000	0	00000000000000000000	00000000	00000000	0	00000000000000000000	00000000000000000000	00000000000000000000	0	00000000000000000000
0000000001	0000000002	3	00000000000000000004	005	006	7	00000000000000000008	00009	00010	11	00000000000000000012	00000013	00000014	15	00000000000000000016	00000000000000000017	00000000000000000018	19	00000000000000000020
2147483647	2147483647	2147483647	00000000002147483647	127	127	127	00000000000000000127	32767	32767	32767	00000000000000032767	08388607	08388607	8388607	00000000000008388607	09223372036854775807	09223372036854775807	9223372036854775807	09223372036854775807
INSERT INTO t1 (i,i0,i1,i20,t,t0,t1,t20,s,s0,s1,s20,m,m0,m1,m20,b,b0,b1,b20) VALUES (-2147483648,-2147483648,-2147483648,-2147483648,-128,-128,-128,-128,-32768,-32768,-32768,-32768,-8388608,-8388608,-8388608,-8388608,-9223372036854775808,-9223372036854775808,-9223372036854775808,-9223372036854775808);
Warnings:
Warning	1264	Out of range value for column 'i' at row 1
Warning	1264	Out of range value for column 'i0' at row 1
Warning	1264	Out of range value for column 'i1' at row 1
Warning	1264	Out of range value for column 'i20' at row 1
Warning	1264	Out of range value for column 't' at row 1
Warning	1264	Out of range value for column 't0' at row 1
Warning	1264	Out of range value for column 't1' at row 1
Warning	1264	Out of range value for column 't20' at row 1
Warning	1264	Out of range value for column 's' at row 1
Warning	1264	Out of range value for column 's0' at row 1
Warning	1264	Out of range value for column 's1' at row 1
Warning	1264	Out of range value for column 's20' at row 1
Warning	1264	Out of range value for column 'm' at row 1
Warning	1264	Out of range value for column 'm0' at row 1
Warning	1264	Out of range value for column 'm1' at row 1
Warning	1264	Out of range value for column 'm20' at row 1
Warning	1264	Out of range value for column 'b' at row 1
Warning	1264	Out of range value for column 'b0' at row 1
Warning	1264	Out of range value for column 'b1' at row 1
Warning	1264	Out of range value for column 'b20' at row 1
INSERT INTO t1 (i,i0,i1,i20,t,t0,t1,t20,s,s0,s1,s20,m,m0,m1,m20,b,b0,b1,b20) VALUES (4294967295,4294967295,4294967295,4294967295,255,255,255,255,65535,65535,65535,65535,16777215,16777215,16777215,16777215,18446744073709551615,18446744073709551615,18446744073709551615,18446744073709551615);
SELECT i,i0,i1,i20,t,t0,t1,t20,s,s0,s1,s20,m,m0,m1,m20,b,b0,b1,b20 FROM t1;
i	i0	i1	i20	t	t0	t1	t20	s	s0	s1	s20	m	m0	m1	m20	b	b0	b1	b20
0000000000	0000000000	0	00000000000000000000	000	000	0	00000000000000000000	00000	00000	0	00000000000000000000	00000000	00000000	0	00000000000000000000	00000000000000000000	00000000000000000000	0	00000000000000000000
0000000000	0000000000	0	00000000000000000000	000	000	0	00000000000000000000	00000	00000	0	00000000000000000000	00000000	00000000	0	00000000000000000000	00000000000000000000	00000000000000000000	0	00000000000000000000
0000000001	0000000002	3	00000000000000000004	005	006	7	00000000000000000008	00009	00010	11	00000000000000000012	00000013	00000014	15	00000000000000000016	00000000000000000017	00000000000000000018	19	00000000000000000020
2147483647	2147483647	2147483647	00000000002147483647	127	127	127	00000000000000000127	32767	32767	32767	00000000000000032767	08388607	08388607	8388607	00000000000008388607	09223372036854775807	09223372036854775807	9223372036854775807	09223372036854775807
4294967295	4294967295	4294967295	00000000004294967295	255	255	255	00000000000000000255	65535	65535	65535	00000000000000065535	16777215	16777215	16777215	00000000000016777215	18446744073709551615	18446744073709551615	18446744073709551615	18446744073709551615
INSERT INTO t1 (i,i0,i1,i20,t,t0,t1,t20,s,s0,s1,s20,m,m0,m1,m20,b,b0,b1,b20) VALUES (-2147483649,-2147483649,-2147483649,-2147483649,-129,-129,-129,-129,-32769,-32769,-32769,-32769,-8388609,-8388609,-8388609,-8388609,-9223372036854775809,-9223372036854775809,-9223372036854775809,-9223372036854775809);
Warnings:
Warning	1264	Out of range value for column 'i' at row 1
Warning	1264	Out of range value for column 'i0' at row 1
Warning	1264	Out of range value for column 'i1' at row 1
Warning	1264	Out of range value for column 'i20' at row 1
Warning	1264	Out of range value for column 't' at row 1
Warning	1264	Out of range value for column 't0' at row 1
Warning	1264	Out of range value for column 't1' at row 1
Warning	1264	Out of range value for column 't20' at row 1
Warning	1264	Out of range value for column 's' at row 1
Warning	1264	Out of range value for column 's0' at row 1
Warning	1264	Out of range value for column 's1' at row 1
Warning	1264	Out of range value for column 's20' at row 1
Warning	1264	Out of range value for column 'm' at row 1
Warning	1264	Out of range value for column 'm0' at row 1
Warning	1264	Out of range value for column 'm1' at row 1
Warning	1264	Out of range value for column 'm20' at row 1
Warning	1264	Out of range value for column 'b' at row 1
Warning	1264	Out of range value for column 'b0' at row 1
Warning	1264	Out of range value for column 'b1' at row 1
Warning	1264	Out of range value for column 'b20' at row 1
INSERT INTO t1 (i,i0,i1,i20,t,t0,t1,t20,s,s0,s1,s20,m,m0,m1,m20,b,b0,b1,b20) VALUES (4294967296,4294967296,4294967296,4294967296,256,256,256,256,65536,65536,65536,65536,16777216,16777216,16777216,16777216,18446744073709551616,18446744073709551616,18446744073709551616,18446744073709551616);
Warnings:
Warning	1264	Out of range value for column 'i' at row 1
Warning	1264	Out of range value for column 'i0' at row 1
Warning	1264	Out of range value for column 'i1' at row 1
Warning	1264	Out of range value for column 'i20' at row 1
Warning	1264	Out of range value for column 't' at row 1
Warning	1264	Out of range value for column 't0' at row 1
Warning	1264	Out of range value for column 't1' at row 1
Warning	1264	Out of range value for column 't20' at row 1
Warning	1264	Out of range value for column 's' at row 1
Warning	1264	Out of range value for column 's0' at row 1
Warning	1264	Out of range value for column 's1' at row 1
Warning	1264	Out of range value for column 's20' at row 1
Warning	1264	Out of range value for column 'm' at row 1
Warning	1264	Out of range value for column 'm0' at row 1
Warning	1264	Out of range value for column 'm1' at row 1
Warning	1264	Out of range value for column 'm20' at row 1
Warning	1264	Out of range value for column 'b' at row 1
Warning	1264	Out of range value for column 'b0' at row 1
Warning	1264	Out of range value for column 'b1' at row 1
Warning	1264	Out of range value for column 'b20' at row 1
INSERT INTO t1 (i,i0,i1,i20,t,t0,t1,t20,s,s0,s1,s20,m,m0,m1,m20,b,b0,b1,b20) SELECT b,b,b,b,b,b,b,b,b,b,b,b,b,b,b,b,b,b,b,b FROM t1 WHERE b IN (-9223372036854775808,9223372036854775807,18446744073709551615);
Warnings:
Warning	1264	Out of range value for column 'i' at row 8
Warning	1264	Out of range value for column 'i0' at row 8
Warning	1264	Out of range value for column 'i1' at row 8
Warning	1264	Out of range value for column 'i20' at row 8
Warning	1264	Out of range value for column 't' at row 8
Warning	1264	Out of range value for column 't0' at row 8
Warning	1264	Out of range value for column 't1' at row 8
Warning	1264	Out of range value for column 't20' at row 8
Warning	1264	Out of range value for column 's' at row 8
Warning	1264	Out of range value for column 's0' at row 8
Warning	1264	Out of range value for column 's1' at row 8
Warning	1264	Out of range value for column 's20' at row 8
Warning	1264	Out of range value for column 'm' at row 8
Warning	1264	Out of range value for column 'm0' at row 8
Warning	1264	Out of range value for column 'm1' at row 8
Warning	1264	Out of range value for column 'm20' at row 8
Warning	1264	Out of range value for column 'i' at row 9
Warning	1264	Out of range value for column 'i0' at row 9
Warning	1264	Out of range value for column 'i1' at row 9
Warning	1264	Out of range value for column 'i20' at row 9
Warning	1264	Out of range value for column 't' at row 9
Warning	1264	Out of range value for column 't0' at row 9
Warning	1264	Out of range value for column 't1' at row 9
Warning	1264	Out of range value for column 't20' at row 9
Warning	1264	Out of range value for column 's' at row 9
Warning	1264	Out of range value for column 's0' at row 9
Warning	1264	Out of range value for column 's1' at row 9
Warning	1264	Out of range value for column 's20' at row 9
Warning	1264	Out of range value for column 'm' at row 9
Warning	1264	Out of range value for column 'm0' at row 9
Warning	1264	Out of range value for column 'm1' at row 9
Warning	1264	Out of range value for column 'm20' at row 9
Warning	1264	Out of range value for column 'i' at row 10
Warning	1264	Out of range value for column 'i0' at row 10
Warning	1264	Out of range value for column 'i1' at row 10
Warning	1264	Out of range value for column 'i20' at row 10
Warning	1264	Out of range value for column 't' at row 10
Warning	1264	Out of range value for column 't0' at row 10
Warning	1264	Out of range value for column 't1' at row 10
Warning	1264	Out of range value for column 't20' at row 10
Warning	1264	Out of range value for column 's' at row 10
Warning	1264	Out of range value for column 's0' at row 10
Warning	1264	Out of range value for column 's1' at row 10
Warning	1264	Out of range value for column 's20' at row 10
Warning	1264	Out of range value for column 'm' at row 10
Warning	1264	Out of range value for column 'm0' at row 10
Warning	1264	Out of range value for column 'm1' at row 10
Warning	1264	Out of range value for column 'm20' at row 10
SELECT i,i0,i1,i20,t,t0,t1,t20,s,s0,s1,s20,m,m0,m1,m20,b,b0,b1,b20 FROM t1;
i	i0	i1	i20	t	t0	t1	t20	s	s0	s1	s20	m	m0	m1	m20	b	b0	b1	b20
0000000000	0000000000	0	00000000000000000000	000	000	0	00000000000000000000	00000	00000	0	00000000000000000000	00000000	00000000	0	00000000000000000000	00000000000000000000	00000000000000000000	0	00000000000000000000
0000000000	0000000000	0	00000000000000000000	000	000	0	00000000000000000000	00000	00000	0	00000000000000000000	00000000	00000000	0	00000000000000000000	00000000000000000000	00000000000000000000	0	00000000000000000000
0000000000	0000000000	0	00000000000000000000	000	000	0	00000000000000000000	00000	00000	0	00000000000000000000	00000000	00000000	0	00000000000000000000	00000000000000000000	00000000000000000000	0	00000000000000000000
0000000001	0000000002	3	00000000000000000004	005	006	7	00000000000000000008	00009	00010	11	00000000000000000012	00000013	00000014	15	00000000000000000016	00000000000000000017	00000000000000000018	19	00000000000000000020
2147483647	2147483647	2147483647	00000000002147483647	127	127	127	00000000000000000127	32767	32767	32767	00000000000000032767	08388607	08388607	8388607	00000000000008388607	09223372036854775807	09223372036854775807	9223372036854775807	09223372036854775807
4294967295	4294967295	4294967295	00000000004294967295	255	255	255	00000000000000000255	65535	65535	65535	00000000000000065535	16777215	16777215	16777215	00000000000016777215	09223372036854775807	09223372036854775807	9223372036854775807	09223372036854775807
4294967295	4294967295	4294967295	00000000004294967295	255	255	255	00000000000000000255	65535	65535	65535	00000000000000065535	16777215	16777215	16777215	00000000000016777215	18446744073709551615	18446744073709551615	18446744073709551615	18446744073709551615
4294967295	4294967295	4294967295	00000000004294967295	255	255	255	00000000000000000255	65535	65535	65535	00000000000000065535	16777215	16777215	16777215	00000000000016777215	18446744073709551615	18446744073709551615	18446744073709551615	18446744073709551615
4294967295	4294967295	4294967295	00000000004294967295	255	255	255	00000000000000000255	65535	65535	65535	00000000000000065535	16777215	16777215	16777215	00000000000016777215	18446744073709551615	18446744073709551615	18446744073709551615	18446744073709551615
4294967295	4294967295	4294967295	00000000004294967295	255	255	255	00000000000000000255	65535	65535	65535	00000000000000065535	16777215	16777215	16777215	00000000000016777215	18446744073709551615	18446744073709551615	18446744073709551615	18446744073709551615
ALTER TABLE t1 ADD COLUMN i257 INT(257) ZEROFILL;
ERROR 42000: Display width out of range for 'i257' (max = 255)
DROP TABLE t1;
CREATE TABLE t1 (
t TINYINT ZEROFILL,
s SMALLINT ZEROFILL,
m MEDIUMINT ZEROFILL,
i INT ZEROFILL,
b BIGINT ZEROFILL,
PRIMARY KEY (b)
) ENGINE=rocksdb;
SHOW COLUMNS IN t1;
Field	Type	Null	Key	Default	Extra
t	tinyint(3) unsigned zerofill	YES		NULL	
s	smallint(5) unsigned zerofill	YES		NULL	
m	mediumint(8) unsigned zerofill	YES		NULL	
i	int(10) unsigned zerofill	YES		NULL	
b	bigint(20) unsigned zerofill	NO	PRI	NULL	
INSERT INTO t1 (t,s,m,i,b) VALUES (1,10,100,1000,0);
SELECT t,s,m,i,b FROM t1;
t	s	m	i	b
001	00010	00000100	0000001000	00000000000000000000
DROP TABLE t1;
