DROP TABLE IF EXISTS t1;
CREATE TABLE t1 (a INT AUTO_INCREMENT PRIMARY KEY) ENGINE=rocksdb AUTO_INCREMENT=10;
SHOW CREATE TABLE t1;
Table	Create Table
t1	CREATE TABLE `t1` (
  `a` int(11) NOT NULL AUTO_INCREMENT,
  PRIMARY KEY (`a`)
) ENGINE=ROCKSDB AUTO_INCREMENT=10 DEFAULT CHARSET=latin1
INSERT INTO t1 VALUES (NULL);
SELECT * FROM t1;
a
10
ALTER TABLE t1 AUTO_INCREMENT=100;
SHOW CREATE TABLE t1;
Table	Create Table
t1	CREATE TABLE `t1` (
  `a` int(11) NOT NULL AUTO_INCREMENT,
  PRIMARY KEY (`a`)
) ENGINE=ROCKSDB AUTO_INCREMENT=100 DEFAULT CHARSET=latin1
INSERT INTO t1 VALUES (NULL);
SELECT * FROM t1 ORDER BY a;
a
10
100
ALTER TABLE t1 AUTO_INCREMENT=50;
SHOW CREATE TABLE t1;
Table	Create Table
t1	CREATE TABLE `t1` (
  `a` int(11) NOT NULL AUTO_INCREMENT,
  PRIMARY KEY (`a`)
) ENGINE=ROCKSDB AUTO_INCREMENT=101 DEFAULT CHARSET=latin1
INSERT INTO t1 VALUES (NULL);
SELECT * FROM t1 ORDER BY a;
a
10
100
101
DROP TABLE t1;
