CREATE TABLE t1 (f1 INTEGER NOT NULL) ENGINE=InnoDB;
CREATE TABLE t2 (f1 INTEGER) ENGINE=InnoDB;
INSERT INTO t1 VALUES (1);
SET GLOBAL debug = 'd,sync.alter_locked_tables_inplace';
SET SESSION wsrep_osu_method='NBO';
ALTER TABLE t1 LOCK=SHARED, ALGORITHM=INPLACE, ADD PRIMARY KEY (f1);;
SET SESSION wsrep_sync_wait=0;
INSERT INTO t2 VALUES (2);
ALTER TABLE t2 ALGORITHM=COPY, ADD COLUMN f2 INTEGER;
SET SESSION lock_wait_timeout=1;
INSERT INTO t1 VALUES (1);
ERROR HY000: Lock wait timeout exceeded; try restarting transaction
SET SESSION lock_wait_timeout=1;
INSERT INTO t2 VALUES (3,4);
INSERT INTO t1 VALUES (3);
ERROR HY000: Lock wait timeout exceeded; try restarting transaction
ALTER TABLE t2 ALGORITHM=COPY, ADD COLUMN f3 INTEGER;
SET DEBUG_SYNC= 'now SIGNAL signal.alter_locked_tables_inplace';
SET GLOBAL debug = '';
SHOW CREATE TABLE t1;
Table	Create Table
t1	CREATE TABLE `t1` (
  `f1` int(11) NOT NULL,
  PRIMARY KEY (`f1`)
) ENGINE=InnoDB DEFAULT CHARSET=latin1
SELECT COUNT(*) = 1 FROM t1;
COUNT(*) = 1
1
SHOW CREATE TABLE t1;
Table	Create Table
t1	CREATE TABLE `t1` (
  `f1` int(11) NOT NULL,
  PRIMARY KEY (`f1`)
) ENGINE=InnoDB DEFAULT CHARSET=latin1
SELECT COUNT(*) = 1 FROM t1;
COUNT(*) = 1
1
DROP TABLE t1;
DROP TABLE t2;
