RESET MASTER;
CREATE TABLE t1 (a INT PRIMARY KEY) ENGINE=InnoDB;
INSERT INTO t1 VALUES (1);
BEGIN;
INSERT INTO t1 VALUES (2);
INSERT INTO t1 VALUES (3);
COMMIT;
SELECT * FROM t1 ORDER BY a;
a
1
2
3
DROP TABLE t1;
SELECT @@GLOBAL.binlog_checksum;
@@GLOBAL.binlog_checksum
NONE
SHOW MASTER STATUS;
File	Position	Binlog_Do_DB	Binlog_Ignore_DB
binlog-000000.ibb	767		
SHOW BINLOG EVENTS IN "binlog-000000.ibb";
Log_name	Pos	Event_type	Server_id	End_log_pos	Info
binlog-000000.ibb	0	Gtid	1	0	GTID 0-1-1
binlog-000000.ibb	0	Query	1	0	use `test`; CREATE TABLE t1 (a INT PRIMARY KEY) ENGINE=InnoDB
binlog-000000.ibb	0	Gtid	1	0	BEGIN GTID 0-1-2
binlog-000000.ibb	0	Query	1	0	use `test`; INSERT INTO t1 VALUES (1)
binlog-000000.ibb	0	Xid	1	0	COMMIT /* xid=34 */
binlog-000000.ibb	0	Gtid	1	0	BEGIN GTID 0-1-3
binlog-000000.ibb	0	Query	1	0	use `test`; INSERT INTO t1 VALUES (2)
binlog-000000.ibb	0	Query	1	0	use `test`; INSERT INTO t1 VALUES (3)
binlog-000000.ibb	0	Xid	1	0	COMMIT /* xid=36 */
binlog-000000.ibb	0	Gtid	1	0	GTID 0-1-4
binlog-000000.ibb	0	Query	1	0	use `test`; DROP TABLE `t1` /* generated by server */
SHOW BINLOG EVENTS LIMIT 2, 3;
Log_name	Pos	Event_type	Server_id	End_log_pos	Info
binlog-000000.ibb	0	Gtid	1	0	BEGIN GTID 0-1-2
binlog-000000.ibb	0	Query	1	0	use `test`; INSERT INTO t1 VALUES (1)
binlog-000000.ibb	0	Xid	1	0	COMMIT /* xid=34 */
CREATE TABLE t2 (a INT PRIMARY KEY, b VARCHAR(2048)) ENGINE=InnoDB;
SET SESSION binlog_format= ROW;
*** Do 1500 transactions ...
SET SESSION binlog_format= MIXED;
DROP TABLE t2;
