include/reset_master.inc
CREATE TABLE t1 (a INT PRIMARY KEY, b INT) ENGINE=InnoDB;
INSERT INTO t1 VALUES (1, 0);
connect con1,localhost,root,,;
START TRANSACTION WITH CONSISTENT SNAPSHOT;
connect con2,localhost,root,,;
*** Connection sees current position by default.
connection default;
INSERT INTO t1 VALUES (2, 0);
FLUSH BINARY LOGS;
INSERT INTO t1 VALUES (3, 0);
INSERT INTO t1 VALUES (4, 0);
SELECT * FROM t1 ORDER BY a;
a	b
1	0
2	0
3	0
4	0
include/show_binlog_events.inc
Log_name	Pos	Event_type	Server_id	End_log_pos	Info
binlog-000001.ibb	#	Gtid	#	#	BEGIN GTID #-#-#
binlog-000001.ibb	#	Query	#	#	use `test`; INSERT INTO t1 VALUES (4, 0)
binlog-000001.ibb	#	Xid	#	#	COMMIT /* XID */
*** START TRANSACTION WITH CONSISTENT SNAPSHOT sees position consistent with read view.
connection con1;
SELECT * FROM t1 ORDER BY a;
a	b
1	0
include/show_binlog_events.inc
Log_name	Pos	Event_type	Server_id	End_log_pos	Info
binlog-000000.ibb	#	Gtid	#	#	BEGIN GTID #-#-#
binlog-000000.ibb	#	Query	#	#	use `test`; INSERT INTO t1 VALUES (2, 0)
binlog-000000.ibb	#	Xid	#	#	COMMIT /* XID */
*** Connection with no active transaction sees the current position.
connection con2;
connection default;
INSERT INTO t1 VALUES (5, 0);
connection con2;
SELECT * FROM t1 ORDER BY a;
a	b
1	0
2	0
3	0
4	0
5	0
include/show_binlog_events.inc
Log_name	Pos	Event_type	Server_id	End_log_pos	Info
binlog-000001.ibb	#	Gtid	#	#	BEGIN GTID #-#-#
binlog-000001.ibb	#	Query	#	#	use `test`; INSERT INTO t1 VALUES (5, 0)
binlog-000001.ibb	#	Xid	#	#	COMMIT /* XID */
connection default;
disconnect con1;
disconnect con2;
DROP TABLE t1;
