RESET MASTER;
CREATE TABLE t1 (a INT PRIMARY KEY) ENGINE=InnoDB;
INSERT INTO t1 VALUES (1);
BEGIN;
INSERT INTO t1 VALUES (2);
INSERT INTO t1 VALUES (3);
COMMIT;
SELECT * FROM t1 ORDER BY a;
a
1
2
3
DROP TABLE t1;
SELECT @@GLOBAL.binlog_checksum;
@@GLOBAL.binlog_checksum
NONE
SHOW MASTER STATUS;
File	Position	Binlog_Do_DB	Binlog_Ignore_DB
binlog-000000.ibb	767		
CREATE TABLE t2 (a INT PRIMARY KEY, b VARCHAR(2048)) ENGINE=InnoDB;
SET SESSION binlog_format= ROW;
*** Do 1500 transactions ...
SET SESSION binlog_format= MIXED;
DROP TABLE t2;
