set default_storage_engine=tokudb;
drop table if exists t;
create table t (id int, unique key(id));
insert into t values (10),(100);
connect c1,localhost,root,,;
begin;
insert into t values (50);
connect c2,localhost,root,,;
begin;
insert into t values (60);
connection c1;
commit;
connection c2;
commit;
connection default;
select * from t;
id
10
50
60
100
disconnect c1;
disconnect c2;
drop table if exists t;
create table t (id int not null, unique key(id));
insert into t values (10),(100);
connect c1,localhost,root,,;
begin;
insert into t values (50);
connect c2,localhost,root,,;
begin;
insert into t values (60);
connection c1;
commit;
connection c2;
commit;
connection default;
select * from t;
id
10
50
60
100
disconnect c1;
disconnect c2;
drop table if exists t;
