SET @tx_isolation= @@global.tx_isolation;
SET GLOBAL TRANSACTION ISOLATION LEVEL READ UNCOMMITTED;
INSERT INTO containers VALUES ("tcp://127.0.0.1:DAEMON_MEMCACHED_PORT_0", "test", "t1",
"c1", "c2,c21,c22,c23,c24,c25,c26,c27", "c3", "c4", "c5",
"PRIMARY", "|");
INSERT INTO containers VALUES ("tcp://127.0.0.1:DAEMON_MEMCACHED_PORT_1", "test", "t1",
"c2", "c1, c2", "c3", "c4", "c5", "i12", "|");
INSERT INTO containers VALUES ("tcp://127.0.0.1:DAEMON_MEMCACHED_PORT_2", "test", "t1",
"c2", "c1,c21", "c3", "c4", "c5", "i12", "|");
INSERT INTO containers VALUES ("tcp://127.0.0.1:DAEMON_MEMCACHED_PORT_3", "test", "t1",
"c21", "c1,c23,c22", "c3", "c4", "c5", "i14", "|");
INSERT INTO containers VALUES ("tcp://127.0.0.1:DAEMON_MEMCACHED_PORT_4", "test", "t1",
"c23", "c1,c21,c22,c24", "c3", "c4", "c5", "i15", "|");
INSERT INTO containers VALUES ("tcp://127.0.0.1:DAEMON_MEMCACHED_PORT_5", "test", "t1",
"c25", "c23,c24,c27,c1", "c3", "c4", "c5", "i16", "|");
INSERT INTO containers VALUES ("tcp://127.0.0.1:DAEMON_MEMCACHED_PORT_6", "test", "t1",
"c26", "c2, c1", "c3", "c4", "c5", "i17", "|");
USE test;
DROP TABLE IF EXISTS t1,t2;
CREATE TABLE t1        (c1 VARCHAR(32),
c2  VARCHAR(512),
c21 VARCHAR(767),
c22 VARCHAR(512),
c23 VARCHAR(128),
c24 VARCHAR(24),
c25 VARCHAR(512),
c26 VARCHAR(128),
c27 VARCHAR(128),
c3 INT, c4 BIGINT UNSIGNED, c5 INT, primary key(c1))
ENGINE = INNODB;
INSERT INTO t1 VALUES ('D','Duesseldorf','City','98765','Hafen','1','A','a','Z',0,0,0);
INSERT INTO t1 VALUES ('O','Oldenburg','Mitte','87654','Deich','2','B','b','Y',0,0,0);
INSERT INTO t1 VALUES ('K','Koeln','West','76543','Rhein','3','C','c','X',0,0,0);
INSERT INTO t1 VALUES ('S','Stuttgart','Nord','65432','Fernsehturm','4','D','d','U',0,0,0);
CREATE UNIQUE INDEX i12 ON t1(c2);
CREATE UNIQUE INDEX i14 ON t1(c21);
CREATE UNIQUE INDEX i15 ON t1(c23);
CREATE UNIQUE INDEX i16 ON t1(c25);
CREATE UNIQUE INDEX i17 ON t1(c26);
INSTALL PLUGIN daemon_memcached SONAME 'daemon_memcached.so';
SELECT c1,c2,c21,c22,c23,c24,c25,c26,c27 FROM t1;
c1	c2	c21	c22	c23	c24	c25	c26	c27
D	Duesseldorf	City	98765	Hafen	1	A	a	Z
K	Koeln	West	76543	Rhein	3	C	c	X
O	Oldenburg	Mitte	87654	Deich	2	B	b	Y
S	Stuttgart	Nord	65432	Fernsehturm	4	D	d	U
SELECT SLEEP(2);
SLEEP(2)
0
Here the memcached results with D,O,K,S of DAEMON_MEMCACHED_PORT_0:
Duesseldorf|City|98765|Hafen|1|A|a|Z
Oldenburg|Mitte|87654|Deich|2|B|b|Y
Koeln|West|76543|Rhein|3|C|c|X
Stuttgart|Nord|65432|Fernsehturm|4|D|d|U
Here the memcached results with c1 of DAEMON_MEMCACHED_PORT_0:
Duesseldorf|City|98765|Hafen|1|A|a|Z
Oldenburg|Mitte|87654|Deich|2|B|b|Y
Koeln|West|76543|Rhein|3|C|c|X
Stuttgart|Nord|65432|Fernsehturm|4|D|d|U
Here the memcached results with c2 of DAEMON_MEMCACHED_PORT_2:
D|City
O|Mitte
K|West
S|Nord
Here the memcached results with c2 of DAEMON_MEMCACHED_PORT_1:
D|Duesseldorf
O|Oldenburg
K|Koeln
S|Stuttgart
Here the memcached results with c2,c21,c22 of DAEMON_MEMCACHED_PORT_3:
D|Hafen|98765
O|Deich|87654
K|Rhein|76543
S|Fernsehturm|65432
Here the memcached results with c2,c21,c22,c23 of DAEMON_MEMCACHED_PORT_4:
D|City|98765|1
O|Mitte|87654|2
K|West|76543|3
S|Nord|65432|4
Here the memcached results with c23,c24,c25,c26 of DAEMON_MEMCACHED_PORT_5:
Hafen|1|Z|D
Rhein|3|X|K
Fernsehturm|4|U|S
Deich|2|Y|O
Here the memcached results with c26 of DAEMON_MEMCACHED_PORT_6:
Koeln|K
Oldenburg|O
Duesseldorf|D
Stuttgart|S
SELECT c1,c2,c21,c22,c23,c24,c25,c26,c27 FROM t1;
c1	c2	c21	c22	c23	c24	c25	c26	c27
D	Duesseldorf	City	98765	Hafen	1	A	a	Z
K	Koeln	West	76543	Rhein	3	C	c	X
O	Oldenburg	Mitte	87654	Deich	2	B	b	Y
S	Stuttgart	Nord	65432	Fernsehturm	4	D	d	U
Here the memcached results after set in DAEMON_MEMCACHED_PORT_1:
E|Essen
SELECT c1,c2,c21,c22,c23,c24,c25,c26,c27 FROM t1;
c1	c2	c21	c22	c23	c24	c25	c26	c27
D	Duesseldorf	City	98765	Hafen	1	A	a	Z
E	Essen	NULL	NULL	NULL	NULL	NULL	NULL	NULL
K	Koeln	West	76543	Rhein	3	C	c	X
O	Oldenburg	Mitte	87654	Deich	2	B	b	Y
S	Stuttgart	Nord	65432	Fernsehturm	4	D	d	U
Here the memcached results after set in DAEMON_MEMCACHED_PORT_2:
E|Neustadt
SELECT c1,c2,c21,c22,c23,c24,c25,c26,c27 FROM t1;
c1	c2	c21	c22	c23	c24	c25	c26	c27
D	Duesseldorf	City	98765	Hafen	1	A	a	Z
E	Essen	Neustadt	NULL	NULL	NULL	NULL	NULL	NULL
K	Koeln	West	76543	Rhein	3	C	c	X
O	Oldenburg	Mitte	87654	Deich	2	B	b	Y
S	Stuttgart	Nord	65432	Fernsehturm	4	D	d	U
Here the memcached results after set in DAEMON_MEMCACHED_PORT_3:
SELECT c1,c2,c21,c22,c23,c24,c25,c26,c27 FROM t1;
c1	c2	c21	c22	c23	c24	c25	c26	c27
D	Duesseldorf	City	98765	Hafen	1	A	a	Z
E	Essen	Neustadt	NULL	NULL	NULL	NULL	NULL	NULL
K	Koeln	West	76543	Rhein	3	C	c	X
O	Oldenburg	Mitte	87654	Deich	2	B	b	Y
S	Stuttgart	Nord	65432	Fernsehturm	4	D	d	U
Here the memcached results after set in DAEMON_MEMCACHED_PORT_4:
SELECT c1,c2,c21,c22,c23,c24,c25,c26,c27 FROM t1;
c1	c2	c21	c22	c23	c24	c25	c26	c27
D	Duesseldorf	City	98765	Hafen	1	A	a	Z
E	Essen	Neustadt	NULL	NULL	NULL	NULL	NULL	NULL
K	Koeln	West	76543	Rhein	3	C	c	X
O	Oldenburg	Mitte	87654	Deich	2	B	b	Y
S	Stuttgart	Nord	65432	Fernsehturm	4	D	d	U
Here the memcached results after set in DAEMON_MEMCACHED_PORT_5:
SELECT c1,c2,c21,c22,c23,c24,c25,c26,c27 FROM t1;
c1	c2	c21	c22	c23	c24	c25	c26	c27
D	Duesseldorf	City	98765	Hafen	1	A	a	Z
E	Essen	Neustadt	NULL	NULL	NULL	NULL	NULL	NULL
K	Koeln	West	76543	Rhein	3	C	c	X
O	Oldenburg	Mitte	87654	Deich	2	B	b	Y
S	Stuttgart	Nord	65432	Fernsehturm	4	D	d	U
Here the memcached results after set in DAEMON_MEMCACHED_PORT_6:
SELECT c1,c2,c21,c22,c23,c24,c25,c26,c27 FROM t1;
c1	c2	c21	c22	c23	c24	c25	c26	c27
D	Duesseldorf	City	98765	Hafen	1	A	a	Z
E	Essen	Neustadt	NULL	NULL	NULL	NULL	NULL	NULL
K	Koeln	West	76543	Rhein	3	C	c	X
O	Oldenburg	Mitte	87654	Deich	2	B	b	Y
S	Stuttgart	Nord	65432	Fernsehturm	4	D	d	U
DROP TABLE t1;
UNINSTALL PLUGIN daemon_memcached;
DROP DATABASE daemon_memcached;
SET @@global.tx_isolation= @tx_isolation;
